event_id,learner_id,event_type,occurred_at
archive-event-00001,learner-001,activity_submitted,2026-09-01T12:00:00Z
archive-event-00002,learner-002,material_viewed,2026-09-02T12:00:00Z
archive-event-00003,learner-003,activity_submitted,2026-09-03T12:00:00Z
archive-event-00004,learner-004,material_viewed,2026-09-04T12:00:00Z
archive-event-00005,learner-005,activity_submitted,2026-09-05T12:00:00Z
archive-event-00006,learner-006,material_viewed,2026-09-06T12:00:00Z
archive-event-00007,learner-007,activity_submitted,2026-09-07T12:00:00Z
archive-event-00008,learner-008,material_viewed,2026-09-08T12:00:00Z
archive-event-00009,learner-009,activity_submitted,2026-09-09T12:00:00Z
archive-event-00010,learner-010,material_viewed,2026-09-10T12:00:00Z
archive-event-00011,learner-001,activity_submitted,2026-09-11T12:00:00Z
archive-event-00012,learner-002,material_viewed,2026-09-12T12:00:00Z
archive-event-00013,learner-003,activity_submitted,2026-09-13T12:00:00Z
archive-event-00014,learner-004,material_viewed,2026-09-14T12:00:00Z
archive-event-00015,learner-005,activity_submitted,2026-09-15T12:00:00Z
archive-event-00016,learner-006,material_viewed,2026-09-16T12:00:00Z
archive-event-00017,learner-007,activity_submitted,2026-09-17T12:00:00Z
archive-event-00018,learner-008,material_viewed,2026-09-18T12:00:00Z
archive-event-00019,learner-009,activity_submitted,2026-09-19T12:00:00Z
archive-event-00020,learner-010,material_viewed,2026-09-20T12:00:00Z
archive-event-00021,learner-001,activity_submitted,2026-09-21T12:00:00Z
archive-event-00022,learner-002,material_viewed,2026-09-22T12:00:00Z
archive-event-00023,learner-003,activity_submitted,2026-09-23T12:00:00Z
archive-event-00024,learner-004,material_viewed,2026-09-24T12:00:00Z
archive-event-00025,learner-005,activity_submitted,2026-09-25T12:00:00Z
archive-event-00026,learner-006,material_viewed,2026-09-26T12:00:00Z
archive-event-00027,learner-007,activity_submitted,2026-09-27T12:00:00Z
archive-event-00028,learner-008,material_viewed,2026-09-28T12:00:00Z
archive-event-00029,learner-009,activity_submitted,2026-09-01T12:00:00Z
archive-event-00030,learner-010,material_viewed,2026-09-02T12:00:00Z
archive-event-00031,learner-001,activity_submitted,2026-09-03T12:00:00Z
archive-event-00032,learner-002,material_viewed,2026-09-04T12:00:00Z
archive-event-00033,learner-003,activity_submitted,2026-09-05T12:00:00Z
archive-event-00034,learner-004,material_viewed,2026-09-06T12:00:00Z
archive-event-00035,learner-005,activity_submitted,2026-09-07T12:00:00Z
archive-event-00036,learner-006,material_viewed,2026-09-08T12:00:00Z
archive-event-00037,learner-007,activity_submitted,2026-09-09T12:00:00Z
archive-event-00038,learner-008,material_viewed,2026-09-10T12:00:00Z
archive-event-00039,learner-009,activity_submitted,2026-09-11T12:00:00Z
archive-event-00040,learner-010,material_viewed,2026-09-12T12:00:00Z
archive-event-00041,learner-001,activity_submitted,2026-09-13T12:00:00Z
archive-event-00042,learner-002,material_viewed,2026-09-14T12:00:00Z
archive-event-00043,learner-003,activity_submitted,2026-09-15T12:00:00Z
archive-event-00044,learner-004,material_viewed,2026-09-16T12:00:00Z
archive-event-00045,learner-005,activity_submitted,2026-09-17T12:00:00Z
archive-event-00046,learner-006,material_viewed,2026-09-18T12:00:00Z
archive-event-00047,learner-007,activity_submitted,2026-09-19T12:00:00Z
archive-event-00048,learner-008,material_viewed,2026-09-20T12:00:00Z
archive-event-00049,learner-009,activity_submitted,2026-09-21T12:00:00Z
archive-event-00050,learner-010,material_viewed,2026-09-22T12:00:00Z
archive-event-00051,learner-001,activity_submitted,2026-09-23T12:00:00Z
archive-event-00052,learner-002,material_viewed,2026-09-24T12:00:00Z
archive-event-00053,learner-003,activity_submitted,2026-09-25T12:00:00Z
archive-event-00054,learner-004,material_viewed,2026-09-26T12:00:00Z
archive-event-00055,learner-005,activity_submitted,2026-09-27T12:00:00Z
archive-event-00056,learner-006,material_viewed,2026-09-28T12:00:00Z
archive-event-00057,learner-007,activity_submitted,2026-09-01T12:00:00Z
archive-event-00058,learner-008,material_viewed,2026-09-02T12:00:00Z
archive-event-00059,learner-009,activity_submitted,2026-09-03T12:00:00Z
archive-event-00060,learner-010,material_viewed,2026-09-04T12:00:00Z
archive-event-00061,learner-001,activity_submitted,2026-09-05T12:00:00Z
archive-event-00062,learner-002,material_viewed,2026-09-06T12:00:00Z
archive-event-00063,learner-003,activity_submitted,2026-09-07T12:00:00Z
archive-event-00064,learner-004,material_viewed,2026-09-08T12:00:00Z
archive-event-00065,learner-005,activity_submitted,2026-09-09T12:00:00Z
archive-event-00066,learner-006,material_viewed,2026-09-10T12:00:00Z
archive-event-00067,learner-007,activity_submitted,2026-09-11T12:00:00Z
archive-event-00068,learner-008,material_viewed,2026-09-12T12:00:00Z
archive-event-00069,learner-009,activity_submitted,2026-09-13T12:00:00Z
archive-event-00070,learner-010,material_viewed,2026-09-14T12:00:00Z
archive-event-00071,learner-001,activity_submitted,2026-09-15T12:00:00Z
archive-event-00072,learner-002,material_viewed,2026-09-16T12:00:00Z
archive-event-00073,learner-003,activity_submitted,2026-09-17T12:00:00Z
archive-event-00074,learner-004,material_viewed,2026-09-18T12:00:00Z
archive-event-00075,learner-005,activity_submitted,2026-09-19T12:00:00Z
archive-event-00076,learner-006,material_viewed,2026-09-20T12:00:00Z
archive-event-00077,learner-007,activity_submitted,2026-09-21T12:00:00Z
archive-event-00078,learner-008,material_viewed,2026-09-22T12:00:00Z
archive-event-00079,learner-009,activity_submitted,2026-09-23T12:00:00Z
archive-event-00080,learner-010,material_viewed,2026-09-24T12:00:00Z
archive-event-00081,learner-001,activity_submitted,2026-09-25T12:00:00Z
archive-event-00082,learner-002,material_viewed,2026-09-26T12:00:00Z
archive-event-00083,learner-003,activity_submitted,2026-09-27T12:00:00Z
archive-event-00084,learner-004,material_viewed,2026-09-28T12:00:00Z
archive-event-00085,learner-005,activity_submitted,2026-09-01T12:00:00Z
archive-event-00086,learner-006,material_viewed,2026-09-02T12:00:00Z
archive-event-00087,learner-007,activity_submitted,2026-09-03T12:00:00Z
archive-event-00088,learner-008,material_viewed,2026-09-04T12:00:00Z
archive-event-00089,learner-009,activity_submitted,2026-09-05T12:00:00Z
archive-event-00090,learner-010,material_viewed,2026-09-06T12:00:00Z
archive-event-00091,learner-001,activity_submitted,2026-09-07T12:00:00Z
archive-event-00092,learner-002,material_viewed,2026-09-08T12:00:00Z
archive-event-00093,learner-003,activity_submitted,2026-09-09T12:00:00Z
archive-event-00094,learner-004,material_viewed,2026-09-10T12:00:00Z
archive-event-00095,learner-005,activity_submitted,2026-09-11T12:00:00Z
archive-event-00096,learner-006,material_viewed,2026-09-12T12:00:00Z
archive-event-00097,learner-007,activity_submitted,2026-09-13T12:00:00Z
archive-event-00098,learner-008,material_viewed,2026-09-14T12:00:00Z
archive-event-00099,learner-009,activity_submitted,2026-09-15T12:00:00Z
archive-event-00100,learner-010,material_viewed,2026-09-16T12:00:00Z
archive-event-00101,learner-001,activity_submitted,2026-09-17T12:00:00Z
archive-event-00102,learner-002,material_viewed,2026-09-18T12:00:00Z
archive-event-00103,learner-003,activity_submitted,2026-09-19T12:00:00Z
archive-event-00104,learner-004,material_viewed,2026-09-20T12:00:00Z
archive-event-00105,learner-005,activity_submitted,2026-09-21T12:00:00Z
archive-event-00106,learner-006,material_viewed,2026-09-22T12:00:00Z
archive-event-00107,learner-007,activity_submitted,2026-09-23T12:00:00Z
archive-event-00108,learner-008,material_viewed,2026-09-24T12:00:00Z
archive-event-00109,learner-009,activity_submitted,2026-09-25T12:00:00Z
archive-event-00110,learner-010,material_viewed,2026-09-26T12:00:00Z
archive-event-00111,learner-001,activity_submitted,2026-09-27T12:00:00Z
archive-event-00112,learner-002,material_viewed,2026-09-28T12:00:00Z
archive-event-00113,learner-003,activity_submitted,2026-09-01T12:00:00Z
archive-event-00114,learner-004,material_viewed,2026-09-02T12:00:00Z
archive-event-00115,learner-005,activity_submitted,2026-09-03T12:00:00Z
archive-event-00116,learner-006,material_viewed,2026-09-04T12:00:00Z
archive-event-00117,learner-007,activity_submitted,2026-09-05T12:00:00Z
archive-event-00118,learner-008,material_viewed,2026-09-06T12:00:00Z
archive-event-00119,learner-009,activity_submitted,2026-09-07T12:00:00Z
archive-event-00120,learner-010,material_viewed,2026-09-08T12:00:00Z
archive-event-00121,learner-001,activity_submitted,2026-09-09T12:00:00Z
archive-event-00122,learner-002,material_viewed,2026-09-10T12:00:00Z
archive-event-00123,learner-003,activity_submitted,2026-09-11T12:00:00Z
archive-event-00124,learner-004,material_viewed,2026-09-12T12:00:00Z
archive-event-00125,learner-005,activity_submitted,2026-09-13T12:00:00Z
archive-event-00126,learner-006,material_viewed,2026-09-14T12:00:00Z
archive-event-00127,learner-007,activity_submitted,2026-09-15T12:00:00Z
archive-event-00128,learner-008,material_viewed,2026-09-16T12:00:00Z
archive-event-00129,learner-009,activity_submitted,2026-09-17T12:00:00Z
archive-event-00130,learner-010,material_viewed,2026-09-18T12:00:00Z
archive-event-00131,learner-001,activity_submitted,2026-09-19T12:00:00Z
archive-event-00132,learner-002,material_viewed,2026-09-20T12:00:00Z
archive-event-00133,learner-003,activity_submitted,2026-09-21T12:00:00Z
archive-event-00134,learner-004,material_viewed,2026-09-22T12:00:00Z
archive-event-00135,learner-005,activity_submitted,2026-09-23T12:00:00Z
archive-event-00136,learner-006,material_viewed,2026-09-24T12:00:00Z
archive-event-00137,learner-007,activity_submitted,2026-09-25T12:00:00Z
archive-event-00138,learner-008,material_viewed,2026-09-26T12:00:00Z
archive-event-00139,learner-009,activity_submitted,2026-09-27T12:00:00Z
archive-event-00140,learner-010,material_viewed,2026-09-28T12:00:00Z
archive-event-00141,learner-001,activity_submitted,2026-09-01T12:00:00Z
archive-event-00142,learner-002,material_viewed,2026-09-02T12:00:00Z
archive-event-00143,learner-003,activity_submitted,2026-09-03T12:00:00Z
archive-event-00144,learner-004,material_viewed,2026-09-04T12:00:00Z
archive-event-00145,learner-005,activity_submitted,2026-09-05T12:00:00Z
archive-event-00146,learner-006,material_viewed,2026-09-06T12:00:00Z
archive-event-00147,learner-007,activity_submitted,2026-09-07T12:00:00Z
archive-event-00148,learner-008,material_viewed,2026-09-08T12:00:00Z
archive-event-00149,learner-009,activity_submitted,2026-09-09T12:00:00Z
archive-event-00150,learner-010,material_viewed,2026-09-10T12:00:00Z
archive-event-00151,learner-001,activity_submitted,2026-09-11T12:00:00Z
archive-event-00152,learner-002,material_viewed,2026-09-12T12:00:00Z
archive-event-00153,learner-003,activity_submitted,2026-09-13T12:00:00Z
archive-event-00154,learner-004,material_viewed,2026-09-14T12:00:00Z
archive-event-00155,learner-005,activity_submitted,2026-09-15T12:00:00Z
archive-event-00156,learner-006,material_viewed,2026-09-16T12:00:00Z
archive-event-00157,learner-007,activity_submitted,2026-09-17T12:00:00Z
archive-event-00158,learner-008,material_viewed,2026-09-18T12:00:00Z
archive-event-00159,learner-009,activity_submitted,2026-09-19T12:00:00Z
archive-event-00160,learner-010,material_viewed,2026-09-20T12:00:00Z
archive-event-00161,learner-001,activity_submitted,2026-09-21T12:00:00Z
archive-event-00162,learner-002,material_viewed,2026-09-22T12:00:00Z
archive-event-00163,learner-003,activity_submitted,2026-09-23T12:00:00Z
archive-event-00164,learner-004,material_viewed,2026-09-24T12:00:00Z
archive-event-00165,learner-005,activity_submitted,2026-09-25T12:00:00Z
archive-event-00166,learner-006,material_viewed,2026-09-26T12:00:00Z
archive-event-00167,learner-007,activity_submitted,2026-09-27T12:00:00Z
archive-event-00168,learner-008,material_viewed,2026-09-28T12:00:00Z
archive-event-00169,learner-009,activity_submitted,2026-09-01T12:00:00Z
archive-event-00170,learner-010,material_viewed,2026-09-02T12:00:00Z
archive-event-00171,learner-001,activity_submitted,2026-09-03T12:00:00Z
archive-event-00172,learner-002,material_viewed,2026-09-04T12:00:00Z
archive-event-00173,learner-003,activity_submitted,2026-09-05T12:00:00Z
archive-event-00174,learner-004,material_viewed,2026-09-06T12:00:00Z
archive-event-00175,learner-005,activity_submitted,2026-09-07T12:00:00Z
archive-event-00176,learner-006,material_viewed,2026-09-08T12:00:00Z
archive-event-00177,learner-007,activity_submitted,2026-09-09T12:00:00Z
archive-event-00178,learner-008,material_viewed,2026-09-10T12:00:00Z
archive-event-00179,learner-009,activity_submitted,2026-09-11T12:00:00Z
archive-event-00180,learner-010,material_viewed,2026-09-12T12:00:00Z
archive-event-00181,learner-001,activity_submitted,2026-09-13T12:00:00Z
archive-event-00182,learner-002,material_viewed,2026-09-14T12:00:00Z
archive-event-00183,learner-003,activity_submitted,2026-09-15T12:00:00Z
archive-event-00184,learner-004,material_viewed,2026-09-16T12:00:00Z
archive-event-00185,learner-005,activity_submitted,2026-09-17T12:00:00Z
archive-event-00186,learner-006,material_viewed,2026-09-18T12:00:00Z
archive-event-00187,learner-007,activity_submitted,2026-09-19T12:00:00Z
archive-event-00188,learner-008,material_viewed,2026-09-20T12:00:00Z
archive-event-00189,learner-009,activity_submitted,2026-09-21T12:00:00Z
archive-event-00190,learner-010,material_viewed,2026-09-22T12:00:00Z
archive-event-00191,learner-001,activity_submitted,2026-09-23T12:00:00Z
archive-event-00192,learner-002,material_viewed,2026-09-24T12:00:00Z
archive-event-00193,learner-003,activity_submitted,2026-09-25T12:00:00Z
archive-event-00194,learner-004,material_viewed,2026-09-26T12:00:00Z
archive-event-00195,learner-005,activity_submitted,2026-09-27T12:00:00Z
archive-event-00196,learner-006,material_viewed,2026-09-28T12:00:00Z
archive-event-00197,learner-007,activity_submitted,2026-09-01T12:00:00Z
archive-event-00198,learner-008,material_viewed,2026-09-02T12:00:00Z
archive-event-00199,learner-009,activity_submitted,2026-09-03T12:00:00Z
archive-event-00200,learner-010,material_viewed,2026-09-04T12:00:00Z
archive-event-00201,learner-001,activity_submitted,2026-09-05T12:00:00Z
archive-event-00202,learner-002,material_viewed,2026-09-06T12:00:00Z
archive-event-00203,learner-003,activity_submitted,2026-09-07T12:00:00Z
archive-event-00204,learner-004,material_viewed,2026-09-08T12:00:00Z
archive-event-00205,learner-005,activity_submitted,2026-09-09T12:00:00Z
archive-event-00206,learner-006,material_viewed,2026-09-10T12:00:00Z
archive-event-00207,learner-007,activity_submitted,2026-09-11T12:00:00Z
archive-event-00208,learner-008,material_viewed,2026-09-12T12:00:00Z
archive-event-00209,learner-009,activity_submitted,2026-09-13T12:00:00Z
archive-event-00210,learner-010,material_viewed,2026-09-14T12:00:00Z
archive-event-00211,learner-001,activity_submitted,2026-09-15T12:00:00Z
archive-event-00212,learner-002,material_viewed,2026-09-16T12:00:00Z
archive-event-00213,learner-003,activity_submitted,2026-09-17T12:00:00Z
archive-event-00214,learner-004,material_viewed,2026-09-18T12:00:00Z
archive-event-00215,learner-005,activity_submitted,2026-09-19T12:00:00Z
archive-event-00216,learner-006,material_viewed,2026-09-20T12:00:00Z
archive-event-00217,learner-007,activity_submitted,2026-09-21T12:00:00Z
archive-event-00218,learner-008,material_viewed,2026-09-22T12:00:00Z
archive-event-00219,learner-009,activity_submitted,2026-09-23T12:00:00Z
archive-event-00220,learner-010,material_viewed,2026-09-24T12:00:00Z
archive-event-00221,learner-001,activity_submitted,2026-09-25T12:00:00Z
archive-event-00222,learner-002,material_viewed,2026-09-26T12:00:00Z
archive-event-00223,learner-003,activity_submitted,2026-09-27T12:00:00Z
archive-event-00224,learner-004,material_viewed,2026-09-28T12:00:00Z
archive-event-00225,learner-005,activity_submitted,2026-09-01T12:00:00Z
archive-event-00226,learner-006,material_viewed,2026-09-02T12:00:00Z
archive-event-00227,learner-007,activity_submitted,2026-09-03T12:00:00Z
archive-event-00228,learner-008,material_viewed,2026-09-04T12:00:00Z
archive-event-00229,learner-009,activity_submitted,2026-09-05T12:00:00Z
archive-event-00230,learner-010,material_viewed,2026-09-06T12:00:00Z
archive-event-00231,learner-001,activity_submitted,2026-09-07T12:00:00Z
archive-event-00232,learner-002,material_viewed,2026-09-08T12:00:00Z
archive-event-00233,learner-003,activity_submitted,2026-09-09T12:00:00Z
archive-event-00234,learner-004,material_viewed,2026-09-10T12:00:00Z
archive-event-00235,learner-005,activity_submitted,2026-09-11T12:00:00Z
archive-event-00236,learner-006,material_viewed,2026-09-12T12:00:00Z
archive-event-00237,learner-007,activity_submitted,2026-09-13T12:00:00Z
archive-event-00238,learner-008,material_viewed,2026-09-14T12:00:00Z
archive-event-00239,learner-009,activity_submitted,2026-09-15T12:00:00Z
archive-event-00240,learner-010,material_viewed,2026-09-16T12:00:00Z
archive-event-00241,learner-001,activity_submitted,2026-09-17T12:00:00Z
archive-event-00242,learner-002,material_viewed,2026-09-18T12:00:00Z
archive-event-00243,learner-003,activity_submitted,2026-09-19T12:00:00Z
archive-event-00244,learner-004,material_viewed,2026-09-20T12:00:00Z
archive-event-00245,learner-005,activity_submitted,2026-09-21T12:00:00Z
archive-event-00246,learner-006,material_viewed,2026-09-22T12:00:00Z
archive-event-00247,learner-007,activity_submitted,2026-09-23T12:00:00Z
archive-event-00248,learner-008,material_viewed,2026-09-24T12:00:00Z
archive-event-00249,learner-009,activity_submitted,2026-09-25T12:00:00Z
archive-event-00250,learner-010,material_viewed,2026-09-26T12:00:00Z
archive-event-00251,learner-001,activity_submitted,2026-09-27T12:00:00Z
archive-event-00252,learner-002,material_viewed,2026-09-28T12:00:00Z
archive-event-00253,learner-003,activity_submitted,2026-09-01T12:00:00Z
archive-event-00254,learner-004,material_viewed,2026-09-02T12:00:00Z
archive-event-00255,learner-005,activity_submitted,2026-09-03T12:00:00Z
archive-event-00256,learner-006,material_viewed,2026-09-04T12:00:00Z
archive-event-00257,learner-007,activity_submitted,2026-09-05T12:00:00Z
archive-event-00258,learner-008,material_viewed,2026-09-06T12:00:00Z
archive-event-00259,learner-009,activity_submitted,2026-09-07T12:00:00Z
archive-event-00260,learner-010,material_viewed,2026-09-08T12:00:00Z
archive-event-00261,learner-001,activity_submitted,2026-09-09T12:00:00Z
archive-event-00262,learner-002,material_viewed,2026-09-10T12:00:00Z
archive-event-00263,learner-003,activity_submitted,2026-09-11T12:00:00Z
archive-event-00264,learner-004,material_viewed,2026-09-12T12:00:00Z
archive-event-00265,learner-005,activity_submitted,2026-09-13T12:00:00Z
archive-event-00266,learner-006,material_viewed,2026-09-14T12:00:00Z
archive-event-00267,learner-007,activity_submitted,2026-09-15T12:00:00Z
archive-event-00268,learner-008,material_viewed,2026-09-16T12:00:00Z
archive-event-00269,learner-009,activity_submitted,2026-09-17T12:00:00Z
archive-event-00270,learner-010,material_viewed,2026-09-18T12:00:00Z
archive-event-00271,learner-001,activity_submitted,2026-09-19T12:00:00Z
archive-event-00272,learner-002,material_viewed,2026-09-20T12:00:00Z
archive-event-00273,learner-003,activity_submitted,2026-09-21T12:00:00Z
archive-event-00274,learner-004,material_viewed,2026-09-22T12:00:00Z
archive-event-00275,learner-005,activity_submitted,2026-09-23T12:00:00Z
archive-event-00276,learner-006,material_viewed,2026-09-24T12:00:00Z
archive-event-00277,learner-007,activity_submitted,2026-09-25T12:00:00Z
archive-event-00278,learner-008,material_viewed,2026-09-26T12:00:00Z
archive-event-00279,learner-009,activity_submitted,2026-09-27T12:00:00Z
archive-event-00280,learner-010,material_viewed,2026-09-28T12:00:00Z
archive-event-00281,learner-001,activity_submitted,2026-09-01T12:00:00Z
archive-event-00282,learner-002,material_viewed,2026-09-02T12:00:00Z
archive-event-00283,learner-003,activity_submitted,2026-09-03T12:00:00Z
archive-event-00284,learner-004,material_viewed,2026-09-04T12:00:00Z
archive-event-00285,learner-005,activity_submitted,2026-09-05T12:00:00Z
archive-event-00286,learner-006,material_viewed,2026-09-06T12:00:00Z
archive-event-00287,learner-007,activity_submitted,2026-09-07T12:00:00Z
archive-event-00288,learner-008,material_viewed,2026-09-08T12:00:00Z
archive-event-00289,learner-009,activity_submitted,2026-09-09T12:00:00Z
archive-event-00290,learner-010,material_viewed,2026-09-10T12:00:00Z
archive-event-00291,learner-001,activity_submitted,2026-09-11T12:00:00Z
archive-event-00292,learner-002,material_viewed,2026-09-12T12:00:00Z
archive-event-00293,learner-003,activity_submitted,2026-09-13T12:00:00Z
archive-event-00294,learner-004,material_viewed,2026-09-14T12:00:00Z
archive-event-00295,learner-005,activity_submitted,2026-09-15T12:00:00Z
archive-event-00296,learner-006,material_viewed,2026-09-16T12:00:00Z
archive-event-00297,learner-007,activity_submitted,2026-09-17T12:00:00Z
archive-event-00298,learner-008,material_viewed,2026-09-18T12:00:00Z
archive-event-00299,learner-009,activity_submitted,2026-09-19T12:00:00Z
archive-event-00300,learner-010,material_viewed,2026-09-20T12:00:00Z
archive-event-00301,learner-001,activity_submitted,2026-09-21T12:00:00Z
archive-event-00302,learner-002,material_viewed,2026-09-22T12:00:00Z
archive-event-00303,learner-003,activity_submitted,2026-09-23T12:00:00Z
archive-event-00304,learner-004,material_viewed,2026-09-24T12:00:00Z
archive-event-00305,learner-005,activity_submitted,2026-09-25T12:00:00Z
archive-event-00306,learner-006,material_viewed,2026-09-26T12:00:00Z
archive-event-00307,learner-007,activity_submitted,2026-09-27T12:00:00Z
archive-event-00308,learner-008,material_viewed,2026-09-28T12:00:00Z
archive-event-00309,learner-009,activity_submitted,2026-09-01T12:00:00Z
archive-event-00310,learner-010,material_viewed,2026-09-02T12:00:00Z
archive-event-00311,learner-001,activity_submitted,2026-09-03T12:00:00Z
archive-event-00312,learner-002,material_viewed,2026-09-04T12:00:00Z
archive-event-00313,learner-003,activity_submitted,2026-09-05T12:00:00Z
archive-event-00314,learner-004,material_viewed,2026-09-06T12:00:00Z
archive-event-00315,learner-005,activity_submitted,2026-09-07T12:00:00Z
archive-event-00316,learner-006,material_viewed,2026-09-08T12:00:00Z
archive-event-00317,learner-007,activity_submitted,2026-09-09T12:00:00Z
archive-event-00318,learner-008,material_viewed,2026-09-10T12:00:00Z
archive-event-00319,learner-009,activity_submitted,2026-09-11T12:00:00Z
archive-event-00320,learner-010,material_viewed,2026-09-12T12:00:00Z
archive-event-00321,learner-001,activity_submitted,2026-09-13T12:00:00Z
archive-event-00322,learner-002,material_viewed,2026-09-14T12:00:00Z
archive-event-00323,learner-003,activity_submitted,2026-09-15T12:00:00Z
archive-event-00324,learner-004,material_viewed,2026-09-16T12:00:00Z
archive-event-00325,learner-005,activity_submitted,2026-09-17T12:00:00Z
archive-event-00326,learner-006,material_viewed,2026-09-18T12:00:00Z
archive-event-00327,learner-007,activity_submitted,2026-09-19T12:00:00Z
archive-event-00328,learner-008,material_viewed,2026-09-20T12:00:00Z
archive-event-00329,learner-009,activity_submitted,2026-09-21T12:00:00Z
archive-event-00330,learner-010,material_viewed,2026-09-22T12:00:00Z
archive-event-00331,learner-001,activity_submitted,2026-09-23T12:00:00Z
archive-event-00332,learner-002,material_viewed,2026-09-24T12:00:00Z
archive-event-00333,learner-003,activity_submitted,2026-09-25T12:00:00Z
archive-event-00334,learner-004,material_viewed,2026-09-26T12:00:00Z
archive-event-00335,learner-005,activity_submitted,2026-09-27T12:00:00Z
archive-event-00336,learner-006,material_viewed,2026-09-28T12:00:00Z
archive-event-00337,learner-007,activity_submitted,2026-09-01T12:00:00Z
archive-event-00338,learner-008,material_viewed,2026-09-02T12:00:00Z
archive-event-00339,learner-009,activity_submitted,2026-09-03T12:00:00Z
archive-event-00340,learner-010,material_viewed,2026-09-04T12:00:00Z
archive-event-00341,learner-001,activity_submitted,2026-09-05T12:00:00Z
archive-event-00342,learner-002,material_viewed,2026-09-06T12:00:00Z
archive-event-00343,learner-003,activity_submitted,2026-09-07T12:00:00Z
archive-event-00344,learner-004,material_viewed,2026-09-08T12:00:00Z
archive-event-00345,learner-005,activity_submitted,2026-09-09T12:00:00Z
archive-event-00346,learner-006,material_viewed,2026-09-10T12:00:00Z
archive-event-00347,learner-007,activity_submitted,2026-09-11T12:00:00Z
archive-event-00348,learner-008,material_viewed,2026-09-12T12:00:00Z
archive-event-00349,learner-009,activity_submitted,2026-09-13T12:00:00Z
archive-event-00350,learner-010,material_viewed,2026-09-14T12:00:00Z
archive-event-00351,learner-001,activity_submitted,2026-09-15T12:00:00Z
archive-event-00352,learner-002,material_viewed,2026-09-16T12:00:00Z
archive-event-00353,learner-003,activity_submitted,2026-09-17T12:00:00Z
archive-event-00354,learner-004,material_viewed,2026-09-18T12:00:00Z
archive-event-00355,learner-005,activity_submitted,2026-09-19T12:00:00Z
archive-event-00356,learner-006,material_viewed,2026-09-20T12:00:00Z
archive-event-00357,learner-007,activity_submitted,2026-09-21T12:00:00Z
archive-event-00358,learner-008,material_viewed,2026-09-22T12:00:00Z
archive-event-00359,learner-009,activity_submitted,2026-09-23T12:00:00Z
archive-event-00360,learner-010,material_viewed,2026-09-24T12:00:00Z
archive-event-00361,learner-001,activity_submitted,2026-09-25T12:00:00Z
archive-event-00362,learner-002,material_viewed,2026-09-26T12:00:00Z
archive-event-00363,learner-003,activity_submitted,2026-09-27T12:00:00Z
archive-event-00364,learner-004,material_viewed,2026-09-28T12:00:00Z
archive-event-00365,learner-005,activity_submitted,2026-09-01T12:00:00Z
archive-event-00366,learner-006,material_viewed,2026-09-02T12:00:00Z
archive-event-00367,learner-007,activity_submitted,2026-09-03T12:00:00Z
archive-event-00368,learner-008,material_viewed,2026-09-04T12:00:00Z
archive-event-00369,learner-009,activity_submitted,2026-09-05T12:00:00Z
archive-event-00370,learner-010,material_viewed,2026-09-06T12:00:00Z
archive-event-00371,learner-001,activity_submitted,2026-09-07T12:00:00Z
archive-event-00372,learner-002,material_viewed,2026-09-08T12:00:00Z
archive-event-00373,learner-003,activity_submitted,2026-09-09T12:00:00Z
archive-event-00374,learner-004,material_viewed,2026-09-10T12:00:00Z
archive-event-00375,learner-005,activity_submitted,2026-09-11T12:00:00Z
archive-event-00376,learner-006,material_viewed,2026-09-12T12:00:00Z
archive-event-00377,learner-007,activity_submitted,2026-09-13T12:00:00Z
archive-event-00378,learner-008,material_viewed,2026-09-14T12:00:00Z
archive-event-00379,learner-009,activity_submitted,2026-09-15T12:00:00Z
archive-event-00380,learner-010,material_viewed,2026-09-16T12:00:00Z
archive-event-00381,learner-001,activity_submitted,2026-09-17T12:00:00Z
archive-event-00382,learner-002,material_viewed,2026-09-18T12:00:00Z
archive-event-00383,learner-003,activity_submitted,2026-09-19T12:00:00Z
archive-event-00384,learner-004,material_viewed,2026-09-20T12:00:00Z
archive-event-00385,learner-005,activity_submitted,2026-09-21T12:00:00Z
archive-event-00386,learner-006,material_viewed,2026-09-22T12:00:00Z
archive-event-00387,learner-007,activity_submitted,2026-09-23T12:00:00Z
archive-event-00388,learner-008,material_viewed,2026-09-24T12:00:00Z
archive-event-00389,learner-009,activity_submitted,2026-09-25T12:00:00Z
archive-event-00390,learner-010,material_viewed,2026-09-26T12:00:00Z
archive-event-00391,learner-001,activity_submitted,2026-09-27T12:00:00Z
archive-event-00392,learner-002,material_viewed,2026-09-28T12:00:00Z
archive-event-00393,learner-003,activity_submitted,2026-09-01T12:00:00Z
archive-event-00394,learner-004,material_viewed,2026-09-02T12:00:00Z
archive-event-00395,learner-005,activity_submitted,2026-09-03T12:00:00Z
archive-event-00396,learner-006,material_viewed,2026-09-04T12:00:00Z
archive-event-00397,learner-007,activity_submitted,2026-09-05T12:00:00Z
archive-event-00398,learner-008,material_viewed,2026-09-06T12:00:00Z
archive-event-00399,learner-009,activity_submitted,2026-09-07T12:00:00Z
archive-event-00400,learner-010,material_viewed,2026-09-08T12:00:00Z
archive-event-00401,learner-001,activity_submitted,2026-09-09T12:00:00Z
archive-event-00402,learner-002,material_viewed,2026-09-10T12:00:00Z
archive-event-00403,learner-003,activity_submitted,2026-09-11T12:00:00Z
archive-event-00404,learner-004,material_viewed,2026-09-12T12:00:00Z
archive-event-00405,learner-005,activity_submitted,2026-09-13T12:00:00Z
archive-event-00406,learner-006,material_viewed,2026-09-14T12:00:00Z
archive-event-00407,learner-007,activity_submitted,2026-09-15T12:00:00Z
archive-event-00408,learner-008,material_viewed,2026-09-16T12:00:00Z
archive-event-00409,learner-009,activity_submitted,2026-09-17T12:00:00Z
archive-event-00410,learner-010,material_viewed,2026-09-18T12:00:00Z
archive-event-00411,learner-001,activity_submitted,2026-09-19T12:00:00Z
archive-event-00412,learner-002,material_viewed,2026-09-20T12:00:00Z
archive-event-00413,learner-003,activity_submitted,2026-09-21T12:00:00Z
archive-event-00414,learner-004,material_viewed,2026-09-22T12:00:00Z
archive-event-00415,learner-005,activity_submitted,2026-09-23T12:00:00Z
archive-event-00416,learner-006,material_viewed,2026-09-24T12:00:00Z
archive-event-00417,learner-007,activity_submitted,2026-09-25T12:00:00Z
archive-event-00418,learner-008,material_viewed,2026-09-26T12:00:00Z
archive-event-00419,learner-009,activity_submitted,2026-09-27T12:00:00Z
archive-event-00420,learner-010,material_viewed,2026-09-28T12:00:00Z
archive-event-00421,learner-001,activity_submitted,2026-09-01T12:00:00Z
archive-event-00422,learner-002,material_viewed,2026-09-02T12:00:00Z
archive-event-00423,learner-003,activity_submitted,2026-09-03T12:00:00Z
archive-event-00424,learner-004,material_viewed,2026-09-04T12:00:00Z
archive-event-00425,learner-005,activity_submitted,2026-09-05T12:00:00Z
archive-event-00426,learner-006,material_viewed,2026-09-06T12:00:00Z
archive-event-00427,learner-007,activity_submitted,2026-09-07T12:00:00Z
archive-event-00428,learner-008,material_viewed,2026-09-08T12:00:00Z
archive-event-00429,learner-009,activity_submitted,2026-09-09T12:00:00Z
archive-event-00430,learner-010,material_viewed,2026-09-10T12:00:00Z
archive-event-00431,learner-001,activity_submitted,2026-09-11T12:00:00Z
archive-event-00432,learner-002,material_viewed,2026-09-12T12:00:00Z
archive-event-00433,learner-003,activity_submitted,2026-09-13T12:00:00Z
archive-event-00434,learner-004,material_viewed,2026-09-14T12:00:00Z
archive-event-00435,learner-005,activity_submitted,2026-09-15T12:00:00Z
archive-event-00436,learner-006,material_viewed,2026-09-16T12:00:00Z
archive-event-00437,learner-007,activity_submitted,2026-09-17T12:00:00Z
archive-event-00438,learner-008,material_viewed,2026-09-18T12:00:00Z
archive-event-00439,learner-009,activity_submitted,2026-09-19T12:00:00Z
archive-event-00440,learner-010,material_viewed,2026-09-20T12:00:00Z
archive-event-00441,learner-001,activity_submitted,2026-09-21T12:00:00Z
archive-event-00442,learner-002,material_viewed,2026-09-22T12:00:00Z
archive-event-00443,learner-003,activity_submitted,2026-09-23T12:00:00Z
archive-event-00444,learner-004,material_viewed,2026-09-24T12:00:00Z
archive-event-00445,learner-005,activity_submitted,2026-09-25T12:00:00Z
archive-event-00446,learner-006,material_viewed,2026-09-26T12:00:00Z
archive-event-00447,learner-007,activity_submitted,2026-09-27T12:00:00Z
archive-event-00448,learner-008,material_viewed,2026-09-28T12:00:00Z
archive-event-00449,learner-009,activity_submitted,2026-09-01T12:00:00Z
archive-event-00450,learner-010,material_viewed,2026-09-02T12:00:00Z
archive-event-00451,learner-001,activity_submitted,2026-09-03T12:00:00Z
archive-event-00452,learner-002,material_viewed,2026-09-04T12:00:00Z
archive-event-00453,learner-003,activity_submitted,2026-09-05T12:00:00Z
archive-event-00454,learner-004,material_viewed,2026-09-06T12:00:00Z
archive-event-00455,learner-005,activity_submitted,2026-09-07T12:00:00Z
archive-event-00456,learner-006,material_viewed,2026-09-08T12:00:00Z
archive-event-00457,learner-007,activity_submitted,2026-09-09T12:00:00Z
archive-event-00458,learner-008,material_viewed,2026-09-10T12:00:00Z
archive-event-00459,learner-009,activity_submitted,2026-09-11T12:00:00Z
archive-event-00460,learner-010,material_viewed,2026-09-12T12:00:00Z
archive-event-00461,learner-001,activity_submitted,2026-09-13T12:00:00Z
archive-event-00462,learner-002,material_viewed,2026-09-14T12:00:00Z
archive-event-00463,learner-003,activity_submitted,2026-09-15T12:00:00Z
archive-event-00464,learner-004,material_viewed,2026-09-16T12:00:00Z
archive-event-00465,learner-005,activity_submitted,2026-09-17T12:00:00Z
archive-event-00466,learner-006,material_viewed,2026-09-18T12:00:00Z
archive-event-00467,learner-007,activity_submitted,2026-09-19T12:00:00Z
archive-event-00468,learner-008,material_viewed,2026-09-20T12:00:00Z
archive-event-00469,learner-009,activity_submitted,2026-09-21T12:00:00Z
archive-event-00470,learner-010,material_viewed,2026-09-22T12:00:00Z
archive-event-00471,learner-001,activity_submitted,2026-09-23T12:00:00Z
archive-event-00472,learner-002,material_viewed,2026-09-24T12:00:00Z
archive-event-00473,learner-003,activity_submitted,2026-09-25T12:00:00Z
archive-event-00474,learner-004,material_viewed,2026-09-26T12:00:00Z
archive-event-00475,learner-005,activity_submitted,2026-09-27T12:00:00Z
archive-event-00476,learner-006,material_viewed,2026-09-28T12:00:00Z
archive-event-00477,learner-007,activity_submitted,2026-09-01T12:00:00Z
archive-event-00478,learner-008,material_viewed,2026-09-02T12:00:00Z
archive-event-00479,learner-009,activity_submitted,2026-09-03T12:00:00Z
archive-event-00480,learner-010,material_viewed,2026-09-04T12:00:00Z
archive-event-00481,learner-001,activity_submitted,2026-09-05T12:00:00Z
archive-event-00482,learner-002,material_viewed,2026-09-06T12:00:00Z
archive-event-00483,learner-003,activity_submitted,2026-09-07T12:00:00Z
archive-event-00484,learner-004,material_viewed,2026-09-08T12:00:00Z
archive-event-00485,learner-005,activity_submitted,2026-09-09T12:00:00Z
archive-event-00486,learner-006,material_viewed,2026-09-10T12:00:00Z
archive-event-00487,learner-007,activity_submitted,2026-09-11T12:00:00Z
archive-event-00488,learner-008,material_viewed,2026-09-12T12:00:00Z
archive-event-00489,learner-009,activity_submitted,2026-09-13T12:00:00Z
archive-event-00490,learner-010,material_viewed,2026-09-14T12:00:00Z
archive-event-00491,learner-001,activity_submitted,2026-09-15T12:00:00Z
archive-event-00492,learner-002,material_viewed,2026-09-16T12:00:00Z
archive-event-00493,learner-003,activity_submitted,2026-09-17T12:00:00Z
archive-event-00494,learner-004,material_viewed,2026-09-18T12:00:00Z
archive-event-00495,learner-005,activity_submitted,2026-09-19T12:00:00Z
archive-event-00496,learner-006,material_viewed,2026-09-20T12:00:00Z
archive-event-00497,learner-007,activity_submitted,2026-09-21T12:00:00Z
archive-event-00498,learner-008,material_viewed,2026-09-22T12:00:00Z
archive-event-00499,learner-009,activity_submitted,2026-09-23T12:00:00Z
archive-event-00500,learner-010,material_viewed,2026-09-24T12:00:00Z
archive-event-00501,learner-001,activity_submitted,2026-09-25T12:00:00Z
archive-event-00502,learner-002,material_viewed,2026-09-26T12:00:00Z
archive-event-00503,learner-003,activity_submitted,2026-09-27T12:00:00Z
archive-event-00504,learner-004,material_viewed,2026-09-28T12:00:00Z
archive-event-00505,learner-005,activity_submitted,2026-09-01T12:00:00Z
archive-event-00506,learner-006,material_viewed,2026-09-02T12:00:00Z
archive-event-00507,learner-007,activity_submitted,2026-09-03T12:00:00Z
archive-event-00508,learner-008,material_viewed,2026-09-04T12:00:00Z
archive-event-00509,learner-009,activity_submitted,2026-09-05T12:00:00Z
archive-event-00510,learner-010,material_viewed,2026-09-06T12:00:00Z
archive-event-00511,learner-001,activity_submitted,2026-09-07T12:00:00Z
archive-event-00512,learner-002,material_viewed,2026-09-08T12:00:00Z
archive-event-00513,learner-003,activity_submitted,2026-09-09T12:00:00Z
archive-event-00514,learner-004,material_viewed,2026-09-10T12:00:00Z
archive-event-00515,learner-005,activity_submitted,2026-09-11T12:00:00Z
archive-event-00516,learner-006,material_viewed,2026-09-12T12:00:00Z
archive-event-00517,learner-007,activity_submitted,2026-09-13T12:00:00Z
archive-event-00518,learner-008,material_viewed,2026-09-14T12:00:00Z
archive-event-00519,learner-009,activity_submitted,2026-09-15T12:00:00Z
archive-event-00520,learner-010,material_viewed,2026-09-16T12:00:00Z
archive-event-00521,learner-001,activity_submitted,2026-09-17T12:00:00Z
archive-event-00522,learner-002,material_viewed,2026-09-18T12:00:00Z
archive-event-00523,learner-003,activity_submitted,2026-09-19T12:00:00Z
archive-event-00524,learner-004,material_viewed,2026-09-20T12:00:00Z
archive-event-00525,learner-005,activity_submitted,2026-09-21T12:00:00Z
archive-event-00526,learner-006,material_viewed,2026-09-22T12:00:00Z
archive-event-00527,learner-007,activity_submitted,2026-09-23T12:00:00Z
archive-event-00528,learner-008,material_viewed,2026-09-24T12:00:00Z
archive-event-00529,learner-009,activity_submitted,2026-09-25T12:00:00Z
archive-event-00530,learner-010,material_viewed,2026-09-26T12:00:00Z
archive-event-00531,learner-001,activity_submitted,2026-09-27T12:00:00Z
archive-event-00532,learner-002,material_viewed,2026-09-28T12:00:00Z
archive-event-00533,learner-003,activity_submitted,2026-09-01T12:00:00Z
archive-event-00534,learner-004,material_viewed,2026-09-02T12:00:00Z
archive-event-00535,learner-005,activity_submitted,2026-09-03T12:00:00Z
archive-event-00536,learner-006,material_viewed,2026-09-04T12:00:00Z
archive-event-00537,learner-007,activity_submitted,2026-09-05T12:00:00Z
archive-event-00538,learner-008,material_viewed,2026-09-06T12:00:00Z
archive-event-00539,learner-009,activity_submitted,2026-09-07T12:00:00Z
archive-event-00540,learner-010,material_viewed,2026-09-08T12:00:00Z
archive-event-00541,learner-001,activity_submitted,2026-09-09T12:00:00Z
archive-event-00542,learner-002,material_viewed,2026-09-10T12:00:00Z
archive-event-00543,learner-003,activity_submitted,2026-09-11T12:00:00Z
archive-event-00544,learner-004,material_viewed,2026-09-12T12:00:00Z
archive-event-00545,learner-005,activity_submitted,2026-09-13T12:00:00Z
archive-event-00546,learner-006,material_viewed,2026-09-14T12:00:00Z
archive-event-00547,learner-007,activity_submitted,2026-09-15T12:00:00Z
archive-event-00548,learner-008,material_viewed,2026-09-16T12:00:00Z
archive-event-00549,learner-009,activity_submitted,2026-09-17T12:00:00Z
archive-event-00550,learner-010,material_viewed,2026-09-18T12:00:00Z
archive-event-00551,learner-001,activity_submitted,2026-09-19T12:00:00Z
archive-event-00552,learner-002,material_viewed,2026-09-20T12:00:00Z
archive-event-00553,learner-003,activity_submitted,2026-09-21T12:00:00Z
archive-event-00554,learner-004,material_viewed,2026-09-22T12:00:00Z
archive-event-00555,learner-005,activity_submitted,2026-09-23T12:00:00Z
archive-event-00556,learner-006,material_viewed,2026-09-24T12:00:00Z
archive-event-00557,learner-007,activity_submitted,2026-09-25T12:00:00Z
archive-event-00558,learner-008,material_viewed,2026-09-26T12:00:00Z
archive-event-00559,learner-009,activity_submitted,2026-09-27T12:00:00Z
archive-event-00560,learner-010,material_viewed,2026-09-28T12:00:00Z
archive-event-00561,learner-001,activity_submitted,2026-09-01T12:00:00Z
archive-event-00562,learner-002,material_viewed,2026-09-02T12:00:00Z
archive-event-00563,learner-003,activity_submitted,2026-09-03T12:00:00Z
archive-event-00564,learner-004,material_viewed,2026-09-04T12:00:00Z
archive-event-00565,learner-005,activity_submitted,2026-09-05T12:00:00Z
archive-event-00566,learner-006,material_viewed,2026-09-06T12:00:00Z
archive-event-00567,learner-007,activity_submitted,2026-09-07T12:00:00Z
archive-event-00568,learner-008,material_viewed,2026-09-08T12:00:00Z
archive-event-00569,learner-009,activity_submitted,2026-09-09T12:00:00Z
archive-event-00570,learner-010,material_viewed,2026-09-10T12:00:00Z
archive-event-00571,learner-001,activity_submitted,2026-09-11T12:00:00Z
archive-event-00572,learner-002,material_viewed,2026-09-12T12:00:00Z
archive-event-00573,learner-003,activity_submitted,2026-09-13T12:00:00Z
archive-event-00574,learner-004,material_viewed,2026-09-14T12:00:00Z
archive-event-00575,learner-005,activity_submitted,2026-09-15T12:00:00Z
archive-event-00576,learner-006,material_viewed,2026-09-16T12:00:00Z
archive-event-00577,learner-007,activity_submitted,2026-09-17T12:00:00Z
archive-event-00578,learner-008,material_viewed,2026-09-18T12:00:00Z
archive-event-00579,learner-009,activity_submitted,2026-09-19T12:00:00Z
archive-event-00580,learner-010,material_viewed,2026-09-20T12:00:00Z
archive-event-00581,learner-001,activity_submitted,2026-09-21T12:00:00Z
archive-event-00582,learner-002,material_viewed,2026-09-22T12:00:00Z
archive-event-00583,learner-003,activity_submitted,2026-09-23T12:00:00Z
archive-event-00584,learner-004,material_viewed,2026-09-24T12:00:00Z
archive-event-00585,learner-005,activity_submitted,2026-09-25T12:00:00Z
archive-event-00586,learner-006,material_viewed,2026-09-26T12:00:00Z
archive-event-00587,learner-007,activity_submitted,2026-09-27T12:00:00Z
archive-event-00588,learner-008,material_viewed,2026-09-28T12:00:00Z
archive-event-00589,learner-009,activity_submitted,2026-09-01T12:00:00Z
archive-event-00590,learner-010,material_viewed,2026-09-02T12:00:00Z
archive-event-00591,learner-001,activity_submitted,2026-09-03T12:00:00Z
archive-event-00592,learner-002,material_viewed,2026-09-04T12:00:00Z
archive-event-00593,learner-003,activity_submitted,2026-09-05T12:00:00Z
archive-event-00594,learner-004,material_viewed,2026-09-06T12:00:00Z
archive-event-00595,learner-005,activity_submitted,2026-09-07T12:00:00Z
archive-event-00596,learner-006,material_viewed,2026-09-08T12:00:00Z
archive-event-00597,learner-007,activity_submitted,2026-09-09T12:00:00Z
archive-event-00598,learner-008,material_viewed,2026-09-10T12:00:00Z
archive-event-00599,learner-009,activity_submitted,2026-09-11T12:00:00Z
archive-event-00600,learner-010,material_viewed,2026-09-12T12:00:00Z
archive-event-00601,learner-001,activity_submitted,2026-09-13T12:00:00Z
archive-event-00602,learner-002,material_viewed,2026-09-14T12:00:00Z
archive-event-00603,learner-003,activity_submitted,2026-09-15T12:00:00Z
archive-event-00604,learner-004,material_viewed,2026-09-16T12:00:00Z
archive-event-00605,learner-005,activity_submitted,2026-09-17T12:00:00Z
archive-event-00606,learner-006,material_viewed,2026-09-18T12:00:00Z
archive-event-00607,learner-007,activity_submitted,2026-09-19T12:00:00Z
archive-event-00608,learner-008,material_viewed,2026-09-20T12:00:00Z
archive-event-00609,learner-009,activity_submitted,2026-09-21T12:00:00Z
archive-event-00610,learner-010,material_viewed,2026-09-22T12:00:00Z
archive-event-00611,learner-001,activity_submitted,2026-09-23T12:00:00Z
archive-event-00612,learner-002,material_viewed,2026-09-24T12:00:00Z
archive-event-00613,learner-003,activity_submitted,2026-09-25T12:00:00Z
archive-event-00614,learner-004,material_viewed,2026-09-26T12:00:00Z
archive-event-00615,learner-005,activity_submitted,2026-09-27T12:00:00Z
archive-event-00616,learner-006,material_viewed,2026-09-28T12:00:00Z
archive-event-00617,learner-007,activity_submitted,2026-09-01T12:00:00Z
archive-event-00618,learner-008,material_viewed,2026-09-02T12:00:00Z
archive-event-00619,learner-009,activity_submitted,2026-09-03T12:00:00Z
archive-event-00620,learner-010,material_viewed,2026-09-04T12:00:00Z
archive-event-00621,learner-001,activity_submitted,2026-09-05T12:00:00Z
archive-event-00622,learner-002,material_viewed,2026-09-06T12:00:00Z
archive-event-00623,learner-003,activity_submitted,2026-09-07T12:00:00Z
archive-event-00624,learner-004,material_viewed,2026-09-08T12:00:00Z
archive-event-00625,learner-005,activity_submitted,2026-09-09T12:00:00Z
archive-event-00626,learner-006,material_viewed,2026-09-10T12:00:00Z
archive-event-00627,learner-007,activity_submitted,2026-09-11T12:00:00Z
archive-event-00628,learner-008,material_viewed,2026-09-12T12:00:00Z
archive-event-00629,learner-009,activity_submitted,2026-09-13T12:00:00Z
archive-event-00630,learner-010,material_viewed,2026-09-14T12:00:00Z
archive-event-00631,learner-001,activity_submitted,2026-09-15T12:00:00Z
archive-event-00632,learner-002,material_viewed,2026-09-16T12:00:00Z
archive-event-00633,learner-003,activity_submitted,2026-09-17T12:00:00Z
archive-event-00634,learner-004,material_viewed,2026-09-18T12:00:00Z
archive-event-00635,learner-005,activity_submitted,2026-09-19T12:00:00Z
archive-event-00636,learner-006,material_viewed,2026-09-20T12:00:00Z
archive-event-00637,learner-007,activity_submitted,2026-09-21T12:00:00Z
archive-event-00638,learner-008,material_viewed,2026-09-22T12:00:00Z
archive-event-00639,learner-009,activity_submitted,2026-09-23T12:00:00Z
archive-event-00640,learner-010,material_viewed,2026-09-24T12:00:00Z
archive-event-00641,learner-001,activity_submitted,2026-09-25T12:00:00Z
archive-event-00642,learner-002,material_viewed,2026-09-26T12:00:00Z
archive-event-00643,learner-003,activity_submitted,2026-09-27T12:00:00Z
archive-event-00644,learner-004,material_viewed,2026-09-28T12:00:00Z
archive-event-00645,learner-005,activity_submitted,2026-09-01T12:00:00Z
archive-event-00646,learner-006,material_viewed,2026-09-02T12:00:00Z
archive-event-00647,learner-007,activity_submitted,2026-09-03T12:00:00Z
archive-event-00648,learner-008,material_viewed,2026-09-04T12:00:00Z
archive-event-00649,learner-009,activity_submitted,2026-09-05T12:00:00Z
archive-event-00650,learner-010,material_viewed,2026-09-06T12:00:00Z
archive-event-00651,learner-001,activity_submitted,2026-09-07T12:00:00Z
archive-event-00652,learner-002,material_viewed,2026-09-08T12:00:00Z
archive-event-00653,learner-003,activity_submitted,2026-09-09T12:00:00Z
archive-event-00654,learner-004,material_viewed,2026-09-10T12:00:00Z
archive-event-00655,learner-005,activity_submitted,2026-09-11T12:00:00Z
archive-event-00656,learner-006,material_viewed,2026-09-12T12:00:00Z
archive-event-00657,learner-007,activity_submitted,2026-09-13T12:00:00Z
archive-event-00658,learner-008,material_viewed,2026-09-14T12:00:00Z
archive-event-00659,learner-009,activity_submitted,2026-09-15T12:00:00Z
archive-event-00660,learner-010,material_viewed,2026-09-16T12:00:00Z
archive-event-00661,learner-001,activity_submitted,2026-09-17T12:00:00Z
archive-event-00662,learner-002,material_viewed,2026-09-18T12:00:00Z
archive-event-00663,learner-003,activity_submitted,2026-09-19T12:00:00Z
archive-event-00664,learner-004,material_viewed,2026-09-20T12:00:00Z
archive-event-00665,learner-005,activity_submitted,2026-09-21T12:00:00Z
archive-event-00666,learner-006,material_viewed,2026-09-22T12:00:00Z
archive-event-00667,learner-007,activity_submitted,2026-09-23T12:00:00Z
archive-event-00668,learner-008,material_viewed,2026-09-24T12:00:00Z
archive-event-00669,learner-009,activity_submitted,2026-09-25T12:00:00Z
archive-event-00670,learner-010,material_viewed,2026-09-26T12:00:00Z
archive-event-00671,learner-001,activity_submitted,2026-09-27T12:00:00Z
archive-event-00672,learner-002,material_viewed,2026-09-28T12:00:00Z
archive-event-00673,learner-003,activity_submitted,2026-09-01T12:00:00Z
archive-event-00674,learner-004,material_viewed,2026-09-02T12:00:00Z
archive-event-00675,learner-005,activity_submitted,2026-09-03T12:00:00Z
archive-event-00676,learner-006,material_viewed,2026-09-04T12:00:00Z
archive-event-00677,learner-007,activity_submitted,2026-09-05T12:00:00Z
archive-event-00678,learner-008,material_viewed,2026-09-06T12:00:00Z
archive-event-00679,learner-009,activity_submitted,2026-09-07T12:00:00Z
archive-event-00680,learner-010,material_viewed,2026-09-08T12:00:00Z
archive-event-00681,learner-001,activity_submitted,2026-09-09T12:00:00Z
archive-event-00682,learner-002,material_viewed,2026-09-10T12:00:00Z
archive-event-00683,learner-003,activity_submitted,2026-09-11T12:00:00Z
archive-event-00684,learner-004,material_viewed,2026-09-12T12:00:00Z
archive-event-00685,learner-005,activity_submitted,2026-09-13T12:00:00Z
archive-event-00686,learner-006,material_viewed,2026-09-14T12:00:00Z
archive-event-00687,learner-007,activity_submitted,2026-09-15T12:00:00Z
archive-event-00688,learner-008,material_viewed,2026-09-16T12:00:00Z
archive-event-00689,learner-009,activity_submitted,2026-09-17T12:00:00Z
archive-event-00690,learner-010,material_viewed,2026-09-18T12:00:00Z
archive-event-00691,learner-001,activity_submitted,2026-09-19T12:00:00Z
archive-event-00692,learner-002,material_viewed,2026-09-20T12:00:00Z
archive-event-00693,learner-003,activity_submitted,2026-09-21T12:00:00Z
archive-event-00694,learner-004,material_viewed,2026-09-22T12:00:00Z
archive-event-00695,learner-005,activity_submitted,2026-09-23T12:00:00Z
archive-event-00696,learner-006,material_viewed,2026-09-24T12:00:00Z
archive-event-00697,learner-007,activity_submitted,2026-09-25T12:00:00Z
archive-event-00698,learner-008,material_viewed,2026-09-26T12:00:00Z
archive-event-00699,learner-009,activity_submitted,2026-09-27T12:00:00Z
archive-event-00700,learner-010,material_viewed,2026-09-28T12:00:00Z
archive-event-00701,learner-001,activity_submitted,2026-09-01T12:00:00Z
archive-event-00702,learner-002,material_viewed,2026-09-02T12:00:00Z
archive-event-00703,learner-003,activity_submitted,2026-09-03T12:00:00Z
archive-event-00704,learner-004,material_viewed,2026-09-04T12:00:00Z
archive-event-00705,learner-005,activity_submitted,2026-09-05T12:00:00Z
archive-event-00706,learner-006,material_viewed,2026-09-06T12:00:00Z
archive-event-00707,learner-007,activity_submitted,2026-09-07T12:00:00Z
archive-event-00708,learner-008,material_viewed,2026-09-08T12:00:00Z
archive-event-00709,learner-009,activity_submitted,2026-09-09T12:00:00Z
archive-event-00710,learner-010,material_viewed,2026-09-10T12:00:00Z
archive-event-00711,learner-001,activity_submitted,2026-09-11T12:00:00Z
archive-event-00712,learner-002,material_viewed,2026-09-12T12:00:00Z
archive-event-00713,learner-003,activity_submitted,2026-09-13T12:00:00Z
archive-event-00714,learner-004,material_viewed,2026-09-14T12:00:00Z
archive-event-00715,learner-005,activity_submitted,2026-09-15T12:00:00Z
archive-event-00716,learner-006,material_viewed,2026-09-16T12:00:00Z
archive-event-00717,learner-007,activity_submitted,2026-09-17T12:00:00Z
archive-event-00718,learner-008,material_viewed,2026-09-18T12:00:00Z
archive-event-00719,learner-009,activity_submitted,2026-09-19T12:00:00Z
archive-event-00720,learner-010,material_viewed,2026-09-20T12:00:00Z
archive-event-00721,learner-001,activity_submitted,2026-09-21T12:00:00Z
archive-event-00722,learner-002,material_viewed,2026-09-22T12:00:00Z
archive-event-00723,learner-003,activity_submitted,2026-09-23T12:00:00Z
archive-event-00724,learner-004,material_viewed,2026-09-24T12:00:00Z
archive-event-00725,learner-005,activity_submitted,2026-09-25T12:00:00Z
archive-event-00726,learner-006,material_viewed,2026-09-26T12:00:00Z
archive-event-00727,learner-007,activity_submitted,2026-09-27T12:00:00Z
archive-event-00728,learner-008,material_viewed,2026-09-28T12:00:00Z
archive-event-00729,learner-009,activity_submitted,2026-09-01T12:00:00Z
archive-event-00730,learner-010,material_viewed,2026-09-02T12:00:00Z
archive-event-00731,learner-001,activity_submitted,2026-09-03T12:00:00Z
archive-event-00732,learner-002,material_viewed,2026-09-04T12:00:00Z
archive-event-00733,learner-003,activity_submitted,2026-09-05T12:00:00Z
archive-event-00734,learner-004,material_viewed,2026-09-06T12:00:00Z
archive-event-00735,learner-005,activity_submitted,2026-09-07T12:00:00Z
archive-event-00736,learner-006,material_viewed,2026-09-08T12:00:00Z
archive-event-00737,learner-007,activity_submitted,2026-09-09T12:00:00Z
archive-event-00738,learner-008,material_viewed,2026-09-10T12:00:00Z
archive-event-00739,learner-009,activity_submitted,2026-09-11T12:00:00Z
archive-event-00740,learner-010,material_viewed,2026-09-12T12:00:00Z
archive-event-00741,learner-001,activity_submitted,2026-09-13T12:00:00Z
archive-event-00742,learner-002,material_viewed,2026-09-14T12:00:00Z
archive-event-00743,learner-003,activity_submitted,2026-09-15T12:00:00Z
archive-event-00744,learner-004,material_viewed,2026-09-16T12:00:00Z
archive-event-00745,learner-005,activity_submitted,2026-09-17T12:00:00Z
archive-event-00746,learner-006,material_viewed,2026-09-18T12:00:00Z
archive-event-00747,learner-007,activity_submitted,2026-09-19T12:00:00Z
archive-event-00748,learner-008,material_viewed,2026-09-20T12:00:00Z
archive-event-00749,learner-009,activity_submitted,2026-09-21T12:00:00Z
archive-event-00750,learner-010,material_viewed,2026-09-22T12:00:00Z
archive-event-00751,learner-001,activity_submitted,2026-09-23T12:00:00Z
archive-event-00752,learner-002,material_viewed,2026-09-24T12:00:00Z
archive-event-00753,learner-003,activity_submitted,2026-09-25T12:00:00Z
archive-event-00754,learner-004,material_viewed,2026-09-26T12:00:00Z
archive-event-00755,learner-005,activity_submitted,2026-09-27T12:00:00Z
archive-event-00756,learner-006,material_viewed,2026-09-28T12:00:00Z
archive-event-00757,learner-007,activity_submitted,2026-09-01T12:00:00Z
archive-event-00758,learner-008,material_viewed,2026-09-02T12:00:00Z
archive-event-00759,learner-009,activity_submitted,2026-09-03T12:00:00Z
archive-event-00760,learner-010,material_viewed,2026-09-04T12:00:00Z
archive-event-00761,learner-001,activity_submitted,2026-09-05T12:00:00Z
archive-event-00762,learner-002,material_viewed,2026-09-06T12:00:00Z
archive-event-00763,learner-003,activity_submitted,2026-09-07T12:00:00Z
archive-event-00764,learner-004,material_viewed,2026-09-08T12:00:00Z
archive-event-00765,learner-005,activity_submitted,2026-09-09T12:00:00Z
archive-event-00766,learner-006,material_viewed,2026-09-10T12:00:00Z
archive-event-00767,learner-007,activity_submitted,2026-09-11T12:00:00Z
archive-event-00768,learner-008,material_viewed,2026-09-12T12:00:00Z
archive-event-00769,learner-009,activity_submitted,2026-09-13T12:00:00Z
archive-event-00770,learner-010,material_viewed,2026-09-14T12:00:00Z
archive-event-00771,learner-001,activity_submitted,2026-09-15T12:00:00Z
archive-event-00772,learner-002,material_viewed,2026-09-16T12:00:00Z
archive-event-00773,learner-003,activity_submitted,2026-09-17T12:00:00Z
archive-event-00774,learner-004,material_viewed,2026-09-18T12:00:00Z
archive-event-00775,learner-005,activity_submitted,2026-09-19T12:00:00Z
archive-event-00776,learner-006,material_viewed,2026-09-20T12:00:00Z
archive-event-00777,learner-007,activity_submitted,2026-09-21T12:00:00Z
archive-event-00778,learner-008,material_viewed,2026-09-22T12:00:00Z
archive-event-00779,learner-009,activity_submitted,2026-09-23T12:00:00Z
archive-event-00780,learner-010,material_viewed,2026-09-24T12:00:00Z
archive-event-00781,learner-001,activity_submitted,2026-09-25T12:00:00Z
archive-event-00782,learner-002,material_viewed,2026-09-26T12:00:00Z
archive-event-00783,learner-003,activity_submitted,2026-09-27T12:00:00Z
archive-event-00784,learner-004,material_viewed,2026-09-28T12:00:00Z
archive-event-00785,learner-005,activity_submitted,2026-09-01T12:00:00Z
archive-event-00786,learner-006,material_viewed,2026-09-02T12:00:00Z
archive-event-00787,learner-007,activity_submitted,2026-09-03T12:00:00Z
archive-event-00788,learner-008,material_viewed,2026-09-04T12:00:00Z
archive-event-00789,learner-009,activity_submitted,2026-09-05T12:00:00Z
archive-event-00790,learner-010,material_viewed,2026-09-06T12:00:00Z
archive-event-00791,learner-001,activity_submitted,2026-09-07T12:00:00Z
archive-event-00792,learner-002,material_viewed,2026-09-08T12:00:00Z
archive-event-00793,learner-003,activity_submitted,2026-09-09T12:00:00Z
archive-event-00794,learner-004,material_viewed,2026-09-10T12:00:00Z
archive-event-00795,learner-005,activity_submitted,2026-09-11T12:00:00Z
archive-event-00796,learner-006,material_viewed,2026-09-12T12:00:00Z
archive-event-00797,learner-007,activity_submitted,2026-09-13T12:00:00Z
archive-event-00798,learner-008,material_viewed,2026-09-14T12:00:00Z
archive-event-00799,learner-009,activity_submitted,2026-09-15T12:00:00Z
archive-event-00800,learner-010,material_viewed,2026-09-16T12:00:00Z
archive-event-00801,learner-001,activity_submitted,2026-09-17T12:00:00Z
archive-event-00802,learner-002,material_viewed,2026-09-18T12:00:00Z
archive-event-00803,learner-003,activity_submitted,2026-09-19T12:00:00Z
archive-event-00804,learner-004,material_viewed,2026-09-20T12:00:00Z
archive-event-00805,learner-005,activity_submitted,2026-09-21T12:00:00Z
archive-event-00806,learner-006,material_viewed,2026-09-22T12:00:00Z
archive-event-00807,learner-007,activity_submitted,2026-09-23T12:00:00Z
archive-event-00808,learner-008,material_viewed,2026-09-24T12:00:00Z
archive-event-00809,learner-009,activity_submitted,2026-09-25T12:00:00Z
archive-event-00810,learner-010,material_viewed,2026-09-26T12:00:00Z
archive-event-00811,learner-001,activity_submitted,2026-09-27T12:00:00Z
archive-event-00812,learner-002,material_viewed,2026-09-28T12:00:00Z
archive-event-00813,learner-003,activity_submitted,2026-09-01T12:00:00Z
archive-event-00814,learner-004,material_viewed,2026-09-02T12:00:00Z
archive-event-00815,learner-005,activity_submitted,2026-09-03T12:00:00Z
archive-event-00816,learner-006,material_viewed,2026-09-04T12:00:00Z
archive-event-00817,learner-007,activity_submitted,2026-09-05T12:00:00Z
archive-event-00818,learner-008,material_viewed,2026-09-06T12:00:00Z
archive-event-00819,learner-009,activity_submitted,2026-09-07T12:00:00Z
archive-event-00820,learner-010,material_viewed,2026-09-08T12:00:00Z
archive-event-00821,learner-001,activity_submitted,2026-09-09T12:00:00Z
archive-event-00822,learner-002,material_viewed,2026-09-10T12:00:00Z
archive-event-00823,learner-003,activity_submitted,2026-09-11T12:00:00Z
archive-event-00824,learner-004,material_viewed,2026-09-12T12:00:00Z
archive-event-00825,learner-005,activity_submitted,2026-09-13T12:00:00Z
archive-event-00826,learner-006,material_viewed,2026-09-14T12:00:00Z
archive-event-00827,learner-007,activity_submitted,2026-09-15T12:00:00Z
archive-event-00828,learner-008,material_viewed,2026-09-16T12:00:00Z
archive-event-00829,learner-009,activity_submitted,2026-09-17T12:00:00Z
archive-event-00830,learner-010,material_viewed,2026-09-18T12:00:00Z
archive-event-00831,learner-001,activity_submitted,2026-09-19T12:00:00Z
archive-event-00832,learner-002,material_viewed,2026-09-20T12:00:00Z
archive-event-00833,learner-003,activity_submitted,2026-09-21T12:00:00Z
archive-event-00834,learner-004,material_viewed,2026-09-22T12:00:00Z
archive-event-00835,learner-005,activity_submitted,2026-09-23T12:00:00Z
archive-event-00836,learner-006,material_viewed,2026-09-24T12:00:00Z
archive-event-00837,learner-007,activity_submitted,2026-09-25T12:00:00Z
archive-event-00838,learner-008,material_viewed,2026-09-26T12:00:00Z
archive-event-00839,learner-009,activity_submitted,2026-09-27T12:00:00Z
archive-event-00840,learner-010,material_viewed,2026-09-28T12:00:00Z
archive-event-00841,learner-001,activity_submitted,2026-09-01T12:00:00Z
archive-event-00842,learner-002,material_viewed,2026-09-02T12:00:00Z
archive-event-00843,learner-003,activity_submitted,2026-09-03T12:00:00Z
archive-event-00844,learner-004,material_viewed,2026-09-04T12:00:00Z
archive-event-00845,learner-005,activity_submitted,2026-09-05T12:00:00Z
archive-event-00846,learner-006,material_viewed,2026-09-06T12:00:00Z
archive-event-00847,learner-007,activity_submitted,2026-09-07T12:00:00Z
archive-event-00848,learner-008,material_viewed,2026-09-08T12:00:00Z
archive-event-00849,learner-009,activity_submitted,2026-09-09T12:00:00Z
archive-event-00850,learner-010,material_viewed,2026-09-10T12:00:00Z
archive-event-00851,learner-001,activity_submitted,2026-09-11T12:00:00Z
archive-event-00852,learner-002,material_viewed,2026-09-12T12:00:00Z
archive-event-00853,learner-003,activity_submitted,2026-09-13T12:00:00Z
archive-event-00854,learner-004,material_viewed,2026-09-14T12:00:00Z
archive-event-00855,learner-005,activity_submitted,2026-09-15T12:00:00Z
archive-event-00856,learner-006,material_viewed,2026-09-16T12:00:00Z
archive-event-00857,learner-007,activity_submitted,2026-09-17T12:00:00Z
archive-event-00858,learner-008,material_viewed,2026-09-18T12:00:00Z
archive-event-00859,learner-009,activity_submitted,2026-09-19T12:00:00Z
archive-event-00860,learner-010,material_viewed,2026-09-20T12:00:00Z
archive-event-00861,learner-001,activity_submitted,2026-09-21T12:00:00Z
archive-event-00862,learner-002,material_viewed,2026-09-22T12:00:00Z
archive-event-00863,learner-003,activity_submitted,2026-09-23T12:00:00Z
archive-event-00864,learner-004,material_viewed,2026-09-24T12:00:00Z
archive-event-00865,learner-005,activity_submitted,2026-09-25T12:00:00Z
archive-event-00866,learner-006,material_viewed,2026-09-26T12:00:00Z
archive-event-00867,learner-007,activity_submitted,2026-09-27T12:00:00Z
archive-event-00868,learner-008,material_viewed,2026-09-28T12:00:00Z
archive-event-00869,learner-009,activity_submitted,2026-09-01T12:00:00Z
archive-event-00870,learner-010,material_viewed,2026-09-02T12:00:00Z
archive-event-00871,learner-001,activity_submitted,2026-09-03T12:00:00Z
archive-event-00872,learner-002,material_viewed,2026-09-04T12:00:00Z
archive-event-00873,learner-003,activity_submitted,2026-09-05T12:00:00Z
archive-event-00874,learner-004,material_viewed,2026-09-06T12:00:00Z
archive-event-00875,learner-005,activity_submitted,2026-09-07T12:00:00Z
archive-event-00876,learner-006,material_viewed,2026-09-08T12:00:00Z
archive-event-00877,learner-007,activity_submitted,2026-09-09T12:00:00Z
archive-event-00878,learner-008,material_viewed,2026-09-10T12:00:00Z
archive-event-00879,learner-009,activity_submitted,2026-09-11T12:00:00Z
archive-event-00880,learner-010,material_viewed,2026-09-12T12:00:00Z
archive-event-00881,learner-001,activity_submitted,2026-09-13T12:00:00Z
archive-event-00882,learner-002,material_viewed,2026-09-14T12:00:00Z
archive-event-00883,learner-003,activity_submitted,2026-09-15T12:00:00Z
archive-event-00884,learner-004,material_viewed,2026-09-16T12:00:00Z
archive-event-00885,learner-005,activity_submitted,2026-09-17T12:00:00Z
archive-event-00886,learner-006,material_viewed,2026-09-18T12:00:00Z
archive-event-00887,learner-007,activity_submitted,2026-09-19T12:00:00Z
archive-event-00888,learner-008,material_viewed,2026-09-20T12:00:00Z
archive-event-00889,learner-009,activity_submitted,2026-09-21T12:00:00Z
archive-event-00890,learner-010,material_viewed,2026-09-22T12:00:00Z
archive-event-00891,learner-001,activity_submitted,2026-09-23T12:00:00Z
archive-event-00892,learner-002,material_viewed,2026-09-24T12:00:00Z
archive-event-00893,learner-003,activity_submitted,2026-09-25T12:00:00Z
archive-event-00894,learner-004,material_viewed,2026-09-26T12:00:00Z
archive-event-00895,learner-005,activity_submitted,2026-09-27T12:00:00Z
archive-event-00896,learner-006,material_viewed,2026-09-28T12:00:00Z
archive-event-00897,learner-007,activity_submitted,2026-09-01T12:00:00Z
archive-event-00898,learner-008,material_viewed,2026-09-02T12:00:00Z
archive-event-00899,learner-009,activity_submitted,2026-09-03T12:00:00Z
archive-event-00900,learner-010,material_viewed,2026-09-04T12:00:00Z
archive-event-00901,learner-001,activity_submitted,2026-09-05T12:00:00Z
archive-event-00902,learner-002,material_viewed,2026-09-06T12:00:00Z
archive-event-00903,learner-003,activity_submitted,2026-09-07T12:00:00Z
archive-event-00904,learner-004,material_viewed,2026-09-08T12:00:00Z
archive-event-00905,learner-005,activity_submitted,2026-09-09T12:00:00Z
archive-event-00906,learner-006,material_viewed,2026-09-10T12:00:00Z
archive-event-00907,learner-007,activity_submitted,2026-09-11T12:00:00Z
archive-event-00908,learner-008,material_viewed,2026-09-12T12:00:00Z
archive-event-00909,learner-009,activity_submitted,2026-09-13T12:00:00Z
archive-event-00910,learner-010,material_viewed,2026-09-14T12:00:00Z
archive-event-00911,learner-001,activity_submitted,2026-09-15T12:00:00Z
archive-event-00912,learner-002,material_viewed,2026-09-16T12:00:00Z
archive-event-00913,learner-003,activity_submitted,2026-09-17T12:00:00Z
archive-event-00914,learner-004,material_viewed,2026-09-18T12:00:00Z
archive-event-00915,learner-005,activity_submitted,2026-09-19T12:00:00Z
archive-event-00916,learner-006,material_viewed,2026-09-20T12:00:00Z
archive-event-00917,learner-007,activity_submitted,2026-09-21T12:00:00Z
archive-event-00918,learner-008,material_viewed,2026-09-22T12:00:00Z
archive-event-00919,learner-009,activity_submitted,2026-09-23T12:00:00Z
archive-event-00920,learner-010,material_viewed,2026-09-24T12:00:00Z
archive-event-00921,learner-001,activity_submitted,2026-09-25T12:00:00Z
archive-event-00922,learner-002,material_viewed,2026-09-26T12:00:00Z
archive-event-00923,learner-003,activity_submitted,2026-09-27T12:00:00Z
archive-event-00924,learner-004,material_viewed,2026-09-28T12:00:00Z
archive-event-00925,learner-005,activity_submitted,2026-09-01T12:00:00Z
archive-event-00926,learner-006,material_viewed,2026-09-02T12:00:00Z
archive-event-00927,learner-007,activity_submitted,2026-09-03T12:00:00Z
archive-event-00928,learner-008,material_viewed,2026-09-04T12:00:00Z
archive-event-00929,learner-009,activity_submitted,2026-09-05T12:00:00Z
archive-event-00930,learner-010,material_viewed,2026-09-06T12:00:00Z
archive-event-00931,learner-001,activity_submitted,2026-09-07T12:00:00Z
archive-event-00932,learner-002,material_viewed,2026-09-08T12:00:00Z
archive-event-00933,learner-003,activity_submitted,2026-09-09T12:00:00Z
archive-event-00934,learner-004,material_viewed,2026-09-10T12:00:00Z
archive-event-00935,learner-005,activity_submitted,2026-09-11T12:00:00Z
archive-event-00936,learner-006,material_viewed,2026-09-12T12:00:00Z
archive-event-00937,learner-007,activity_submitted,2026-09-13T12:00:00Z
archive-event-00938,learner-008,material_viewed,2026-09-14T12:00:00Z
archive-event-00939,learner-009,activity_submitted,2026-09-15T12:00:00Z
archive-event-00940,learner-010,material_viewed,2026-09-16T12:00:00Z
archive-event-00941,learner-001,activity_submitted,2026-09-17T12:00:00Z
archive-event-00942,learner-002,material_viewed,2026-09-18T12:00:00Z
archive-event-00943,learner-003,activity_submitted,2026-09-19T12:00:00Z
archive-event-00944,learner-004,material_viewed,2026-09-20T12:00:00Z
archive-event-00945,learner-005,activity_submitted,2026-09-21T12:00:00Z
archive-event-00946,learner-006,material_viewed,2026-09-22T12:00:00Z
archive-event-00947,learner-007,activity_submitted,2026-09-23T12:00:00Z
archive-event-00948,learner-008,material_viewed,2026-09-24T12:00:00Z
archive-event-00949,learner-009,activity_submitted,2026-09-25T12:00:00Z
archive-event-00950,learner-010,material_viewed,2026-09-26T12:00:00Z
archive-event-00951,learner-001,activity_submitted,2026-09-27T12:00:00Z
archive-event-00952,learner-002,material_viewed,2026-09-28T12:00:00Z
archive-event-00953,learner-003,activity_submitted,2026-09-01T12:00:00Z
archive-event-00954,learner-004,material_viewed,2026-09-02T12:00:00Z
archive-event-00955,learner-005,activity_submitted,2026-09-03T12:00:00Z
archive-event-00956,learner-006,material_viewed,2026-09-04T12:00:00Z
archive-event-00957,learner-007,activity_submitted,2026-09-05T12:00:00Z
archive-event-00958,learner-008,material_viewed,2026-09-06T12:00:00Z
archive-event-00959,learner-009,activity_submitted,2026-09-07T12:00:00Z
archive-event-00960,learner-010,material_viewed,2026-09-08T12:00:00Z
archive-event-00961,learner-001,activity_submitted,2026-09-09T12:00:00Z
archive-event-00962,learner-002,material_viewed,2026-09-10T12:00:00Z
archive-event-00963,learner-003,activity_submitted,2026-09-11T12:00:00Z
archive-event-00964,learner-004,material_viewed,2026-09-12T12:00:00Z
archive-event-00965,learner-005,activity_submitted,2026-09-13T12:00:00Z
archive-event-00966,learner-006,material_viewed,2026-09-14T12:00:00Z
archive-event-00967,learner-007,activity_submitted,2026-09-15T12:00:00Z
archive-event-00968,learner-008,material_viewed,2026-09-16T12:00:00Z
archive-event-00969,learner-009,activity_submitted,2026-09-17T12:00:00Z
archive-event-00970,learner-010,material_viewed,2026-09-18T12:00:00Z
archive-event-00971,learner-001,activity_submitted,2026-09-19T12:00:00Z
archive-event-00972,learner-002,material_viewed,2026-09-20T12:00:00Z
archive-event-00973,learner-003,activity_submitted,2026-09-21T12:00:00Z
archive-event-00974,learner-004,material_viewed,2026-09-22T12:00:00Z
archive-event-00975,learner-005,activity_submitted,2026-09-23T12:00:00Z
archive-event-00976,learner-006,material_viewed,2026-09-24T12:00:00Z
archive-event-00977,learner-007,activity_submitted,2026-09-25T12:00:00Z
archive-event-00978,learner-008,material_viewed,2026-09-26T12:00:00Z
archive-event-00979,learner-009,activity_submitted,2026-09-27T12:00:00Z
archive-event-00980,learner-010,material_viewed,2026-09-28T12:00:00Z
archive-event-00981,learner-001,activity_submitted,2026-09-01T12:00:00Z
archive-event-00982,learner-002,material_viewed,2026-09-02T12:00:00Z
archive-event-00983,learner-003,activity_submitted,2026-09-03T12:00:00Z
archive-event-00984,learner-004,material_viewed,2026-09-04T12:00:00Z
archive-event-00985,learner-005,activity_submitted,2026-09-05T12:00:00Z
archive-event-00986,learner-006,material_viewed,2026-09-06T12:00:00Z
archive-event-00987,learner-007,activity_submitted,2026-09-07T12:00:00Z
archive-event-00988,learner-008,material_viewed,2026-09-08T12:00:00Z
archive-event-00989,learner-009,activity_submitted,2026-09-09T12:00:00Z
archive-event-00990,learner-010,material_viewed,2026-09-10T12:00:00Z
archive-event-00991,learner-001,activity_submitted,2026-09-11T12:00:00Z
archive-event-00992,learner-002,material_viewed,2026-09-12T12:00:00Z
archive-event-00993,learner-003,activity_submitted,2026-09-13T12:00:00Z
archive-event-00994,learner-004,material_viewed,2026-09-14T12:00:00Z
archive-event-00995,learner-005,activity_submitted,2026-09-15T12:00:00Z
archive-event-00996,learner-006,material_viewed,2026-09-16T12:00:00Z
archive-event-00997,learner-007,activity_submitted,2026-09-17T12:00:00Z
archive-event-00998,learner-008,material_viewed,2026-09-18T12:00:00Z
archive-event-00999,learner-009,activity_submitted,2026-09-19T12:00:00Z
archive-event-01000,learner-010,material_viewed,2026-09-20T12:00:00Z
archive-event-01001,learner-001,activity_submitted,2026-09-21T12:00:00Z
archive-event-01002,learner-002,material_viewed,2026-09-22T12:00:00Z
archive-event-01003,learner-003,activity_submitted,2026-09-23T12:00:00Z
archive-event-01004,learner-004,material_viewed,2026-09-24T12:00:00Z
archive-event-01005,learner-005,activity_submitted,2026-09-25T12:00:00Z
archive-event-01006,learner-006,material_viewed,2026-09-26T12:00:00Z
archive-event-01007,learner-007,activity_submitted,2026-09-27T12:00:00Z
archive-event-01008,learner-008,material_viewed,2026-09-28T12:00:00Z
archive-event-01009,learner-009,activity_submitted,2026-09-01T12:00:00Z
archive-event-01010,learner-010,material_viewed,2026-09-02T12:00:00Z
archive-event-01011,learner-001,activity_submitted,2026-09-03T12:00:00Z
archive-event-01012,learner-002,material_viewed,2026-09-04T12:00:00Z
archive-event-01013,learner-003,activity_submitted,2026-09-05T12:00:00Z
archive-event-01014,learner-004,material_viewed,2026-09-06T12:00:00Z
archive-event-01015,learner-005,activity_submitted,2026-09-07T12:00:00Z
archive-event-01016,learner-006,material_viewed,2026-09-08T12:00:00Z
archive-event-01017,learner-007,activity_submitted,2026-09-09T12:00:00Z
archive-event-01018,learner-008,material_viewed,2026-09-10T12:00:00Z
archive-event-01019,learner-009,activity_submitted,2026-09-11T12:00:00Z
archive-event-01020,learner-010,material_viewed,2026-09-12T12:00:00Z
archive-event-01021,learner-001,activity_submitted,2026-09-13T12:00:00Z
archive-event-01022,learner-002,material_viewed,2026-09-14T12:00:00Z
archive-event-01023,learner-003,activity_submitted,2026-09-15T12:00:00Z
archive-event-01024,learner-004,material_viewed,2026-09-16T12:00:00Z
archive-event-01025,learner-005,activity_submitted,2026-09-17T12:00:00Z
archive-event-01026,learner-006,material_viewed,2026-09-18T12:00:00Z
archive-event-01027,learner-007,activity_submitted,2026-09-19T12:00:00Z
archive-event-01028,learner-008,material_viewed,2026-09-20T12:00:00Z
archive-event-01029,learner-009,activity_submitted,2026-09-21T12:00:00Z
archive-event-01030,learner-010,material_viewed,2026-09-22T12:00:00Z
archive-event-01031,learner-001,activity_submitted,2026-09-23T12:00:00Z
archive-event-01032,learner-002,material_viewed,2026-09-24T12:00:00Z
archive-event-01033,learner-003,activity_submitted,2026-09-25T12:00:00Z
archive-event-01034,learner-004,material_viewed,2026-09-26T12:00:00Z
archive-event-01035,learner-005,activity_submitted,2026-09-27T12:00:00Z
archive-event-01036,learner-006,material_viewed,2026-09-28T12:00:00Z
archive-event-01037,learner-007,activity_submitted,2026-09-01T12:00:00Z
archive-event-01038,learner-008,material_viewed,2026-09-02T12:00:00Z
archive-event-01039,learner-009,activity_submitted,2026-09-03T12:00:00Z
archive-event-01040,learner-010,material_viewed,2026-09-04T12:00:00Z
archive-event-01041,learner-001,activity_submitted,2026-09-05T12:00:00Z
archive-event-01042,learner-002,material_viewed,2026-09-06T12:00:00Z
archive-event-01043,learner-003,activity_submitted,2026-09-07T12:00:00Z
archive-event-01044,learner-004,material_viewed,2026-09-08T12:00:00Z
archive-event-01045,learner-005,activity_submitted,2026-09-09T12:00:00Z
archive-event-01046,learner-006,material_viewed,2026-09-10T12:00:00Z
archive-event-01047,learner-007,activity_submitted,2026-09-11T12:00:00Z
archive-event-01048,learner-008,material_viewed,2026-09-12T12:00:00Z
archive-event-01049,learner-009,activity_submitted,2026-09-13T12:00:00Z
archive-event-01050,learner-010,material_viewed,2026-09-14T12:00:00Z
archive-event-01051,learner-001,activity_submitted,2026-09-15T12:00:00Z
archive-event-01052,learner-002,material_viewed,2026-09-16T12:00:00Z
archive-event-01053,learner-003,activity_submitted,2026-09-17T12:00:00Z
archive-event-01054,learner-004,material_viewed,2026-09-18T12:00:00Z
archive-event-01055,learner-005,activity_submitted,2026-09-19T12:00:00Z
archive-event-01056,learner-006,material_viewed,2026-09-20T12:00:00Z
archive-event-01057,learner-007,activity_submitted,2026-09-21T12:00:00Z
archive-event-01058,learner-008,material_viewed,2026-09-22T12:00:00Z
archive-event-01059,learner-009,activity_submitted,2026-09-23T12:00:00Z
archive-event-01060,learner-010,material_viewed,2026-09-24T12:00:00Z
archive-event-01061,learner-001,activity_submitted,2026-09-25T12:00:00Z
archive-event-01062,learner-002,material_viewed,2026-09-26T12:00:00Z
archive-event-01063,learner-003,activity_submitted,2026-09-27T12:00:00Z
archive-event-01064,learner-004,material_viewed,2026-09-28T12:00:00Z
archive-event-01065,learner-005,activity_submitted,2026-09-01T12:00:00Z
archive-event-01066,learner-006,material_viewed,2026-09-02T12:00:00Z
archive-event-01067,learner-007,activity_submitted,2026-09-03T12:00:00Z
archive-event-01068,learner-008,material_viewed,2026-09-04T12:00:00Z
archive-event-01069,learner-009,activity_submitted,2026-09-05T12:00:00Z
archive-event-01070,learner-010,material_viewed,2026-09-06T12:00:00Z
archive-event-01071,learner-001,activity_submitted,2026-09-07T12:00:00Z
archive-event-01072,learner-002,material_viewed,2026-09-08T12:00:00Z
archive-event-01073,learner-003,activity_submitted,2026-09-09T12:00:00Z
archive-event-01074,learner-004,material_viewed,2026-09-10T12:00:00Z
archive-event-01075,learner-005,activity_submitted,2026-09-11T12:00:00Z
archive-event-01076,learner-006,material_viewed,2026-09-12T12:00:00Z
archive-event-01077,learner-007,activity_submitted,2026-09-13T12:00:00Z
archive-event-01078,learner-008,material_viewed,2026-09-14T12:00:00Z
archive-event-01079,learner-009,activity_submitted,2026-09-15T12:00:00Z
archive-event-01080,learner-010,material_viewed,2026-09-16T12:00:00Z
archive-event-01081,learner-001,activity_submitted,2026-09-17T12:00:00Z
archive-event-01082,learner-002,material_viewed,2026-09-18T12:00:00Z
archive-event-01083,learner-003,activity_submitted,2026-09-19T12:00:00Z
archive-event-01084,learner-004,material_viewed,2026-09-20T12:00:00Z
archive-event-01085,learner-005,activity_submitted,2026-09-21T12:00:00Z
archive-event-01086,learner-006,material_viewed,2026-09-22T12:00:00Z
archive-event-01087,learner-007,activity_submitted,2026-09-23T12:00:00Z
archive-event-01088,learner-008,material_viewed,2026-09-24T12:00:00Z
archive-event-01089,learner-009,activity_submitted,2026-09-25T12:00:00Z
archive-event-01090,learner-010,material_viewed,2026-09-26T12:00:00Z
archive-event-01091,learner-001,activity_submitted,2026-09-27T12:00:00Z
archive-event-01092,learner-002,material_viewed,2026-09-28T12:00:00Z
archive-event-01093,learner-003,activity_submitted,2026-09-01T12:00:00Z
archive-event-01094,learner-004,material_viewed,2026-09-02T12:00:00Z
archive-event-01095,learner-005,activity_submitted,2026-09-03T12:00:00Z
archive-event-01096,learner-006,material_viewed,2026-09-04T12:00:00Z
archive-event-01097,learner-007,activity_submitted,2026-09-05T12:00:00Z
archive-event-01098,learner-008,material_viewed,2026-09-06T12:00:00Z
archive-event-01099,learner-009,activity_submitted,2026-09-07T12:00:00Z
archive-event-01100,learner-010,material_viewed,2026-09-08T12:00:00Z
archive-event-01101,learner-001,activity_submitted,2026-09-09T12:00:00Z
archive-event-01102,learner-002,material_viewed,2026-09-10T12:00:00Z
archive-event-01103,learner-003,activity_submitted,2026-09-11T12:00:00Z
archive-event-01104,learner-004,material_viewed,2026-09-12T12:00:00Z
archive-event-01105,learner-005,activity_submitted,2026-09-13T12:00:00Z
archive-event-01106,learner-006,material_viewed,2026-09-14T12:00:00Z
archive-event-01107,learner-007,activity_submitted,2026-09-15T12:00:00Z
archive-event-01108,learner-008,material_viewed,2026-09-16T12:00:00Z
archive-event-01109,learner-009,activity_submitted,2026-09-17T12:00:00Z
archive-event-01110,learner-010,material_viewed,2026-09-18T12:00:00Z
archive-event-01111,learner-001,activity_submitted,2026-09-19T12:00:00Z
archive-event-01112,learner-002,material_viewed,2026-09-20T12:00:00Z
archive-event-01113,learner-003,activity_submitted,2026-09-21T12:00:00Z
archive-event-01114,learner-004,material_viewed,2026-09-22T12:00:00Z
archive-event-01115,learner-005,activity_submitted,2026-09-23T12:00:00Z
archive-event-01116,learner-006,material_viewed,2026-09-24T12:00:00Z
archive-event-01117,learner-007,activity_submitted,2026-09-25T12:00:00Z
archive-event-01118,learner-008,material_viewed,2026-09-26T12:00:00Z
archive-event-01119,learner-009,activity_submitted,2026-09-27T12:00:00Z
archive-event-01120,learner-010,material_viewed,2026-09-28T12:00:00Z
archive-event-01121,learner-001,activity_submitted,2026-09-01T12:00:00Z
archive-event-01122,learner-002,material_viewed,2026-09-02T12:00:00Z
archive-event-01123,learner-003,activity_submitted,2026-09-03T12:00:00Z
archive-event-01124,learner-004,material_viewed,2026-09-04T12:00:00Z
archive-event-01125,learner-005,activity_submitted,2026-09-05T12:00:00Z
archive-event-01126,learner-006,material_viewed,2026-09-06T12:00:00Z
archive-event-01127,learner-007,activity_submitted,2026-09-07T12:00:00Z
archive-event-01128,learner-008,material_viewed,2026-09-08T12:00:00Z
archive-event-01129,learner-009,activity_submitted,2026-09-09T12:00:00Z
archive-event-01130,learner-010,material_viewed,2026-09-10T12:00:00Z
archive-event-01131,learner-001,activity_submitted,2026-09-11T12:00:00Z
archive-event-01132,learner-002,material_viewed,2026-09-12T12:00:00Z
archive-event-01133,learner-003,activity_submitted,2026-09-13T12:00:00Z
archive-event-01134,learner-004,material_viewed,2026-09-14T12:00:00Z
archive-event-01135,learner-005,activity_submitted,2026-09-15T12:00:00Z
archive-event-01136,learner-006,material_viewed,2026-09-16T12:00:00Z
archive-event-01137,learner-007,activity_submitted,2026-09-17T12:00:00Z
archive-event-01138,learner-008,material_viewed,2026-09-18T12:00:00Z
archive-event-01139,learner-009,activity_submitted,2026-09-19T12:00:00Z
archive-event-01140,learner-010,material_viewed,2026-09-20T12:00:00Z
archive-event-01141,learner-001,activity_submitted,2026-09-21T12:00:00Z
archive-event-01142,learner-002,material_viewed,2026-09-22T12:00:00Z
archive-event-01143,learner-003,activity_submitted,2026-09-23T12:00:00Z
archive-event-01144,learner-004,material_viewed,2026-09-24T12:00:00Z
archive-event-01145,learner-005,activity_submitted,2026-09-25T12:00:00Z
archive-event-01146,learner-006,material_viewed,2026-09-26T12:00:00Z
archive-event-01147,learner-007,activity_submitted,2026-09-27T12:00:00Z
archive-event-01148,learner-008,material_viewed,2026-09-28T12:00:00Z
archive-event-01149,learner-009,activity_submitted,2026-09-01T12:00:00Z
archive-event-01150,learner-010,material_viewed,2026-09-02T12:00:00Z
archive-event-01151,learner-001,activity_submitted,2026-09-03T12:00:00Z
archive-event-01152,learner-002,material_viewed,2026-09-04T12:00:00Z
archive-event-01153,learner-003,activity_submitted,2026-09-05T12:00:00Z
archive-event-01154,learner-004,material_viewed,2026-09-06T12:00:00Z
archive-event-01155,learner-005,activity_submitted,2026-09-07T12:00:00Z
archive-event-01156,learner-006,material_viewed,2026-09-08T12:00:00Z
archive-event-01157,learner-007,activity_submitted,2026-09-09T12:00:00Z
archive-event-01158,learner-008,material_viewed,2026-09-10T12:00:00Z
archive-event-01159,learner-009,activity_submitted,2026-09-11T12:00:00Z
archive-event-01160,learner-010,material_viewed,2026-09-12T12:00:00Z
archive-event-01161,learner-001,activity_submitted,2026-09-13T12:00:00Z
archive-event-01162,learner-002,material_viewed,2026-09-14T12:00:00Z
archive-event-01163,learner-003,activity_submitted,2026-09-15T12:00:00Z
archive-event-01164,learner-004,material_viewed,2026-09-16T12:00:00Z
archive-event-01165,learner-005,activity_submitted,2026-09-17T12:00:00Z
archive-event-01166,learner-006,material_viewed,2026-09-18T12:00:00Z
archive-event-01167,learner-007,activity_submitted,2026-09-19T12:00:00Z
archive-event-01168,learner-008,material_viewed,2026-09-20T12:00:00Z
archive-event-01169,learner-009,activity_submitted,2026-09-21T12:00:00Z
archive-event-01170,learner-010,material_viewed,2026-09-22T12:00:00Z
archive-event-01171,learner-001,activity_submitted,2026-09-23T12:00:00Z
archive-event-01172,learner-002,material_viewed,2026-09-24T12:00:00Z
archive-event-01173,learner-003,activity_submitted,2026-09-25T12:00:00Z
archive-event-01174,learner-004,material_viewed,2026-09-26T12:00:00Z
archive-event-01175,learner-005,activity_submitted,2026-09-27T12:00:00Z
archive-event-01176,learner-006,material_viewed,2026-09-28T12:00:00Z
archive-event-01177,learner-007,activity_submitted,2026-09-01T12:00:00Z
archive-event-01178,learner-008,material_viewed,2026-09-02T12:00:00Z
archive-event-01179,learner-009,activity_submitted,2026-09-03T12:00:00Z
archive-event-01180,learner-010,material_viewed,2026-09-04T12:00:00Z
archive-event-01181,learner-001,activity_submitted,2026-09-05T12:00:00Z
archive-event-01182,learner-002,material_viewed,2026-09-06T12:00:00Z
archive-event-01183,learner-003,activity_submitted,2026-09-07T12:00:00Z
archive-event-01184,learner-004,material_viewed,2026-09-08T12:00:00Z
archive-event-01185,learner-005,activity_submitted,2026-09-09T12:00:00Z
archive-event-01186,learner-006,material_viewed,2026-09-10T12:00:00Z
archive-event-01187,learner-007,activity_submitted,2026-09-11T12:00:00Z
archive-event-01188,learner-008,material_viewed,2026-09-12T12:00:00Z
archive-event-01189,learner-009,activity_submitted,2026-09-13T12:00:00Z
archive-event-01190,learner-010,material_viewed,2026-09-14T12:00:00Z
archive-event-01191,learner-001,activity_submitted,2026-09-15T12:00:00Z
archive-event-01192,learner-002,material_viewed,2026-09-16T12:00:00Z
archive-event-01193,learner-003,activity_submitted,2026-09-17T12:00:00Z
archive-event-01194,learner-004,material_viewed,2026-09-18T12:00:00Z
archive-event-01195,learner-005,activity_submitted,2026-09-19T12:00:00Z
archive-event-01196,learner-006,material_viewed,2026-09-20T12:00:00Z
archive-event-01197,learner-007,activity_submitted,2026-09-21T12:00:00Z
archive-event-01198,learner-008,material_viewed,2026-09-22T12:00:00Z
archive-event-01199,learner-009,activity_submitted,2026-09-23T12:00:00Z
archive-event-01200,learner-010,material_viewed,2026-09-24T12:00:00Z
archive-event-01201,learner-001,activity_submitted,2026-09-25T12:00:00Z
archive-event-01202,learner-002,material_viewed,2026-09-26T12:00:00Z
archive-event-01203,learner-003,activity_submitted,2026-09-27T12:00:00Z
archive-event-01204,learner-004,material_viewed,2026-09-28T12:00:00Z
archive-event-01205,learner-005,activity_submitted,2026-09-01T12:00:00Z
archive-event-01206,learner-006,material_viewed,2026-09-02T12:00:00Z
archive-event-01207,learner-007,activity_submitted,2026-09-03T12:00:00Z
archive-event-01208,learner-008,material_viewed,2026-09-04T12:00:00Z
archive-event-01209,learner-009,activity_submitted,2026-09-05T12:00:00Z
archive-event-01210,learner-010,material_viewed,2026-09-06T12:00:00Z
archive-event-01211,learner-001,activity_submitted,2026-09-07T12:00:00Z
archive-event-01212,learner-002,material_viewed,2026-09-08T12:00:00Z
archive-event-01213,learner-003,activity_submitted,2026-09-09T12:00:00Z
archive-event-01214,learner-004,material_viewed,2026-09-10T12:00:00Z
archive-event-01215,learner-005,activity_submitted,2026-09-11T12:00:00Z
archive-event-01216,learner-006,material_viewed,2026-09-12T12:00:00Z
archive-event-01217,learner-007,activity_submitted,2026-09-13T12:00:00Z
archive-event-01218,learner-008,material_viewed,2026-09-14T12:00:00Z
archive-event-01219,learner-009,activity_submitted,2026-09-15T12:00:00Z
archive-event-01220,learner-010,material_viewed,2026-09-16T12:00:00Z
archive-event-01221,learner-001,activity_submitted,2026-09-17T12:00:00Z
archive-event-01222,learner-002,material_viewed,2026-09-18T12:00:00Z
archive-event-01223,learner-003,activity_submitted,2026-09-19T12:00:00Z
archive-event-01224,learner-004,material_viewed,2026-09-20T12:00:00Z
archive-event-01225,learner-005,activity_submitted,2026-09-21T12:00:00Z
archive-event-01226,learner-006,material_viewed,2026-09-22T12:00:00Z
archive-event-01227,learner-007,activity_submitted,2026-09-23T12:00:00Z
archive-event-01228,learner-008,material_viewed,2026-09-24T12:00:00Z
archive-event-01229,learner-009,activity_submitted,2026-09-25T12:00:00Z
archive-event-01230,learner-010,material_viewed,2026-09-26T12:00:00Z
archive-event-01231,learner-001,activity_submitted,2026-09-27T12:00:00Z
archive-event-01232,learner-002,material_viewed,2026-09-28T12:00:00Z
archive-event-01233,learner-003,activity_submitted,2026-09-01T12:00:00Z
archive-event-01234,learner-004,material_viewed,2026-09-02T12:00:00Z
archive-event-01235,learner-005,activity_submitted,2026-09-03T12:00:00Z
archive-event-01236,learner-006,material_viewed,2026-09-04T12:00:00Z
archive-event-01237,learner-007,activity_submitted,2026-09-05T12:00:00Z
archive-event-01238,learner-008,material_viewed,2026-09-06T12:00:00Z
archive-event-01239,learner-009,activity_submitted,2026-09-07T12:00:00Z
archive-event-01240,learner-010,material_viewed,2026-09-08T12:00:00Z
archive-event-01241,learner-001,activity_submitted,2026-09-09T12:00:00Z
archive-event-01242,learner-002,material_viewed,2026-09-10T12:00:00Z
archive-event-01243,learner-003,activity_submitted,2026-09-11T12:00:00Z
archive-event-01244,learner-004,material_viewed,2026-09-12T12:00:00Z
archive-event-01245,learner-005,activity_submitted,2026-09-13T12:00:00Z
archive-event-01246,learner-006,material_viewed,2026-09-14T12:00:00Z
archive-event-01247,learner-007,activity_submitted,2026-09-15T12:00:00Z
archive-event-01248,learner-008,material_viewed,2026-09-16T12:00:00Z
archive-event-01249,learner-009,activity_submitted,2026-09-17T12:00:00Z
archive-event-01250,learner-010,material_viewed,2026-09-18T12:00:00Z
archive-event-01251,learner-001,activity_submitted,2026-09-19T12:00:00Z
archive-event-01252,learner-002,material_viewed,2026-09-20T12:00:00Z
archive-event-01253,learner-003,activity_submitted,2026-09-21T12:00:00Z
archive-event-01254,learner-004,material_viewed,2026-09-22T12:00:00Z
archive-event-01255,learner-005,activity_submitted,2026-09-23T12:00:00Z
archive-event-01256,learner-006,material_viewed,2026-09-24T12:00:00Z
archive-event-01257,learner-007,activity_submitted,2026-09-25T12:00:00Z
archive-event-01258,learner-008,material_viewed,2026-09-26T12:00:00Z
archive-event-01259,learner-009,activity_submitted,2026-09-27T12:00:00Z
archive-event-01260,learner-010,material_viewed,2026-09-28T12:00:00Z
archive-event-01261,learner-001,activity_submitted,2026-09-01T12:00:00Z
archive-event-01262,learner-002,material_viewed,2026-09-02T12:00:00Z
archive-event-01263,learner-003,activity_submitted,2026-09-03T12:00:00Z
archive-event-01264,learner-004,material_viewed,2026-09-04T12:00:00Z
archive-event-01265,learner-005,activity_submitted,2026-09-05T12:00:00Z
archive-event-01266,learner-006,material_viewed,2026-09-06T12:00:00Z
archive-event-01267,learner-007,activity_submitted,2026-09-07T12:00:00Z
archive-event-01268,learner-008,material_viewed,2026-09-08T12:00:00Z
archive-event-01269,learner-009,activity_submitted,2026-09-09T12:00:00Z
archive-event-01270,learner-010,material_viewed,2026-09-10T12:00:00Z
archive-event-01271,learner-001,activity_submitted,2026-09-11T12:00:00Z
archive-event-01272,learner-002,material_viewed,2026-09-12T12:00:00Z
archive-event-01273,learner-003,activity_submitted,2026-09-13T12:00:00Z
archive-event-01274,learner-004,material_viewed,2026-09-14T12:00:00Z
archive-event-01275,learner-005,activity_submitted,2026-09-15T12:00:00Z
archive-event-01276,learner-006,material_viewed,2026-09-16T12:00:00Z
archive-event-01277,learner-007,activity_submitted,2026-09-17T12:00:00Z
archive-event-01278,learner-008,material_viewed,2026-09-18T12:00:00Z
archive-event-01279,learner-009,activity_submitted,2026-09-19T12:00:00Z
archive-event-01280,learner-010,material_viewed,2026-09-20T12:00:00Z
archive-event-01281,learner-001,activity_submitted,2026-09-21T12:00:00Z
archive-event-01282,learner-002,material_viewed,2026-09-22T12:00:00Z
archive-event-01283,learner-003,activity_submitted,2026-09-23T12:00:00Z
archive-event-01284,learner-004,material_viewed,2026-09-24T12:00:00Z
archive-event-01285,learner-005,activity_submitted,2026-09-25T12:00:00Z
archive-event-01286,learner-006,material_viewed,2026-09-26T12:00:00Z
archive-event-01287,learner-007,activity_submitted,2026-09-27T12:00:00Z
archive-event-01288,learner-008,material_viewed,2026-09-28T12:00:00Z
archive-event-01289,learner-009,activity_submitted,2026-09-01T12:00:00Z
archive-event-01290,learner-010,material_viewed,2026-09-02T12:00:00Z
archive-event-01291,learner-001,activity_submitted,2026-09-03T12:00:00Z
archive-event-01292,learner-002,material_viewed,2026-09-04T12:00:00Z
archive-event-01293,learner-003,activity_submitted,2026-09-05T12:00:00Z
archive-event-01294,learner-004,material_viewed,2026-09-06T12:00:00Z
archive-event-01295,learner-005,activity_submitted,2026-09-07T12:00:00Z
archive-event-01296,learner-006,material_viewed,2026-09-08T12:00:00Z
archive-event-01297,learner-007,activity_submitted,2026-09-09T12:00:00Z
archive-event-01298,learner-008,material_viewed,2026-09-10T12:00:00Z
archive-event-01299,learner-009,activity_submitted,2026-09-11T12:00:00Z
archive-event-01300,learner-010,material_viewed,2026-09-12T12:00:00Z
archive-event-01301,learner-001,activity_submitted,2026-09-13T12:00:00Z
archive-event-01302,learner-002,material_viewed,2026-09-14T12:00:00Z
archive-event-01303,learner-003,activity_submitted,2026-09-15T12:00:00Z
archive-event-01304,learner-004,material_viewed,2026-09-16T12:00:00Z
archive-event-01305,learner-005,activity_submitted,2026-09-17T12:00:00Z
archive-event-01306,learner-006,material_viewed,2026-09-18T12:00:00Z
archive-event-01307,learner-007,activity_submitted,2026-09-19T12:00:00Z
archive-event-01308,learner-008,material_viewed,2026-09-20T12:00:00Z
archive-event-01309,learner-009,activity_submitted,2026-09-21T12:00:00Z
archive-event-01310,learner-010,material_viewed,2026-09-22T12:00:00Z
archive-event-01311,learner-001,activity_submitted,2026-09-23T12:00:00Z
archive-event-01312,learner-002,material_viewed,2026-09-24T12:00:00Z
archive-event-01313,learner-003,activity_submitted,2026-09-25T12:00:00Z
archive-event-01314,learner-004,material_viewed,2026-09-26T12:00:00Z
archive-event-01315,learner-005,activity_submitted,2026-09-27T12:00:00Z
archive-event-01316,learner-006,material_viewed,2026-09-28T12:00:00Z
archive-event-01317,learner-007,activity_submitted,2026-09-01T12:00:00Z
archive-event-01318,learner-008,material_viewed,2026-09-02T12:00:00Z
archive-event-01319,learner-009,activity_submitted,2026-09-03T12:00:00Z
archive-event-01320,learner-010,material_viewed,2026-09-04T12:00:00Z
archive-event-01321,learner-001,activity_submitted,2026-09-05T12:00:00Z
archive-event-01322,learner-002,material_viewed,2026-09-06T12:00:00Z
archive-event-01323,learner-003,activity_submitted,2026-09-07T12:00:00Z
archive-event-01324,learner-004,material_viewed,2026-09-08T12:00:00Z
archive-event-01325,learner-005,activity_submitted,2026-09-09T12:00:00Z
archive-event-01326,learner-006,material_viewed,2026-09-10T12:00:00Z
archive-event-01327,learner-007,activity_submitted,2026-09-11T12:00:00Z
archive-event-01328,learner-008,material_viewed,2026-09-12T12:00:00Z
archive-event-01329,learner-009,activity_submitted,2026-09-13T12:00:00Z
archive-event-01330,learner-010,material_viewed,2026-09-14T12:00:00Z
archive-event-01331,learner-001,activity_submitted,2026-09-15T12:00:00Z
archive-event-01332,learner-002,material_viewed,2026-09-16T12:00:00Z
archive-event-01333,learner-003,activity_submitted,2026-09-17T12:00:00Z
archive-event-01334,learner-004,material_viewed,2026-09-18T12:00:00Z
archive-event-01335,learner-005,activity_submitted,2026-09-19T12:00:00Z
archive-event-01336,learner-006,material_viewed,2026-09-20T12:00:00Z
archive-event-01337,learner-007,activity_submitted,2026-09-21T12:00:00Z
archive-event-01338,learner-008,material_viewed,2026-09-22T12:00:00Z
archive-event-01339,learner-009,activity_submitted,2026-09-23T12:00:00Z
archive-event-01340,learner-010,material_viewed,2026-09-24T12:00:00Z
archive-event-01341,learner-001,activity_submitted,2026-09-25T12:00:00Z
archive-event-01342,learner-002,material_viewed,2026-09-26T12:00:00Z
archive-event-01343,learner-003,activity_submitted,2026-09-27T12:00:00Z
archive-event-01344,learner-004,material_viewed,2026-09-28T12:00:00Z
archive-event-01345,learner-005,activity_submitted,2026-09-01T12:00:00Z
archive-event-01346,learner-006,material_viewed,2026-09-02T12:00:00Z
archive-event-01347,learner-007,activity_submitted,2026-09-03T12:00:00Z
archive-event-01348,learner-008,material_viewed,2026-09-04T12:00:00Z
archive-event-01349,learner-009,activity_submitted,2026-09-05T12:00:00Z
archive-event-01350,learner-010,material_viewed,2026-09-06T12:00:00Z
archive-event-01351,learner-001,activity_submitted,2026-09-07T12:00:00Z
archive-event-01352,learner-002,material_viewed,2026-09-08T12:00:00Z
archive-event-01353,learner-003,activity_submitted,2026-09-09T12:00:00Z
archive-event-01354,learner-004,material_viewed,2026-09-10T12:00:00Z
archive-event-01355,learner-005,activity_submitted,2026-09-11T12:00:00Z
archive-event-01356,learner-006,material_viewed,2026-09-12T12:00:00Z
archive-event-01357,learner-007,activity_submitted,2026-09-13T12:00:00Z
archive-event-01358,learner-008,material_viewed,2026-09-14T12:00:00Z
archive-event-01359,learner-009,activity_submitted,2026-09-15T12:00:00Z
archive-event-01360,learner-010,material_viewed,2026-09-16T12:00:00Z
archive-event-01361,learner-001,activity_submitted,2026-09-17T12:00:00Z
archive-event-01362,learner-002,material_viewed,2026-09-18T12:00:00Z
archive-event-01363,learner-003,activity_submitted,2026-09-19T12:00:00Z
archive-event-01364,learner-004,material_viewed,2026-09-20T12:00:00Z
archive-event-01365,learner-005,activity_submitted,2026-09-21T12:00:00Z
archive-event-01366,learner-006,material_viewed,2026-09-22T12:00:00Z
archive-event-01367,learner-007,activity_submitted,2026-09-23T12:00:00Z
archive-event-01368,learner-008,material_viewed,2026-09-24T12:00:00Z
archive-event-01369,learner-009,activity_submitted,2026-09-25T12:00:00Z
archive-event-01370,learner-010,material_viewed,2026-09-26T12:00:00Z
archive-event-01371,learner-001,activity_submitted,2026-09-27T12:00:00Z
archive-event-01372,learner-002,material_viewed,2026-09-28T12:00:00Z
archive-event-01373,learner-003,activity_submitted,2026-09-01T12:00:00Z
archive-event-01374,learner-004,material_viewed,2026-09-02T12:00:00Z
archive-event-01375,learner-005,activity_submitted,2026-09-03T12:00:00Z
archive-event-01376,learner-006,material_viewed,2026-09-04T12:00:00Z
archive-event-01377,learner-007,activity_submitted,2026-09-05T12:00:00Z
archive-event-01378,learner-008,material_viewed,2026-09-06T12:00:00Z
archive-event-01379,learner-009,activity_submitted,2026-09-07T12:00:00Z
archive-event-01380,learner-010,material_viewed,2026-09-08T12:00:00Z
archive-event-01381,learner-001,activity_submitted,2026-09-09T12:00:00Z
archive-event-01382,learner-002,material_viewed,2026-09-10T12:00:00Z
archive-event-01383,learner-003,activity_submitted,2026-09-11T12:00:00Z
archive-event-01384,learner-004,material_viewed,2026-09-12T12:00:00Z
archive-event-01385,learner-005,activity_submitted,2026-09-13T12:00:00Z
archive-event-01386,learner-006,material_viewed,2026-09-14T12:00:00Z
archive-event-01387,learner-007,activity_submitted,2026-09-15T12:00:00Z
archive-event-01388,learner-008,material_viewed,2026-09-16T12:00:00Z
archive-event-01389,learner-009,activity_submitted,2026-09-17T12:00:00Z
archive-event-01390,learner-010,material_viewed,2026-09-18T12:00:00Z
archive-event-01391,learner-001,activity_submitted,2026-09-19T12:00:00Z
archive-event-01392,learner-002,material_viewed,2026-09-20T12:00:00Z
archive-event-01393,learner-003,activity_submitted,2026-09-21T12:00:00Z
archive-event-01394,learner-004,material_viewed,2026-09-22T12:00:00Z
archive-event-01395,learner-005,activity_submitted,2026-09-23T12:00:00Z
archive-event-01396,learner-006,material_viewed,2026-09-24T12:00:00Z
archive-event-01397,learner-007,activity_submitted,2026-09-25T12:00:00Z
archive-event-01398,learner-008,material_viewed,2026-09-26T12:00:00Z
archive-event-01399,learner-009,activity_submitted,2026-09-27T12:00:00Z
archive-event-01400,learner-010,material_viewed,2026-09-28T12:00:00Z
archive-event-01401,learner-001,activity_submitted,2026-09-01T12:00:00Z
archive-event-01402,learner-002,material_viewed,2026-09-02T12:00:00Z
archive-event-01403,learner-003,activity_submitted,2026-09-03T12:00:00Z
archive-event-01404,learner-004,material_viewed,2026-09-04T12:00:00Z
archive-event-01405,learner-005,activity_submitted,2026-09-05T12:00:00Z
archive-event-01406,learner-006,material_viewed,2026-09-06T12:00:00Z
archive-event-01407,learner-007,activity_submitted,2026-09-07T12:00:00Z
archive-event-01408,learner-008,material_viewed,2026-09-08T12:00:00Z
archive-event-01409,learner-009,activity_submitted,2026-09-09T12:00:00Z
archive-event-01410,learner-010,material_viewed,2026-09-10T12:00:00Z
archive-event-01411,learner-001,activity_submitted,2026-09-11T12:00:00Z
archive-event-01412,learner-002,material_viewed,2026-09-12T12:00:00Z
archive-event-01413,learner-003,activity_submitted,2026-09-13T12:00:00Z
archive-event-01414,learner-004,material_viewed,2026-09-14T12:00:00Z
archive-event-01415,learner-005,activity_submitted,2026-09-15T12:00:00Z
archive-event-01416,learner-006,material_viewed,2026-09-16T12:00:00Z
archive-event-01417,learner-007,activity_submitted,2026-09-17T12:00:00Z
archive-event-01418,learner-008,material_viewed,2026-09-18T12:00:00Z
archive-event-01419,learner-009,activity_submitted,2026-09-19T12:00:00Z
archive-event-01420,learner-010,material_viewed,2026-09-20T12:00:00Z
archive-event-01421,learner-001,activity_submitted,2026-09-21T12:00:00Z
archive-event-01422,learner-002,material_viewed,2026-09-22T12:00:00Z
archive-event-01423,learner-003,activity_submitted,2026-09-23T12:00:00Z
archive-event-01424,learner-004,material_viewed,2026-09-24T12:00:00Z
archive-event-01425,learner-005,activity_submitted,2026-09-25T12:00:00Z
archive-event-01426,learner-006,material_viewed,2026-09-26T12:00:00Z
archive-event-01427,learner-007,activity_submitted,2026-09-27T12:00:00Z
archive-event-01428,learner-008,material_viewed,2026-09-28T12:00:00Z
archive-event-01429,learner-009,activity_submitted,2026-09-01T12:00:00Z
archive-event-01430,learner-010,material_viewed,2026-09-02T12:00:00Z
archive-event-01431,learner-001,activity_submitted,2026-09-03T12:00:00Z
archive-event-01432,learner-002,material_viewed,2026-09-04T12:00:00Z
archive-event-01433,learner-003,activity_submitted,2026-09-05T12:00:00Z
archive-event-01434,learner-004,material_viewed,2026-09-06T12:00:00Z
archive-event-01435,learner-005,activity_submitted,2026-09-07T12:00:00Z
archive-event-01436,learner-006,material_viewed,2026-09-08T12:00:00Z
archive-event-01437,learner-007,activity_submitted,2026-09-09T12:00:00Z
archive-event-01438,learner-008,material_viewed,2026-09-10T12:00:00Z
archive-event-01439,learner-009,activity_submitted,2026-09-11T12:00:00Z
archive-event-01440,learner-010,material_viewed,2026-09-12T12:00:00Z
archive-event-01441,learner-001,activity_submitted,2026-09-13T12:00:00Z
archive-event-01442,learner-002,material_viewed,2026-09-14T12:00:00Z
archive-event-01443,learner-003,activity_submitted,2026-09-15T12:00:00Z
archive-event-01444,learner-004,material_viewed,2026-09-16T12:00:00Z
archive-event-01445,learner-005,activity_submitted,2026-09-17T12:00:00Z
archive-event-01446,learner-006,material_viewed,2026-09-18T12:00:00Z
archive-event-01447,learner-007,activity_submitted,2026-09-19T12:00:00Z
archive-event-01448,learner-008,material_viewed,2026-09-20T12:00:00Z
archive-event-01449,learner-009,activity_submitted,2026-09-21T12:00:00Z
archive-event-01450,learner-010,material_viewed,2026-09-22T12:00:00Z
archive-event-01451,learner-001,activity_submitted,2026-09-23T12:00:00Z
archive-event-01452,learner-002,material_viewed,2026-09-24T12:00:00Z
archive-event-01453,learner-003,activity_submitted,2026-09-25T12:00:00Z
archive-event-01454,learner-004,material_viewed,2026-09-26T12:00:00Z
archive-event-01455,learner-005,activity_submitted,2026-09-27T12:00:00Z
archive-event-01456,learner-006,material_viewed,2026-09-28T12:00:00Z
archive-event-01457,learner-007,activity_submitted,2026-09-01T12:00:00Z
archive-event-01458,learner-008,material_viewed,2026-09-02T12:00:00Z
archive-event-01459,learner-009,activity_submitted,2026-09-03T12:00:00Z
archive-event-01460,learner-010,material_viewed,2026-09-04T12:00:00Z
archive-event-01461,learner-001,activity_submitted,2026-09-05T12:00:00Z
archive-event-01462,learner-002,material_viewed,2026-09-06T12:00:00Z
archive-event-01463,learner-003,activity_submitted,2026-09-07T12:00:00Z
archive-event-01464,learner-004,material_viewed,2026-09-08T12:00:00Z
archive-event-01465,learner-005,activity_submitted,2026-09-09T12:00:00Z
archive-event-01466,learner-006,material_viewed,2026-09-10T12:00:00Z
archive-event-01467,learner-007,activity_submitted,2026-09-11T12:00:00Z
archive-event-01468,learner-008,material_viewed,2026-09-12T12:00:00Z
archive-event-01469,learner-009,activity_submitted,2026-09-13T12:00:00Z
archive-event-01470,learner-010,material_viewed,2026-09-14T12:00:00Z
archive-event-01471,learner-001,activity_submitted,2026-09-15T12:00:00Z
archive-event-01472,learner-002,material_viewed,2026-09-16T12:00:00Z
archive-event-01473,learner-003,activity_submitted,2026-09-17T12:00:00Z
archive-event-01474,learner-004,material_viewed,2026-09-18T12:00:00Z
archive-event-01475,learner-005,activity_submitted,2026-09-19T12:00:00Z
archive-event-01476,learner-006,material_viewed,2026-09-20T12:00:00Z
archive-event-01477,learner-007,activity_submitted,2026-09-21T12:00:00Z
archive-event-01478,learner-008,material_viewed,2026-09-22T12:00:00Z
archive-event-01479,learner-009,activity_submitted,2026-09-23T12:00:00Z
archive-event-01480,learner-010,material_viewed,2026-09-24T12:00:00Z
archive-event-01481,learner-001,activity_submitted,2026-09-25T12:00:00Z
archive-event-01482,learner-002,material_viewed,2026-09-26T12:00:00Z
archive-event-01483,learner-003,activity_submitted,2026-09-27T12:00:00Z
archive-event-01484,learner-004,material_viewed,2026-09-28T12:00:00Z
archive-event-01485,learner-005,activity_submitted,2026-09-01T12:00:00Z
archive-event-01486,learner-006,material_viewed,2026-09-02T12:00:00Z
archive-event-01487,learner-007,activity_submitted,2026-09-03T12:00:00Z
archive-event-01488,learner-008,material_viewed,2026-09-04T12:00:00Z
archive-event-01489,learner-009,activity_submitted,2026-09-05T12:00:00Z
archive-event-01490,learner-010,material_viewed,2026-09-06T12:00:00Z
archive-event-01491,learner-001,activity_submitted,2026-09-07T12:00:00Z
archive-event-01492,learner-002,material_viewed,2026-09-08T12:00:00Z
archive-event-01493,learner-003,activity_submitted,2026-09-09T12:00:00Z
archive-event-01494,learner-004,material_viewed,2026-09-10T12:00:00Z
archive-event-01495,learner-005,activity_submitted,2026-09-11T12:00:00Z
archive-event-01496,learner-006,material_viewed,2026-09-12T12:00:00Z
archive-event-01497,learner-007,activity_submitted,2026-09-13T12:00:00Z
archive-event-01498,learner-008,material_viewed,2026-09-14T12:00:00Z
archive-event-01499,learner-009,activity_submitted,2026-09-15T12:00:00Z
archive-event-01500,learner-010,material_viewed,2026-09-16T12:00:00Z
archive-event-01501,learner-001,activity_submitted,2026-09-17T12:00:00Z
archive-event-01502,learner-002,material_viewed,2026-09-18T12:00:00Z
archive-event-01503,learner-003,activity_submitted,2026-09-19T12:00:00Z
archive-event-01504,learner-004,material_viewed,2026-09-20T12:00:00Z
archive-event-01505,learner-005,activity_submitted,2026-09-21T12:00:00Z
archive-event-01506,learner-006,material_viewed,2026-09-22T12:00:00Z
archive-event-01507,learner-007,activity_submitted,2026-09-23T12:00:00Z
archive-event-01508,learner-008,material_viewed,2026-09-24T12:00:00Z
archive-event-01509,learner-009,activity_submitted,2026-09-25T12:00:00Z
archive-event-01510,learner-010,material_viewed,2026-09-26T12:00:00Z
archive-event-01511,learner-001,activity_submitted,2026-09-27T12:00:00Z
archive-event-01512,learner-002,material_viewed,2026-09-28T12:00:00Z
archive-event-01513,learner-003,activity_submitted,2026-09-01T12:00:00Z
archive-event-01514,learner-004,material_viewed,2026-09-02T12:00:00Z
archive-event-01515,learner-005,activity_submitted,2026-09-03T12:00:00Z
archive-event-01516,learner-006,material_viewed,2026-09-04T12:00:00Z
archive-event-01517,learner-007,activity_submitted,2026-09-05T12:00:00Z
archive-event-01518,learner-008,material_viewed,2026-09-06T12:00:00Z
archive-event-01519,learner-009,activity_submitted,2026-09-07T12:00:00Z
archive-event-01520,learner-010,material_viewed,2026-09-08T12:00:00Z
archive-event-01521,learner-001,activity_submitted,2026-09-09T12:00:00Z
archive-event-01522,learner-002,material_viewed,2026-09-10T12:00:00Z
archive-event-01523,learner-003,activity_submitted,2026-09-11T12:00:00Z
archive-event-01524,learner-004,material_viewed,2026-09-12T12:00:00Z
archive-event-01525,learner-005,activity_submitted,2026-09-13T12:00:00Z
archive-event-01526,learner-006,material_viewed,2026-09-14T12:00:00Z
archive-event-01527,learner-007,activity_submitted,2026-09-15T12:00:00Z
archive-event-01528,learner-008,material_viewed,2026-09-16T12:00:00Z
archive-event-01529,learner-009,activity_submitted,2026-09-17T12:00:00Z
archive-event-01530,learner-010,material_viewed,2026-09-18T12:00:00Z
archive-event-01531,learner-001,activity_submitted,2026-09-19T12:00:00Z
archive-event-01532,learner-002,material_viewed,2026-09-20T12:00:00Z
archive-event-01533,learner-003,activity_submitted,2026-09-21T12:00:00Z
archive-event-01534,learner-004,material_viewed,2026-09-22T12:00:00Z
archive-event-01535,learner-005,activity_submitted,2026-09-23T12:00:00Z
archive-event-01536,learner-006,material_viewed,2026-09-24T12:00:00Z
archive-event-01537,learner-007,activity_submitted,2026-09-25T12:00:00Z
archive-event-01538,learner-008,material_viewed,2026-09-26T12:00:00Z
archive-event-01539,learner-009,activity_submitted,2026-09-27T12:00:00Z
archive-event-01540,learner-010,material_viewed,2026-09-28T12:00:00Z
archive-event-01541,learner-001,activity_submitted,2026-09-01T12:00:00Z
archive-event-01542,learner-002,material_viewed,2026-09-02T12:00:00Z
archive-event-01543,learner-003,activity_submitted,2026-09-03T12:00:00Z
archive-event-01544,learner-004,material_viewed,2026-09-04T12:00:00Z
archive-event-01545,learner-005,activity_submitted,2026-09-05T12:00:00Z
archive-event-01546,learner-006,material_viewed,2026-09-06T12:00:00Z
archive-event-01547,learner-007,activity_submitted,2026-09-07T12:00:00Z
archive-event-01548,learner-008,material_viewed,2026-09-08T12:00:00Z
archive-event-01549,learner-009,activity_submitted,2026-09-09T12:00:00Z
archive-event-01550,learner-010,material_viewed,2026-09-10T12:00:00Z
archive-event-01551,learner-001,activity_submitted,2026-09-11T12:00:00Z
archive-event-01552,learner-002,material_viewed,2026-09-12T12:00:00Z
archive-event-01553,learner-003,activity_submitted,2026-09-13T12:00:00Z
archive-event-01554,learner-004,material_viewed,2026-09-14T12:00:00Z
archive-event-01555,learner-005,activity_submitted,2026-09-15T12:00:00Z
archive-event-01556,learner-006,material_viewed,2026-09-16T12:00:00Z
archive-event-01557,learner-007,activity_submitted,2026-09-17T12:00:00Z
archive-event-01558,learner-008,material_viewed,2026-09-18T12:00:00Z
archive-event-01559,learner-009,activity_submitted,2026-09-19T12:00:00Z
archive-event-01560,learner-010,material_viewed,2026-09-20T12:00:00Z
archive-event-01561,learner-001,activity_submitted,2026-09-21T12:00:00Z
archive-event-01562,learner-002,material_viewed,2026-09-22T12:00:00Z
archive-event-01563,learner-003,activity_submitted,2026-09-23T12:00:00Z
archive-event-01564,learner-004,material_viewed,2026-09-24T12:00:00Z
archive-event-01565,learner-005,activity_submitted,2026-09-25T12:00:00Z
archive-event-01566,learner-006,material_viewed,2026-09-26T12:00:00Z
archive-event-01567,learner-007,activity_submitted,2026-09-27T12:00:00Z
archive-event-01568,learner-008,material_viewed,2026-09-28T12:00:00Z
archive-event-01569,learner-009,activity_submitted,2026-09-01T12:00:00Z
archive-event-01570,learner-010,material_viewed,2026-09-02T12:00:00Z
archive-event-01571,learner-001,activity_submitted,2026-09-03T12:00:00Z
archive-event-01572,learner-002,material_viewed,2026-09-04T12:00:00Z
archive-event-01573,learner-003,activity_submitted,2026-09-05T12:00:00Z
archive-event-01574,learner-004,material_viewed,2026-09-06T12:00:00Z
archive-event-01575,learner-005,activity_submitted,2026-09-07T12:00:00Z
archive-event-01576,learner-006,material_viewed,2026-09-08T12:00:00Z
archive-event-01577,learner-007,activity_submitted,2026-09-09T12:00:00Z
archive-event-01578,learner-008,material_viewed,2026-09-10T12:00:00Z
archive-event-01579,learner-009,activity_submitted,2026-09-11T12:00:00Z
archive-event-01580,learner-010,material_viewed,2026-09-12T12:00:00Z
archive-event-01581,learner-001,activity_submitted,2026-09-13T12:00:00Z
archive-event-01582,learner-002,material_viewed,2026-09-14T12:00:00Z
archive-event-01583,learner-003,activity_submitted,2026-09-15T12:00:00Z
archive-event-01584,learner-004,material_viewed,2026-09-16T12:00:00Z
archive-event-01585,learner-005,activity_submitted,2026-09-17T12:00:00Z
archive-event-01586,learner-006,material_viewed,2026-09-18T12:00:00Z
archive-event-01587,learner-007,activity_submitted,2026-09-19T12:00:00Z
archive-event-01588,learner-008,material_viewed,2026-09-20T12:00:00Z
archive-event-01589,learner-009,activity_submitted,2026-09-21T12:00:00Z
archive-event-01590,learner-010,material_viewed,2026-09-22T12:00:00Z
archive-event-01591,learner-001,activity_submitted,2026-09-23T12:00:00Z
archive-event-01592,learner-002,material_viewed,2026-09-24T12:00:00Z
archive-event-01593,learner-003,activity_submitted,2026-09-25T12:00:00Z
archive-event-01594,learner-004,material_viewed,2026-09-26T12:00:00Z
archive-event-01595,learner-005,activity_submitted,2026-09-27T12:00:00Z
archive-event-01596,learner-006,material_viewed,2026-09-28T12:00:00Z
archive-event-01597,learner-007,activity_submitted,2026-09-01T12:00:00Z
archive-event-01598,learner-008,material_viewed,2026-09-02T12:00:00Z
archive-event-01599,learner-009,activity_submitted,2026-09-03T12:00:00Z
archive-event-01600,learner-010,material_viewed,2026-09-04T12:00:00Z
archive-event-01601,learner-001,activity_submitted,2026-09-05T12:00:00Z
archive-event-01602,learner-002,material_viewed,2026-09-06T12:00:00Z
archive-event-01603,learner-003,activity_submitted,2026-09-07T12:00:00Z
archive-event-01604,learner-004,material_viewed,2026-09-08T12:00:00Z
archive-event-01605,learner-005,activity_submitted,2026-09-09T12:00:00Z
archive-event-01606,learner-006,material_viewed,2026-09-10T12:00:00Z
archive-event-01607,learner-007,activity_submitted,2026-09-11T12:00:00Z
archive-event-01608,learner-008,material_viewed,2026-09-12T12:00:00Z
archive-event-01609,learner-009,activity_submitted,2026-09-13T12:00:00Z
archive-event-01610,learner-010,material_viewed,2026-09-14T12:00:00Z
archive-event-01611,learner-001,activity_submitted,2026-09-15T12:00:00Z
archive-event-01612,learner-002,material_viewed,2026-09-16T12:00:00Z
archive-event-01613,learner-003,activity_submitted,2026-09-17T12:00:00Z
archive-event-01614,learner-004,material_viewed,2026-09-18T12:00:00Z
archive-event-01615,learner-005,activity_submitted,2026-09-19T12:00:00Z
archive-event-01616,learner-006,material_viewed,2026-09-20T12:00:00Z
archive-event-01617,learner-007,activity_submitted,2026-09-21T12:00:00Z
archive-event-01618,learner-008,material_viewed,2026-09-22T12:00:00Z
archive-event-01619,learner-009,activity_submitted,2026-09-23T12:00:00Z
archive-event-01620,learner-010,material_viewed,2026-09-24T12:00:00Z
archive-event-01621,learner-001,activity_submitted,2026-09-25T12:00:00Z
archive-event-01622,learner-002,material_viewed,2026-09-26T12:00:00Z
archive-event-01623,learner-003,activity_submitted,2026-09-27T12:00:00Z
archive-event-01624,learner-004,material_viewed,2026-09-28T12:00:00Z
archive-event-01625,learner-005,activity_submitted,2026-09-01T12:00:00Z
archive-event-01626,learner-006,material_viewed,2026-09-02T12:00:00Z
archive-event-01627,learner-007,activity_submitted,2026-09-03T12:00:00Z
archive-event-01628,learner-008,material_viewed,2026-09-04T12:00:00Z
archive-event-01629,learner-009,activity_submitted,2026-09-05T12:00:00Z
archive-event-01630,learner-010,material_viewed,2026-09-06T12:00:00Z
archive-event-01631,learner-001,activity_submitted,2026-09-07T12:00:00Z
archive-event-01632,learner-002,material_viewed,2026-09-08T12:00:00Z
archive-event-01633,learner-003,activity_submitted,2026-09-09T12:00:00Z
archive-event-01634,learner-004,material_viewed,2026-09-10T12:00:00Z
archive-event-01635,learner-005,activity_submitted,2026-09-11T12:00:00Z
archive-event-01636,learner-006,material_viewed,2026-09-12T12:00:00Z
archive-event-01637,learner-007,activity_submitted,2026-09-13T12:00:00Z
archive-event-01638,learner-008,material_viewed,2026-09-14T12:00:00Z
archive-event-01639,learner-009,activity_submitted,2026-09-15T12:00:00Z
archive-event-01640,learner-010,material_viewed,2026-09-16T12:00:00Z
archive-event-01641,learner-001,activity_submitted,2026-09-17T12:00:00Z
archive-event-01642,learner-002,material_viewed,2026-09-18T12:00:00Z
archive-event-01643,learner-003,activity_submitted,2026-09-19T12:00:00Z
archive-event-01644,learner-004,material_viewed,2026-09-20T12:00:00Z
archive-event-01645,learner-005,activity_submitted,2026-09-21T12:00:00Z
archive-event-01646,learner-006,material_viewed,2026-09-22T12:00:00Z
archive-event-01647,learner-007,activity_submitted,2026-09-23T12:00:00Z
archive-event-01648,learner-008,material_viewed,2026-09-24T12:00:00Z
archive-event-01649,learner-009,activity_submitted,2026-09-25T12:00:00Z
archive-event-01650,learner-010,material_viewed,2026-09-26T12:00:00Z
archive-event-01651,learner-001,activity_submitted,2026-09-27T12:00:00Z
archive-event-01652,learner-002,material_viewed,2026-09-28T12:00:00Z
archive-event-01653,learner-003,activity_submitted,2026-09-01T12:00:00Z
archive-event-01654,learner-004,material_viewed,2026-09-02T12:00:00Z
archive-event-01655,learner-005,activity_submitted,2026-09-03T12:00:00Z
archive-event-01656,learner-006,material_viewed,2026-09-04T12:00:00Z
archive-event-01657,learner-007,activity_submitted,2026-09-05T12:00:00Z
archive-event-01658,learner-008,material_viewed,2026-09-06T12:00:00Z
archive-event-01659,learner-009,activity_submitted,2026-09-07T12:00:00Z
archive-event-01660,learner-010,material_viewed,2026-09-08T12:00:00Z
archive-event-01661,learner-001,activity_submitted,2026-09-09T12:00:00Z
archive-event-01662,learner-002,material_viewed,2026-09-10T12:00:00Z
archive-event-01663,learner-003,activity_submitted,2026-09-11T12:00:00Z
archive-event-01664,learner-004,material_viewed,2026-09-12T12:00:00Z
archive-event-01665,learner-005,activity_submitted,2026-09-13T12:00:00Z
archive-event-01666,learner-006,material_viewed,2026-09-14T12:00:00Z
archive-event-01667,learner-007,activity_submitted,2026-09-15T12:00:00Z
archive-event-01668,learner-008,material_viewed,2026-09-16T12:00:00Z
archive-event-01669,learner-009,activity_submitted,2026-09-17T12:00:00Z
archive-event-01670,learner-010,material_viewed,2026-09-18T12:00:00Z
archive-event-01671,learner-001,activity_submitted,2026-09-19T12:00:00Z
archive-event-01672,learner-002,material_viewed,2026-09-20T12:00:00Z
archive-event-01673,learner-003,activity_submitted,2026-09-21T12:00:00Z
archive-event-01674,learner-004,material_viewed,2026-09-22T12:00:00Z
archive-event-01675,learner-005,activity_submitted,2026-09-23T12:00:00Z
archive-event-01676,learner-006,material_viewed,2026-09-24T12:00:00Z
archive-event-01677,learner-007,activity_submitted,2026-09-25T12:00:00Z
archive-event-01678,learner-008,material_viewed,2026-09-26T12:00:00Z
archive-event-01679,learner-009,activity_submitted,2026-09-27T12:00:00Z
archive-event-01680,learner-010,material_viewed,2026-09-28T12:00:00Z
archive-event-01681,learner-001,activity_submitted,2026-09-01T12:00:00Z
archive-event-01682,learner-002,material_viewed,2026-09-02T12:00:00Z
archive-event-01683,learner-003,activity_submitted,2026-09-03T12:00:00Z
archive-event-01684,learner-004,material_viewed,2026-09-04T12:00:00Z
archive-event-01685,learner-005,activity_submitted,2026-09-05T12:00:00Z
archive-event-01686,learner-006,material_viewed,2026-09-06T12:00:00Z
archive-event-01687,learner-007,activity_submitted,2026-09-07T12:00:00Z
archive-event-01688,learner-008,material_viewed,2026-09-08T12:00:00Z
archive-event-01689,learner-009,activity_submitted,2026-09-09T12:00:00Z
archive-event-01690,learner-010,material_viewed,2026-09-10T12:00:00Z
archive-event-01691,learner-001,activity_submitted,2026-09-11T12:00:00Z
archive-event-01692,learner-002,material_viewed,2026-09-12T12:00:00Z
archive-event-01693,learner-003,activity_submitted,2026-09-13T12:00:00Z
archive-event-01694,learner-004,material_viewed,2026-09-14T12:00:00Z
archive-event-01695,learner-005,activity_submitted,2026-09-15T12:00:00Z
archive-event-01696,learner-006,material_viewed,2026-09-16T12:00:00Z
archive-event-01697,learner-007,activity_submitted,2026-09-17T12:00:00Z
archive-event-01698,learner-008,material_viewed,2026-09-18T12:00:00Z
archive-event-01699,learner-009,activity_submitted,2026-09-19T12:00:00Z
archive-event-01700,learner-010,material_viewed,2026-09-20T12:00:00Z
archive-event-01701,learner-001,activity_submitted,2026-09-21T12:00:00Z
archive-event-01702,learner-002,material_viewed,2026-09-22T12:00:00Z
archive-event-01703,learner-003,activity_submitted,2026-09-23T12:00:00Z
archive-event-01704,learner-004,material_viewed,2026-09-24T12:00:00Z
archive-event-01705,learner-005,activity_submitted,2026-09-25T12:00:00Z
archive-event-01706,learner-006,material_viewed,2026-09-26T12:00:00Z
archive-event-01707,learner-007,activity_submitted,2026-09-27T12:00:00Z
archive-event-01708,learner-008,material_viewed,2026-09-28T12:00:00Z
archive-event-01709,learner-009,activity_submitted,2026-09-01T12:00:00Z
archive-event-01710,learner-010,material_viewed,2026-09-02T12:00:00Z
archive-event-01711,learner-001,activity_submitted,2026-09-03T12:00:00Z
archive-event-01712,learner-002,material_viewed,2026-09-04T12:00:00Z
archive-event-01713,learner-003,activity_submitted,2026-09-05T12:00:00Z
archive-event-01714,learner-004,material_viewed,2026-09-06T12:00:00Z
archive-event-01715,learner-005,activity_submitted,2026-09-07T12:00:00Z
archive-event-01716,learner-006,material_viewed,2026-09-08T12:00:00Z
archive-event-01717,learner-007,activity_submitted,2026-09-09T12:00:00Z
archive-event-01718,learner-008,material_viewed,2026-09-10T12:00:00Z
archive-event-01719,learner-009,activity_submitted,2026-09-11T12:00:00Z
archive-event-01720,learner-010,material_viewed,2026-09-12T12:00:00Z
archive-event-01721,learner-001,activity_submitted,2026-09-13T12:00:00Z
archive-event-01722,learner-002,material_viewed,2026-09-14T12:00:00Z
archive-event-01723,learner-003,activity_submitted,2026-09-15T12:00:00Z
archive-event-01724,learner-004,material_viewed,2026-09-16T12:00:00Z
archive-event-01725,learner-005,activity_submitted,2026-09-17T12:00:00Z
archive-event-01726,learner-006,material_viewed,2026-09-18T12:00:00Z
archive-event-01727,learner-007,activity_submitted,2026-09-19T12:00:00Z
archive-event-01728,learner-008,material_viewed,2026-09-20T12:00:00Z
archive-event-01729,learner-009,activity_submitted,2026-09-21T12:00:00Z
archive-event-01730,learner-010,material_viewed,2026-09-22T12:00:00Z
archive-event-01731,learner-001,activity_submitted,2026-09-23T12:00:00Z
archive-event-01732,learner-002,material_viewed,2026-09-24T12:00:00Z
archive-event-01733,learner-003,activity_submitted,2026-09-25T12:00:00Z
archive-event-01734,learner-004,material_viewed,2026-09-26T12:00:00Z
archive-event-01735,learner-005,activity_submitted,2026-09-27T12:00:00Z
archive-event-01736,learner-006,material_viewed,2026-09-28T12:00:00Z
archive-event-01737,learner-007,activity_submitted,2026-09-01T12:00:00Z
archive-event-01738,learner-008,material_viewed,2026-09-02T12:00:00Z
archive-event-01739,learner-009,activity_submitted,2026-09-03T12:00:00Z
archive-event-01740,learner-010,material_viewed,2026-09-04T12:00:00Z
archive-event-01741,learner-001,activity_submitted,2026-09-05T12:00:00Z
archive-event-01742,learner-002,material_viewed,2026-09-06T12:00:00Z
archive-event-01743,learner-003,activity_submitted,2026-09-07T12:00:00Z
archive-event-01744,learner-004,material_viewed,2026-09-08T12:00:00Z
archive-event-01745,learner-005,activity_submitted,2026-09-09T12:00:00Z
archive-event-01746,learner-006,material_viewed,2026-09-10T12:00:00Z
archive-event-01747,learner-007,activity_submitted,2026-09-11T12:00:00Z
archive-event-01748,learner-008,material_viewed,2026-09-12T12:00:00Z
archive-event-01749,learner-009,activity_submitted,2026-09-13T12:00:00Z
archive-event-01750,learner-010,material_viewed,2026-09-14T12:00:00Z
archive-event-01751,learner-001,activity_submitted,2026-09-15T12:00:00Z
archive-event-01752,learner-002,material_viewed,2026-09-16T12:00:00Z
archive-event-01753,learner-003,activity_submitted,2026-09-17T12:00:00Z
archive-event-01754,learner-004,material_viewed,2026-09-18T12:00:00Z
archive-event-01755,learner-005,activity_submitted,2026-09-19T12:00:00Z
archive-event-01756,learner-006,material_viewed,2026-09-20T12:00:00Z
archive-event-01757,learner-007,activity_submitted,2026-09-21T12:00:00Z
archive-event-01758,learner-008,material_viewed,2026-09-22T12:00:00Z
archive-event-01759,learner-009,activity_submitted,2026-09-23T12:00:00Z
archive-event-01760,learner-010,material_viewed,2026-09-24T12:00:00Z
archive-event-01761,learner-001,activity_submitted,2026-09-25T12:00:00Z
archive-event-01762,learner-002,material_viewed,2026-09-26T12:00:00Z
archive-event-01763,learner-003,activity_submitted,2026-09-27T12:00:00Z
archive-event-01764,learner-004,material_viewed,2026-09-28T12:00:00Z
archive-event-01765,learner-005,activity_submitted,2026-09-01T12:00:00Z
archive-event-01766,learner-006,material_viewed,2026-09-02T12:00:00Z
archive-event-01767,learner-007,activity_submitted,2026-09-03T12:00:00Z
archive-event-01768,learner-008,material_viewed,2026-09-04T12:00:00Z
archive-event-01769,learner-009,activity_submitted,2026-09-05T12:00:00Z
archive-event-01770,learner-010,material_viewed,2026-09-06T12:00:00Z
archive-event-01771,learner-001,activity_submitted,2026-09-07T12:00:00Z
archive-event-01772,learner-002,material_viewed,2026-09-08T12:00:00Z
archive-event-01773,learner-003,activity_submitted,2026-09-09T12:00:00Z
archive-event-01774,learner-004,material_viewed,2026-09-10T12:00:00Z
archive-event-01775,learner-005,activity_submitted,2026-09-11T12:00:00Z
archive-event-01776,learner-006,material_viewed,2026-09-12T12:00:00Z
archive-event-01777,learner-007,activity_submitted,2026-09-13T12:00:00Z
archive-event-01778,learner-008,material_viewed,2026-09-14T12:00:00Z
archive-event-01779,learner-009,activity_submitted,2026-09-15T12:00:00Z
archive-event-01780,learner-010,material_viewed,2026-09-16T12:00:00Z
archive-event-01781,learner-001,activity_submitted,2026-09-17T12:00:00Z
archive-event-01782,learner-002,material_viewed,2026-09-18T12:00:00Z
archive-event-01783,learner-003,activity_submitted,2026-09-19T12:00:00Z
archive-event-01784,learner-004,material_viewed,2026-09-20T12:00:00Z
archive-event-01785,learner-005,activity_submitted,2026-09-21T12:00:00Z
archive-event-01786,learner-006,material_viewed,2026-09-22T12:00:00Z
archive-event-01787,learner-007,activity_submitted,2026-09-23T12:00:00Z
archive-event-01788,learner-008,material_viewed,2026-09-24T12:00:00Z
archive-event-01789,learner-009,activity_submitted,2026-09-25T12:00:00Z
archive-event-01790,learner-010,material_viewed,2026-09-26T12:00:00Z
archive-event-01791,learner-001,activity_submitted,2026-09-27T12:00:00Z
archive-event-01792,learner-002,material_viewed,2026-09-28T12:00:00Z
archive-event-01793,learner-003,activity_submitted,2026-09-01T12:00:00Z
archive-event-01794,learner-004,material_viewed,2026-09-02T12:00:00Z
archive-event-01795,learner-005,activity_submitted,2026-09-03T12:00:00Z
archive-event-01796,learner-006,material_viewed,2026-09-04T12:00:00Z
archive-event-01797,learner-007,activity_submitted,2026-09-05T12:00:00Z
archive-event-01798,learner-008,material_viewed,2026-09-06T12:00:00Z
archive-event-01799,learner-009,activity_submitted,2026-09-07T12:00:00Z
archive-event-01800,learner-010,material_viewed,2026-09-08T12:00:00Z
archive-event-01801,learner-001,activity_submitted,2026-09-09T12:00:00Z
archive-event-01802,learner-002,material_viewed,2026-09-10T12:00:00Z
archive-event-01803,learner-003,activity_submitted,2026-09-11T12:00:00Z
archive-event-01804,learner-004,material_viewed,2026-09-12T12:00:00Z
archive-event-01805,learner-005,activity_submitted,2026-09-13T12:00:00Z
archive-event-01806,learner-006,material_viewed,2026-09-14T12:00:00Z
archive-event-01807,learner-007,activity_submitted,2026-09-15T12:00:00Z
archive-event-01808,learner-008,material_viewed,2026-09-16T12:00:00Z
archive-event-01809,learner-009,activity_submitted,2026-09-17T12:00:00Z
archive-event-01810,learner-010,material_viewed,2026-09-18T12:00:00Z
archive-event-01811,learner-001,activity_submitted,2026-09-19T12:00:00Z
archive-event-01812,learner-002,material_viewed,2026-09-20T12:00:00Z
archive-event-01813,learner-003,activity_submitted,2026-09-21T12:00:00Z
archive-event-01814,learner-004,material_viewed,2026-09-22T12:00:00Z
archive-event-01815,learner-005,activity_submitted,2026-09-23T12:00:00Z
archive-event-01816,learner-006,material_viewed,2026-09-24T12:00:00Z
archive-event-01817,learner-007,activity_submitted,2026-09-25T12:00:00Z
archive-event-01818,learner-008,material_viewed,2026-09-26T12:00:00Z
archive-event-01819,learner-009,activity_submitted,2026-09-27T12:00:00Z
archive-event-01820,learner-010,material_viewed,2026-09-28T12:00:00Z
archive-event-01821,learner-001,activity_submitted,2026-09-01T12:00:00Z
archive-event-01822,learner-002,material_viewed,2026-09-02T12:00:00Z
archive-event-01823,learner-003,activity_submitted,2026-09-03T12:00:00Z
archive-event-01824,learner-004,material_viewed,2026-09-04T12:00:00Z
archive-event-01825,learner-005,activity_submitted,2026-09-05T12:00:00Z
archive-event-01826,learner-006,material_viewed,2026-09-06T12:00:00Z
archive-event-01827,learner-007,activity_submitted,2026-09-07T12:00:00Z
archive-event-01828,learner-008,material_viewed,2026-09-08T12:00:00Z
archive-event-01829,learner-009,activity_submitted,2026-09-09T12:00:00Z
archive-event-01830,learner-010,material_viewed,2026-09-10T12:00:00Z
archive-event-01831,learner-001,activity_submitted,2026-09-11T12:00:00Z
archive-event-01832,learner-002,material_viewed,2026-09-12T12:00:00Z
archive-event-01833,learner-003,activity_submitted,2026-09-13T12:00:00Z
archive-event-01834,learner-004,material_viewed,2026-09-14T12:00:00Z
archive-event-01835,learner-005,activity_submitted,2026-09-15T12:00:00Z
archive-event-01836,learner-006,material_viewed,2026-09-16T12:00:00Z
archive-event-01837,learner-007,activity_submitted,2026-09-17T12:00:00Z
archive-event-01838,learner-008,material_viewed,2026-09-18T12:00:00Z
archive-event-01839,learner-009,activity_submitted,2026-09-19T12:00:00Z
archive-event-01840,learner-010,material_viewed,2026-09-20T12:00:00Z
archive-event-01841,learner-001,activity_submitted,2026-09-21T12:00:00Z
archive-event-01842,learner-002,material_viewed,2026-09-22T12:00:00Z
archive-event-01843,learner-003,activity_submitted,2026-09-23T12:00:00Z
archive-event-01844,learner-004,material_viewed,2026-09-24T12:00:00Z
archive-event-01845,learner-005,activity_submitted,2026-09-25T12:00:00Z
archive-event-01846,learner-006,material_viewed,2026-09-26T12:00:00Z
archive-event-01847,learner-007,activity_submitted,2026-09-27T12:00:00Z
archive-event-01848,learner-008,material_viewed,2026-09-28T12:00:00Z
archive-event-01849,learner-009,activity_submitted,2026-09-01T12:00:00Z
archive-event-01850,learner-010,material_viewed,2026-09-02T12:00:00Z
archive-event-01851,learner-001,activity_submitted,2026-09-03T12:00:00Z
archive-event-01852,learner-002,material_viewed,2026-09-04T12:00:00Z
archive-event-01853,learner-003,activity_submitted,2026-09-05T12:00:00Z
archive-event-01854,learner-004,material_viewed,2026-09-06T12:00:00Z
archive-event-01855,learner-005,activity_submitted,2026-09-07T12:00:00Z
archive-event-01856,learner-006,material_viewed,2026-09-08T12:00:00Z
archive-event-01857,learner-007,activity_submitted,2026-09-09T12:00:00Z
archive-event-01858,learner-008,material_viewed,2026-09-10T12:00:00Z
archive-event-01859,learner-009,activity_submitted,2026-09-11T12:00:00Z
archive-event-01860,learner-010,material_viewed,2026-09-12T12:00:00Z
archive-event-01861,learner-001,activity_submitted,2026-09-13T12:00:00Z
archive-event-01862,learner-002,material_viewed,2026-09-14T12:00:00Z
archive-event-01863,learner-003,activity_submitted,2026-09-15T12:00:00Z
archive-event-01864,learner-004,material_viewed,2026-09-16T12:00:00Z
archive-event-01865,learner-005,activity_submitted,2026-09-17T12:00:00Z
archive-event-01866,learner-006,material_viewed,2026-09-18T12:00:00Z
archive-event-01867,learner-007,activity_submitted,2026-09-19T12:00:00Z
archive-event-01868,learner-008,material_viewed,2026-09-20T12:00:00Z
archive-event-01869,learner-009,activity_submitted,2026-09-21T12:00:00Z
archive-event-01870,learner-010,material_viewed,2026-09-22T12:00:00Z
archive-event-01871,learner-001,activity_submitted,2026-09-23T12:00:00Z
archive-event-01872,learner-002,material_viewed,2026-09-24T12:00:00Z
archive-event-01873,learner-003,activity_submitted,2026-09-25T12:00:00Z
archive-event-01874,learner-004,material_viewed,2026-09-26T12:00:00Z
archive-event-01875,learner-005,activity_submitted,2026-09-27T12:00:00Z
archive-event-01876,learner-006,material_viewed,2026-09-28T12:00:00Z
archive-event-01877,learner-007,activity_submitted,2026-09-01T12:00:00Z
archive-event-01878,learner-008,material_viewed,2026-09-02T12:00:00Z
archive-event-01879,learner-009,activity_submitted,2026-09-03T12:00:00Z
archive-event-01880,learner-010,material_viewed,2026-09-04T12:00:00Z
archive-event-01881,learner-001,activity_submitted,2026-09-05T12:00:00Z
archive-event-01882,learner-002,material_viewed,2026-09-06T12:00:00Z
archive-event-01883,learner-003,activity_submitted,2026-09-07T12:00:00Z
archive-event-01884,learner-004,material_viewed,2026-09-08T12:00:00Z
archive-event-01885,learner-005,activity_submitted,2026-09-09T12:00:00Z
archive-event-01886,learner-006,material_viewed,2026-09-10T12:00:00Z
archive-event-01887,learner-007,activity_submitted,2026-09-11T12:00:00Z
archive-event-01888,learner-008,material_viewed,2026-09-12T12:00:00Z
archive-event-01889,learner-009,activity_submitted,2026-09-13T12:00:00Z
archive-event-01890,learner-010,material_viewed,2026-09-14T12:00:00Z
archive-event-01891,learner-001,activity_submitted,2026-09-15T12:00:00Z
archive-event-01892,learner-002,material_viewed,2026-09-16T12:00:00Z
archive-event-01893,learner-003,activity_submitted,2026-09-17T12:00:00Z
archive-event-01894,learner-004,material_viewed,2026-09-18T12:00:00Z
archive-event-01895,learner-005,activity_submitted,2026-09-19T12:00:00Z
archive-event-01896,learner-006,material_viewed,2026-09-20T12:00:00Z
archive-event-01897,learner-007,activity_submitted,2026-09-21T12:00:00Z
archive-event-01898,learner-008,material_viewed,2026-09-22T12:00:00Z
archive-event-01899,learner-009,activity_submitted,2026-09-23T12:00:00Z
archive-event-01900,learner-010,material_viewed,2026-09-24T12:00:00Z
archive-event-01901,learner-001,activity_submitted,2026-09-25T12:00:00Z
archive-event-01902,learner-002,material_viewed,2026-09-26T12:00:00Z
archive-event-01903,learner-003,activity_submitted,2026-09-27T12:00:00Z
archive-event-01904,learner-004,material_viewed,2026-09-28T12:00:00Z
archive-event-01905,learner-005,activity_submitted,2026-09-01T12:00:00Z
archive-event-01906,learner-006,material_viewed,2026-09-02T12:00:00Z
archive-event-01907,learner-007,activity_submitted,2026-09-03T12:00:00Z
archive-event-01908,learner-008,material_viewed,2026-09-04T12:00:00Z
archive-event-01909,learner-009,activity_submitted,2026-09-05T12:00:00Z
archive-event-01910,learner-010,material_viewed,2026-09-06T12:00:00Z
archive-event-01911,learner-001,activity_submitted,2026-09-07T12:00:00Z
archive-event-01912,learner-002,material_viewed,2026-09-08T12:00:00Z
archive-event-01913,learner-003,activity_submitted,2026-09-09T12:00:00Z
archive-event-01914,learner-004,material_viewed,2026-09-10T12:00:00Z
archive-event-01915,learner-005,activity_submitted,2026-09-11T12:00:00Z
archive-event-01916,learner-006,material_viewed,2026-09-12T12:00:00Z
archive-event-01917,learner-007,activity_submitted,2026-09-13T12:00:00Z
archive-event-01918,learner-008,material_viewed,2026-09-14T12:00:00Z
archive-event-01919,learner-009,activity_submitted,2026-09-15T12:00:00Z
archive-event-01920,learner-010,material_viewed,2026-09-16T12:00:00Z
archive-event-01921,learner-001,activity_submitted,2026-09-17T12:00:00Z
archive-event-01922,learner-002,material_viewed,2026-09-18T12:00:00Z
archive-event-01923,learner-003,activity_submitted,2026-09-19T12:00:00Z
archive-event-01924,learner-004,material_viewed,2026-09-20T12:00:00Z
archive-event-01925,learner-005,activity_submitted,2026-09-21T12:00:00Z
archive-event-01926,learner-006,material_viewed,2026-09-22T12:00:00Z
archive-event-01927,learner-007,activity_submitted,2026-09-23T12:00:00Z
archive-event-01928,learner-008,material_viewed,2026-09-24T12:00:00Z
archive-event-01929,learner-009,activity_submitted,2026-09-25T12:00:00Z
archive-event-01930,learner-010,material_viewed,2026-09-26T12:00:00Z
archive-event-01931,learner-001,activity_submitted,2026-09-27T12:00:00Z
archive-event-01932,learner-002,material_viewed,2026-09-28T12:00:00Z
archive-event-01933,learner-003,activity_submitted,2026-09-01T12:00:00Z
archive-event-01934,learner-004,material_viewed,2026-09-02T12:00:00Z
archive-event-01935,learner-005,activity_submitted,2026-09-03T12:00:00Z
archive-event-01936,learner-006,material_viewed,2026-09-04T12:00:00Z
archive-event-01937,learner-007,activity_submitted,2026-09-05T12:00:00Z
archive-event-01938,learner-008,material_viewed,2026-09-06T12:00:00Z
archive-event-01939,learner-009,activity_submitted,2026-09-07T12:00:00Z
archive-event-01940,learner-010,material_viewed,2026-09-08T12:00:00Z
archive-event-01941,learner-001,activity_submitted,2026-09-09T12:00:00Z
archive-event-01942,learner-002,material_viewed,2026-09-10T12:00:00Z
archive-event-01943,learner-003,activity_submitted,2026-09-11T12:00:00Z
archive-event-01944,learner-004,material_viewed,2026-09-12T12:00:00Z
archive-event-01945,learner-005,activity_submitted,2026-09-13T12:00:00Z
archive-event-01946,learner-006,material_viewed,2026-09-14T12:00:00Z
archive-event-01947,learner-007,activity_submitted,2026-09-15T12:00:00Z
archive-event-01948,learner-008,material_viewed,2026-09-16T12:00:00Z
archive-event-01949,learner-009,activity_submitted,2026-09-17T12:00:00Z
archive-event-01950,learner-010,material_viewed,2026-09-18T12:00:00Z
archive-event-01951,learner-001,activity_submitted,2026-09-19T12:00:00Z
archive-event-01952,learner-002,material_viewed,2026-09-20T12:00:00Z
archive-event-01953,learner-003,activity_submitted,2026-09-21T12:00:00Z
archive-event-01954,learner-004,material_viewed,2026-09-22T12:00:00Z
archive-event-01955,learner-005,activity_submitted,2026-09-23T12:00:00Z
archive-event-01956,learner-006,material_viewed,2026-09-24T12:00:00Z
archive-event-01957,learner-007,activity_submitted,2026-09-25T12:00:00Z
archive-event-01958,learner-008,material_viewed,2026-09-26T12:00:00Z
archive-event-01959,learner-009,activity_submitted,2026-09-27T12:00:00Z
archive-event-01960,learner-010,material_viewed,2026-09-28T12:00:00Z
archive-event-01961,learner-001,activity_submitted,2026-09-01T12:00:00Z
archive-event-01962,learner-002,material_viewed,2026-09-02T12:00:00Z
archive-event-01963,learner-003,activity_submitted,2026-09-03T12:00:00Z
archive-event-01964,learner-004,material_viewed,2026-09-04T12:00:00Z
archive-event-01965,learner-005,activity_submitted,2026-09-05T12:00:00Z
archive-event-01966,learner-006,material_viewed,2026-09-06T12:00:00Z
archive-event-01967,learner-007,activity_submitted,2026-09-07T12:00:00Z
archive-event-01968,learner-008,material_viewed,2026-09-08T12:00:00Z
archive-event-01969,learner-009,activity_submitted,2026-09-09T12:00:00Z
archive-event-01970,learner-010,material_viewed,2026-09-10T12:00:00Z
archive-event-01971,learner-001,activity_submitted,2026-09-11T12:00:00Z
archive-event-01972,learner-002,material_viewed,2026-09-12T12:00:00Z
archive-event-01973,learner-003,activity_submitted,2026-09-13T12:00:00Z
archive-event-01974,learner-004,material_viewed,2026-09-14T12:00:00Z
archive-event-01975,learner-005,activity_submitted,2026-09-15T12:00:00Z
archive-event-01976,learner-006,material_viewed,2026-09-16T12:00:00Z
archive-event-01977,learner-007,activity_submitted,2026-09-17T12:00:00Z
archive-event-01978,learner-008,material_viewed,2026-09-18T12:00:00Z
archive-event-01979,learner-009,activity_submitted,2026-09-19T12:00:00Z
archive-event-01980,learner-010,material_viewed,2026-09-20T12:00:00Z
archive-event-01981,learner-001,activity_submitted,2026-09-21T12:00:00Z
archive-event-01982,learner-002,material_viewed,2026-09-22T12:00:00Z
archive-event-01983,learner-003,activity_submitted,2026-09-23T12:00:00Z
archive-event-01984,learner-004,material_viewed,2026-09-24T12:00:00Z
archive-event-01985,learner-005,activity_submitted,2026-09-25T12:00:00Z
archive-event-01986,learner-006,material_viewed,2026-09-26T12:00:00Z
archive-event-01987,learner-007,activity_submitted,2026-09-27T12:00:00Z
archive-event-01988,learner-008,material_viewed,2026-09-28T12:00:00Z
archive-event-01989,learner-009,activity_submitted,2026-09-01T12:00:00Z
archive-event-01990,learner-010,material_viewed,2026-09-02T12:00:00Z
archive-event-01991,learner-001,activity_submitted,2026-09-03T12:00:00Z
archive-event-01992,learner-002,material_viewed,2026-09-04T12:00:00Z
archive-event-01993,learner-003,activity_submitted,2026-09-05T12:00:00Z
archive-event-01994,learner-004,material_viewed,2026-09-06T12:00:00Z
archive-event-01995,learner-005,activity_submitted,2026-09-07T12:00:00Z
archive-event-01996,learner-006,material_viewed,2026-09-08T12:00:00Z
archive-event-01997,learner-007,activity_submitted,2026-09-09T12:00:00Z
archive-event-01998,learner-008,material_viewed,2026-09-10T12:00:00Z
archive-event-01999,learner-009,activity_submitted,2026-09-11T12:00:00Z
archive-event-02000,learner-010,material_viewed,2026-09-12T12:00:00Z
archive-event-02001,learner-001,activity_submitted,2026-09-13T12:00:00Z
archive-event-02002,learner-002,material_viewed,2026-09-14T12:00:00Z
archive-event-02003,learner-003,activity_submitted,2026-09-15T12:00:00Z
archive-event-02004,learner-004,material_viewed,2026-09-16T12:00:00Z
archive-event-02005,learner-005,activity_submitted,2026-09-17T12:00:00Z
archive-event-02006,learner-006,material_viewed,2026-09-18T12:00:00Z
archive-event-02007,learner-007,activity_submitted,2026-09-19T12:00:00Z
archive-event-02008,learner-008,material_viewed,2026-09-20T12:00:00Z
archive-event-02009,learner-009,activity_submitted,2026-09-21T12:00:00Z
archive-event-02010,learner-010,material_viewed,2026-09-22T12:00:00Z
archive-event-02011,learner-001,activity_submitted,2026-09-23T12:00:00Z
archive-event-02012,learner-002,material_viewed,2026-09-24T12:00:00Z
archive-event-02013,learner-003,activity_submitted,2026-09-25T12:00:00Z
archive-event-02014,learner-004,material_viewed,2026-09-26T12:00:00Z
archive-event-02015,learner-005,activity_submitted,2026-09-27T12:00:00Z
archive-event-02016,learner-006,material_viewed,2026-09-28T12:00:00Z
archive-event-02017,learner-007,activity_submitted,2026-09-01T12:00:00Z
archive-event-02018,learner-008,material_viewed,2026-09-02T12:00:00Z
archive-event-02019,learner-009,activity_submitted,2026-09-03T12:00:00Z
archive-event-02020,learner-010,material_viewed,2026-09-04T12:00:00Z
archive-event-02021,learner-001,activity_submitted,2026-09-05T12:00:00Z
archive-event-02022,learner-002,material_viewed,2026-09-06T12:00:00Z
archive-event-02023,learner-003,activity_submitted,2026-09-07T12:00:00Z
archive-event-02024,learner-004,material_viewed,2026-09-08T12:00:00Z
archive-event-02025,learner-005,activity_submitted,2026-09-09T12:00:00Z
archive-event-02026,learner-006,material_viewed,2026-09-10T12:00:00Z
archive-event-02027,learner-007,activity_submitted,2026-09-11T12:00:00Z
archive-event-02028,learner-008,material_viewed,2026-09-12T12:00:00Z
archive-event-02029,learner-009,activity_submitted,2026-09-13T12:00:00Z
archive-event-02030,learner-010,material_viewed,2026-09-14T12:00:00Z
archive-event-02031,learner-001,activity_submitted,2026-09-15T12:00:00Z
archive-event-02032,learner-002,material_viewed,2026-09-16T12:00:00Z
archive-event-02033,learner-003,activity_submitted,2026-09-17T12:00:00Z
archive-event-02034,learner-004,material_viewed,2026-09-18T12:00:00Z
archive-event-02035,learner-005,activity_submitted,2026-09-19T12:00:00Z
archive-event-02036,learner-006,material_viewed,2026-09-20T12:00:00Z
archive-event-02037,learner-007,activity_submitted,2026-09-21T12:00:00Z
archive-event-02038,learner-008,material_viewed,2026-09-22T12:00:00Z
archive-event-02039,learner-009,activity_submitted,2026-09-23T12:00:00Z
archive-event-02040,learner-010,material_viewed,2026-09-24T12:00:00Z
archive-event-02041,learner-001,activity_submitted,2026-09-25T12:00:00Z
archive-event-02042,learner-002,material_viewed,2026-09-26T12:00:00Z
archive-event-02043,learner-003,activity_submitted,2026-09-27T12:00:00Z
archive-event-02044,learner-004,material_viewed,2026-09-28T12:00:00Z
archive-event-02045,learner-005,activity_submitted,2026-09-01T12:00:00Z
archive-event-02046,learner-006,material_viewed,2026-09-02T12:00:00Z
archive-event-02047,learner-007,activity_submitted,2026-09-03T12:00:00Z
archive-event-02048,learner-008,material_viewed,2026-09-04T12:00:00Z
archive-event-02049,learner-009,activity_submitted,2026-09-05T12:00:00Z
archive-event-02050,learner-010,material_viewed,2026-09-06T12:00:00Z
archive-event-02051,learner-001,activity_submitted,2026-09-07T12:00:00Z
archive-event-02052,learner-002,material_viewed,2026-09-08T12:00:00Z
archive-event-02053,learner-003,activity_submitted,2026-09-09T12:00:00Z
archive-event-02054,learner-004,material_viewed,2026-09-10T12:00:00Z
archive-event-02055,learner-005,activity_submitted,2026-09-11T12:00:00Z
archive-event-02056,learner-006,material_viewed,2026-09-12T12:00:00Z
archive-event-02057,learner-007,activity_submitted,2026-09-13T12:00:00Z
archive-event-02058,learner-008,material_viewed,2026-09-14T12:00:00Z
archive-event-02059,learner-009,activity_submitted,2026-09-15T12:00:00Z
archive-event-02060,learner-010,material_viewed,2026-09-16T12:00:00Z
archive-event-02061,learner-001,activity_submitted,2026-09-17T12:00:00Z
archive-event-02062,learner-002,material_viewed,2026-09-18T12:00:00Z
archive-event-02063,learner-003,activity_submitted,2026-09-19T12:00:00Z
archive-event-02064,learner-004,material_viewed,2026-09-20T12:00:00Z
archive-event-02065,learner-005,activity_submitted,2026-09-21T12:00:00Z
archive-event-02066,learner-006,material_viewed,2026-09-22T12:00:00Z
archive-event-02067,learner-007,activity_submitted,2026-09-23T12:00:00Z
archive-event-02068,learner-008,material_viewed,2026-09-24T12:00:00Z
archive-event-02069,learner-009,activity_submitted,2026-09-25T12:00:00Z
archive-event-02070,learner-010,material_viewed,2026-09-26T12:00:00Z
archive-event-02071,learner-001,activity_submitted,2026-09-27T12:00:00Z
archive-event-02072,learner-002,material_viewed,2026-09-28T12:00:00Z
archive-event-02073,learner-003,activity_submitted,2026-09-01T12:00:00Z
archive-event-02074,learner-004,material_viewed,2026-09-02T12:00:00Z
archive-event-02075,learner-005,activity_submitted,2026-09-03T12:00:00Z
archive-event-02076,learner-006,material_viewed,2026-09-04T12:00:00Z
archive-event-02077,learner-007,activity_submitted,2026-09-05T12:00:00Z
archive-event-02078,learner-008,material_viewed,2026-09-06T12:00:00Z
archive-event-02079,learner-009,activity_submitted,2026-09-07T12:00:00Z
archive-event-02080,learner-010,material_viewed,2026-09-08T12:00:00Z
archive-event-02081,learner-001,activity_submitted,2026-09-09T12:00:00Z
archive-event-02082,learner-002,material_viewed,2026-09-10T12:00:00Z
archive-event-02083,learner-003,activity_submitted,2026-09-11T12:00:00Z
archive-event-02084,learner-004,material_viewed,2026-09-12T12:00:00Z
archive-event-02085,learner-005,activity_submitted,2026-09-13T12:00:00Z
archive-event-02086,learner-006,material_viewed,2026-09-14T12:00:00Z
archive-event-02087,learner-007,activity_submitted,2026-09-15T12:00:00Z
archive-event-02088,learner-008,material_viewed,2026-09-16T12:00:00Z
archive-event-02089,learner-009,activity_submitted,2026-09-17T12:00:00Z
archive-event-02090,learner-010,material_viewed,2026-09-18T12:00:00Z
archive-event-02091,learner-001,activity_submitted,2026-09-19T12:00:00Z
archive-event-02092,learner-002,material_viewed,2026-09-20T12:00:00Z
archive-event-02093,learner-003,activity_submitted,2026-09-21T12:00:00Z
archive-event-02094,learner-004,material_viewed,2026-09-22T12:00:00Z
archive-event-02095,learner-005,activity_submitted,2026-09-23T12:00:00Z
archive-event-02096,learner-006,material_viewed,2026-09-24T12:00:00Z
archive-event-02097,learner-007,activity_submitted,2026-09-25T12:00:00Z
archive-event-02098,learner-008,material_viewed,2026-09-26T12:00:00Z
archive-event-02099,learner-009,activity_submitted,2026-09-27T12:00:00Z
archive-event-02100,learner-010,material_viewed,2026-09-28T12:00:00Z
archive-event-02101,learner-001,activity_submitted,2026-09-01T12:00:00Z
archive-event-02102,learner-002,material_viewed,2026-09-02T12:00:00Z
archive-event-02103,learner-003,activity_submitted,2026-09-03T12:00:00Z
archive-event-02104,learner-004,material_viewed,2026-09-04T12:00:00Z
archive-event-02105,learner-005,activity_submitted,2026-09-05T12:00:00Z
archive-event-02106,learner-006,material_viewed,2026-09-06T12:00:00Z
archive-event-02107,learner-007,activity_submitted,2026-09-07T12:00:00Z
archive-event-02108,learner-008,material_viewed,2026-09-08T12:00:00Z
archive-event-02109,learner-009,activity_submitted,2026-09-09T12:00:00Z
archive-event-02110,learner-010,material_viewed,2026-09-10T12:00:00Z
archive-event-02111,learner-001,activity_submitted,2026-09-11T12:00:00Z
archive-event-02112,learner-002,material_viewed,2026-09-12T12:00:00Z
archive-event-02113,learner-003,activity_submitted,2026-09-13T12:00:00Z
archive-event-02114,learner-004,material_viewed,2026-09-14T12:00:00Z
archive-event-02115,learner-005,activity_submitted,2026-09-15T12:00:00Z
archive-event-02116,learner-006,material_viewed,2026-09-16T12:00:00Z
archive-event-02117,learner-007,activity_submitted,2026-09-17T12:00:00Z
archive-event-02118,learner-008,material_viewed,2026-09-18T12:00:00Z
archive-event-02119,learner-009,activity_submitted,2026-09-19T12:00:00Z
archive-event-02120,learner-010,material_viewed,2026-09-20T12:00:00Z
archive-event-02121,learner-001,activity_submitted,2026-09-21T12:00:00Z
archive-event-02122,learner-002,material_viewed,2026-09-22T12:00:00Z
archive-event-02123,learner-003,activity_submitted,2026-09-23T12:00:00Z
archive-event-02124,learner-004,material_viewed,2026-09-24T12:00:00Z
archive-event-02125,learner-005,activity_submitted,2026-09-25T12:00:00Z
archive-event-02126,learner-006,material_viewed,2026-09-26T12:00:00Z
archive-event-02127,learner-007,activity_submitted,2026-09-27T12:00:00Z
archive-event-02128,learner-008,material_viewed,2026-09-28T12:00:00Z
archive-event-02129,learner-009,activity_submitted,2026-09-01T12:00:00Z
archive-event-02130,learner-010,material_viewed,2026-09-02T12:00:00Z
archive-event-02131,learner-001,activity_submitted,2026-09-03T12:00:00Z
archive-event-02132,learner-002,material_viewed,2026-09-04T12:00:00Z
archive-event-02133,learner-003,activity_submitted,2026-09-05T12:00:00Z
archive-event-02134,learner-004,material_viewed,2026-09-06T12:00:00Z
archive-event-02135,learner-005,activity_submitted,2026-09-07T12:00:00Z
archive-event-02136,learner-006,material_viewed,2026-09-08T12:00:00Z
archive-event-02137,learner-007,activity_submitted,2026-09-09T12:00:00Z
archive-event-02138,learner-008,material_viewed,2026-09-10T12:00:00Z
archive-event-02139,learner-009,activity_submitted,2026-09-11T12:00:00Z
archive-event-02140,learner-010,material_viewed,2026-09-12T12:00:00Z
archive-event-02141,learner-001,activity_submitted,2026-09-13T12:00:00Z
archive-event-02142,learner-002,material_viewed,2026-09-14T12:00:00Z
archive-event-02143,learner-003,activity_submitted,2026-09-15T12:00:00Z
archive-event-02144,learner-004,material_viewed,2026-09-16T12:00:00Z
archive-event-02145,learner-005,activity_submitted,2026-09-17T12:00:00Z
archive-event-02146,learner-006,material_viewed,2026-09-18T12:00:00Z
archive-event-02147,learner-007,activity_submitted,2026-09-19T12:00:00Z
archive-event-02148,learner-008,material_viewed,2026-09-20T12:00:00Z
archive-event-02149,learner-009,activity_submitted,2026-09-21T12:00:00Z
archive-event-02150,learner-010,material_viewed,2026-09-22T12:00:00Z
archive-event-02151,learner-001,activity_submitted,2026-09-23T12:00:00Z
archive-event-02152,learner-002,material_viewed,2026-09-24T12:00:00Z
archive-event-02153,learner-003,activity_submitted,2026-09-25T12:00:00Z
archive-event-02154,learner-004,material_viewed,2026-09-26T12:00:00Z
archive-event-02155,learner-005,activity_submitted,2026-09-27T12:00:00Z
archive-event-02156,learner-006,material_viewed,2026-09-28T12:00:00Z
archive-event-02157,learner-007,activity_submitted,2026-09-01T12:00:00Z
archive-event-02158,learner-008,material_viewed,2026-09-02T12:00:00Z
archive-event-02159,learner-009,activity_submitted,2026-09-03T12:00:00Z
archive-event-02160,learner-010,material_viewed,2026-09-04T12:00:00Z
archive-event-02161,learner-001,activity_submitted,2026-09-05T12:00:00Z
archive-event-02162,learner-002,material_viewed,2026-09-06T12:00:00Z
archive-event-02163,learner-003,activity_submitted,2026-09-07T12:00:00Z
archive-event-02164,learner-004,material_viewed,2026-09-08T12:00:00Z
archive-event-02165,learner-005,activity_submitted,2026-09-09T12:00:00Z
archive-event-02166,learner-006,material_viewed,2026-09-10T12:00:00Z
archive-event-02167,learner-007,activity_submitted,2026-09-11T12:00:00Z
archive-event-02168,learner-008,material_viewed,2026-09-12T12:00:00Z
archive-event-02169,learner-009,activity_submitted,2026-09-13T12:00:00Z
archive-event-02170,learner-010,material_viewed,2026-09-14T12:00:00Z
archive-event-02171,learner-001,activity_submitted,2026-09-15T12:00:00Z
archive-event-02172,learner-002,material_viewed,2026-09-16T12:00:00Z
archive-event-02173,learner-003,activity_submitted,2026-09-17T12:00:00Z
archive-event-02174,learner-004,material_viewed,2026-09-18T12:00:00Z
archive-event-02175,learner-005,activity_submitted,2026-09-19T12:00:00Z
archive-event-02176,learner-006,material_viewed,2026-09-20T12:00:00Z
archive-event-02177,learner-007,activity_submitted,2026-09-21T12:00:00Z
archive-event-02178,learner-008,material_viewed,2026-09-22T12:00:00Z
archive-event-02179,learner-009,activity_submitted,2026-09-23T12:00:00Z
archive-event-02180,learner-010,material_viewed,2026-09-24T12:00:00Z
archive-event-02181,learner-001,activity_submitted,2026-09-25T12:00:00Z
archive-event-02182,learner-002,material_viewed,2026-09-26T12:00:00Z
archive-event-02183,learner-003,activity_submitted,2026-09-27T12:00:00Z
archive-event-02184,learner-004,material_viewed,2026-09-28T12:00:00Z
archive-event-02185,learner-005,activity_submitted,2026-09-01T12:00:00Z
archive-event-02186,learner-006,material_viewed,2026-09-02T12:00:00Z
archive-event-02187,learner-007,activity_submitted,2026-09-03T12:00:00Z
archive-event-02188,learner-008,material_viewed,2026-09-04T12:00:00Z
archive-event-02189,learner-009,activity_submitted,2026-09-05T12:00:00Z
archive-event-02190,learner-010,material_viewed,2026-09-06T12:00:00Z
archive-event-02191,learner-001,activity_submitted,2026-09-07T12:00:00Z
archive-event-02192,learner-002,material_viewed,2026-09-08T12:00:00Z
archive-event-02193,learner-003,activity_submitted,2026-09-09T12:00:00Z
archive-event-02194,learner-004,material_viewed,2026-09-10T12:00:00Z
archive-event-02195,learner-005,activity_submitted,2026-09-11T12:00:00Z
archive-event-02196,learner-006,material_viewed,2026-09-12T12:00:00Z
archive-event-02197,learner-007,activity_submitted,2026-09-13T12:00:00Z
archive-event-02198,learner-008,material_viewed,2026-09-14T12:00:00Z
archive-event-02199,learner-009,activity_submitted,2026-09-15T12:00:00Z
archive-event-02200,learner-010,material_viewed,2026-09-16T12:00:00Z
archive-event-02201,learner-001,activity_submitted,2026-09-17T12:00:00Z
archive-event-02202,learner-002,material_viewed,2026-09-18T12:00:00Z
archive-event-02203,learner-003,activity_submitted,2026-09-19T12:00:00Z
archive-event-02204,learner-004,material_viewed,2026-09-20T12:00:00Z
archive-event-02205,learner-005,activity_submitted,2026-09-21T12:00:00Z
archive-event-02206,learner-006,material_viewed,2026-09-22T12:00:00Z
archive-event-02207,learner-007,activity_submitted,2026-09-23T12:00:00Z
archive-event-02208,learner-008,material_viewed,2026-09-24T12:00:00Z
archive-event-02209,learner-009,activity_submitted,2026-09-25T12:00:00Z
archive-event-02210,learner-010,material_viewed,2026-09-26T12:00:00Z
archive-event-02211,learner-001,activity_submitted,2026-09-27T12:00:00Z
archive-event-02212,learner-002,material_viewed,2026-09-28T12:00:00Z
archive-event-02213,learner-003,activity_submitted,2026-09-01T12:00:00Z
archive-event-02214,learner-004,material_viewed,2026-09-02T12:00:00Z
archive-event-02215,learner-005,activity_submitted,2026-09-03T12:00:00Z
archive-event-02216,learner-006,material_viewed,2026-09-04T12:00:00Z
archive-event-02217,learner-007,activity_submitted,2026-09-05T12:00:00Z
archive-event-02218,learner-008,material_viewed,2026-09-06T12:00:00Z
archive-event-02219,learner-009,activity_submitted,2026-09-07T12:00:00Z
archive-event-02220,learner-010,material_viewed,2026-09-08T12:00:00Z
archive-event-02221,learner-001,activity_submitted,2026-09-09T12:00:00Z
archive-event-02222,learner-002,material_viewed,2026-09-10T12:00:00Z
archive-event-02223,learner-003,activity_submitted,2026-09-11T12:00:00Z
archive-event-02224,learner-004,material_viewed,2026-09-12T12:00:00Z
archive-event-02225,learner-005,activity_submitted,2026-09-13T12:00:00Z
archive-event-02226,learner-006,material_viewed,2026-09-14T12:00:00Z
archive-event-02227,learner-007,activity_submitted,2026-09-15T12:00:00Z
archive-event-02228,learner-008,material_viewed,2026-09-16T12:00:00Z
archive-event-02229,learner-009,activity_submitted,2026-09-17T12:00:00Z
archive-event-02230,learner-010,material_viewed,2026-09-18T12:00:00Z
archive-event-02231,learner-001,activity_submitted,2026-09-19T12:00:00Z
archive-event-02232,learner-002,material_viewed,2026-09-20T12:00:00Z
archive-event-02233,learner-003,activity_submitted,2026-09-21T12:00:00Z
archive-event-02234,learner-004,material_viewed,2026-09-22T12:00:00Z
archive-event-02235,learner-005,activity_submitted,2026-09-23T12:00:00Z
archive-event-02236,learner-006,material_viewed,2026-09-24T12:00:00Z
archive-event-02237,learner-007,activity_submitted,2026-09-25T12:00:00Z
archive-event-02238,learner-008,material_viewed,2026-09-26T12:00:00Z
archive-event-02239,learner-009,activity_submitted,2026-09-27T12:00:00Z
archive-event-02240,learner-010,material_viewed,2026-09-28T12:00:00Z
archive-event-02241,learner-001,activity_submitted,2026-09-01T12:00:00Z
archive-event-02242,learner-002,material_viewed,2026-09-02T12:00:00Z
archive-event-02243,learner-003,activity_submitted,2026-09-03T12:00:00Z
archive-event-02244,learner-004,material_viewed,2026-09-04T12:00:00Z
archive-event-02245,learner-005,activity_submitted,2026-09-05T12:00:00Z
archive-event-02246,learner-006,material_viewed,2026-09-06T12:00:00Z
archive-event-02247,learner-007,activity_submitted,2026-09-07T12:00:00Z
archive-event-02248,learner-008,material_viewed,2026-09-08T12:00:00Z
archive-event-02249,learner-009,activity_submitted,2026-09-09T12:00:00Z
archive-event-02250,learner-010,material_viewed,2026-09-10T12:00:00Z
archive-event-02251,learner-001,activity_submitted,2026-09-11T12:00:00Z
archive-event-02252,learner-002,material_viewed,2026-09-12T12:00:00Z
archive-event-02253,learner-003,activity_submitted,2026-09-13T12:00:00Z
archive-event-02254,learner-004,material_viewed,2026-09-14T12:00:00Z
archive-event-02255,learner-005,activity_submitted,2026-09-15T12:00:00Z
archive-event-02256,learner-006,material_viewed,2026-09-16T12:00:00Z
archive-event-02257,learner-007,activity_submitted,2026-09-17T12:00:00Z
archive-event-02258,learner-008,material_viewed,2026-09-18T12:00:00Z
archive-event-02259,learner-009,activity_submitted,2026-09-19T12:00:00Z
archive-event-02260,learner-010,material_viewed,2026-09-20T12:00:00Z
archive-event-02261,learner-001,activity_submitted,2026-09-21T12:00:00Z
archive-event-02262,learner-002,material_viewed,2026-09-22T12:00:00Z
archive-event-02263,learner-003,activity_submitted,2026-09-23T12:00:00Z
archive-event-02264,learner-004,material_viewed,2026-09-24T12:00:00Z
archive-event-02265,learner-005,activity_submitted,2026-09-25T12:00:00Z
archive-event-02266,learner-006,material_viewed,2026-09-26T12:00:00Z
archive-event-02267,learner-007,activity_submitted,2026-09-27T12:00:00Z
archive-event-02268,learner-008,material_viewed,2026-09-28T12:00:00Z
archive-event-02269,learner-009,activity_submitted,2026-09-01T12:00:00Z
archive-event-02270,learner-010,material_viewed,2026-09-02T12:00:00Z
archive-event-02271,learner-001,activity_submitted,2026-09-03T12:00:00Z
archive-event-02272,learner-002,material_viewed,2026-09-04T12:00:00Z
archive-event-02273,learner-003,activity_submitted,2026-09-05T12:00:00Z
archive-event-02274,learner-004,material_viewed,2026-09-06T12:00:00Z
archive-event-02275,learner-005,activity_submitted,2026-09-07T12:00:00Z
archive-event-02276,learner-006,material_viewed,2026-09-08T12:00:00Z
archive-event-02277,learner-007,activity_submitted,2026-09-09T12:00:00Z
archive-event-02278,learner-008,material_viewed,2026-09-10T12:00:00Z
archive-event-02279,learner-009,activity_submitted,2026-09-11T12:00:00Z
archive-event-02280,learner-010,material_viewed,2026-09-12T12:00:00Z
archive-event-02281,learner-001,activity_submitted,2026-09-13T12:00:00Z
archive-event-02282,learner-002,material_viewed,2026-09-14T12:00:00Z
archive-event-02283,learner-003,activity_submitted,2026-09-15T12:00:00Z
archive-event-02284,learner-004,material_viewed,2026-09-16T12:00:00Z
archive-event-02285,learner-005,activity_submitted,2026-09-17T12:00:00Z
archive-event-02286,learner-006,material_viewed,2026-09-18T12:00:00Z
archive-event-02287,learner-007,activity_submitted,2026-09-19T12:00:00Z
archive-event-02288,learner-008,material_viewed,2026-09-20T12:00:00Z
archive-event-02289,learner-009,activity_submitted,2026-09-21T12:00:00Z
archive-event-02290,learner-010,material_viewed,2026-09-22T12:00:00Z
archive-event-02291,learner-001,activity_submitted,2026-09-23T12:00:00Z
archive-event-02292,learner-002,material_viewed,2026-09-24T12:00:00Z
archive-event-02293,learner-003,activity_submitted,2026-09-25T12:00:00Z
archive-event-02294,learner-004,material_viewed,2026-09-26T12:00:00Z
archive-event-02295,learner-005,activity_submitted,2026-09-27T12:00:00Z
archive-event-02296,learner-006,material_viewed,2026-09-28T12:00:00Z
archive-event-02297,learner-007,activity_submitted,2026-09-01T12:00:00Z
archive-event-02298,learner-008,material_viewed,2026-09-02T12:00:00Z
archive-event-02299,learner-009,activity_submitted,2026-09-03T12:00:00Z
archive-event-02300,learner-010,material_viewed,2026-09-04T12:00:00Z
archive-event-02301,learner-001,activity_submitted,2026-09-05T12:00:00Z
archive-event-02302,learner-002,material_viewed,2026-09-06T12:00:00Z
archive-event-02303,learner-003,activity_submitted,2026-09-07T12:00:00Z
archive-event-02304,learner-004,material_viewed,2026-09-08T12:00:00Z
archive-event-02305,learner-005,activity_submitted,2026-09-09T12:00:00Z
archive-event-02306,learner-006,material_viewed,2026-09-10T12:00:00Z
archive-event-02307,learner-007,activity_submitted,2026-09-11T12:00:00Z
archive-event-02308,learner-008,material_viewed,2026-09-12T12:00:00Z
archive-event-02309,learner-009,activity_submitted,2026-09-13T12:00:00Z
archive-event-02310,learner-010,material_viewed,2026-09-14T12:00:00Z
archive-event-02311,learner-001,activity_submitted,2026-09-15T12:00:00Z
archive-event-02312,learner-002,material_viewed,2026-09-16T12:00:00Z
archive-event-02313,learner-003,activity_submitted,2026-09-17T12:00:00Z
archive-event-02314,learner-004,material_viewed,2026-09-18T12:00:00Z
archive-event-02315,learner-005,activity_submitted,2026-09-19T12:00:00Z
archive-event-02316,learner-006,material_viewed,2026-09-20T12:00:00Z
archive-event-02317,learner-007,activity_submitted,2026-09-21T12:00:00Z
archive-event-02318,learner-008,material_viewed,2026-09-22T12:00:00Z
archive-event-02319,learner-009,activity_submitted,2026-09-23T12:00:00Z
archive-event-02320,learner-010,material_viewed,2026-09-24T12:00:00Z
archive-event-02321,learner-001,activity_submitted,2026-09-25T12:00:00Z
archive-event-02322,learner-002,material_viewed,2026-09-26T12:00:00Z
archive-event-02323,learner-003,activity_submitted,2026-09-27T12:00:00Z
archive-event-02324,learner-004,material_viewed,2026-09-28T12:00:00Z
archive-event-02325,learner-005,activity_submitted,2026-09-01T12:00:00Z
archive-event-02326,learner-006,material_viewed,2026-09-02T12:00:00Z
archive-event-02327,learner-007,activity_submitted,2026-09-03T12:00:00Z
archive-event-02328,learner-008,material_viewed,2026-09-04T12:00:00Z
archive-event-02329,learner-009,activity_submitted,2026-09-05T12:00:00Z
archive-event-02330,learner-010,material_viewed,2026-09-06T12:00:00Z
archive-event-02331,learner-001,activity_submitted,2026-09-07T12:00:00Z
archive-event-02332,learner-002,material_viewed,2026-09-08T12:00:00Z
archive-event-02333,learner-003,activity_submitted,2026-09-09T12:00:00Z
archive-event-02334,learner-004,material_viewed,2026-09-10T12:00:00Z
archive-event-02335,learner-005,activity_submitted,2026-09-11T12:00:00Z
archive-event-02336,learner-006,material_viewed,2026-09-12T12:00:00Z
archive-event-02337,learner-007,activity_submitted,2026-09-13T12:00:00Z
archive-event-02338,learner-008,material_viewed,2026-09-14T12:00:00Z
archive-event-02339,learner-009,activity_submitted,2026-09-15T12:00:00Z
archive-event-02340,learner-010,material_viewed,2026-09-16T12:00:00Z
archive-event-02341,learner-001,activity_submitted,2026-09-17T12:00:00Z
archive-event-02342,learner-002,material_viewed,2026-09-18T12:00:00Z
archive-event-02343,learner-003,activity_submitted,2026-09-19T12:00:00Z
archive-event-02344,learner-004,material_viewed,2026-09-20T12:00:00Z
archive-event-02345,learner-005,activity_submitted,2026-09-21T12:00:00Z
archive-event-02346,learner-006,material_viewed,2026-09-22T12:00:00Z
archive-event-02347,learner-007,activity_submitted,2026-09-23T12:00:00Z
archive-event-02348,learner-008,material_viewed,2026-09-24T12:00:00Z
archive-event-02349,learner-009,activity_submitted,2026-09-25T12:00:00Z
archive-event-02350,learner-010,material_viewed,2026-09-26T12:00:00Z
archive-event-02351,learner-001,activity_submitted,2026-09-27T12:00:00Z
archive-event-02352,learner-002,material_viewed,2026-09-28T12:00:00Z
archive-event-02353,learner-003,activity_submitted,2026-09-01T12:00:00Z
archive-event-02354,learner-004,material_viewed,2026-09-02T12:00:00Z
archive-event-02355,learner-005,activity_submitted,2026-09-03T12:00:00Z
archive-event-02356,learner-006,material_viewed,2026-09-04T12:00:00Z
archive-event-02357,learner-007,activity_submitted,2026-09-05T12:00:00Z
archive-event-02358,learner-008,material_viewed,2026-09-06T12:00:00Z
archive-event-02359,learner-009,activity_submitted,2026-09-07T12:00:00Z
archive-event-02360,learner-010,material_viewed,2026-09-08T12:00:00Z
archive-event-02361,learner-001,activity_submitted,2026-09-09T12:00:00Z
archive-event-02362,learner-002,material_viewed,2026-09-10T12:00:00Z
archive-event-02363,learner-003,activity_submitted,2026-09-11T12:00:00Z
archive-event-02364,learner-004,material_viewed,2026-09-12T12:00:00Z
archive-event-02365,learner-005,activity_submitted,2026-09-13T12:00:00Z
archive-event-02366,learner-006,material_viewed,2026-09-14T12:00:00Z
archive-event-02367,learner-007,activity_submitted,2026-09-15T12:00:00Z
archive-event-02368,learner-008,material_viewed,2026-09-16T12:00:00Z
archive-event-02369,learner-009,activity_submitted,2026-09-17T12:00:00Z
archive-event-02370,learner-010,material_viewed,2026-09-18T12:00:00Z
archive-event-02371,learner-001,activity_submitted,2026-09-19T12:00:00Z
archive-event-02372,learner-002,material_viewed,2026-09-20T12:00:00Z
archive-event-02373,learner-003,activity_submitted,2026-09-21T12:00:00Z
archive-event-02374,learner-004,material_viewed,2026-09-22T12:00:00Z
archive-event-02375,learner-005,activity_submitted,2026-09-23T12:00:00Z
archive-event-02376,learner-006,material_viewed,2026-09-24T12:00:00Z
archive-event-02377,learner-007,activity_submitted,2026-09-25T12:00:00Z
archive-event-02378,learner-008,material_viewed,2026-09-26T12:00:00Z
archive-event-02379,learner-009,activity_submitted,2026-09-27T12:00:00Z
archive-event-02380,learner-010,material_viewed,2026-09-28T12:00:00Z
archive-event-02381,learner-001,activity_submitted,2026-09-01T12:00:00Z
archive-event-02382,learner-002,material_viewed,2026-09-02T12:00:00Z
archive-event-02383,learner-003,activity_submitted,2026-09-03T12:00:00Z
archive-event-02384,learner-004,material_viewed,2026-09-04T12:00:00Z
archive-event-02385,learner-005,activity_submitted,2026-09-05T12:00:00Z
archive-event-02386,learner-006,material_viewed,2026-09-06T12:00:00Z
archive-event-02387,learner-007,activity_submitted,2026-09-07T12:00:00Z
archive-event-02388,learner-008,material_viewed,2026-09-08T12:00:00Z
archive-event-02389,learner-009,activity_submitted,2026-09-09T12:00:00Z
archive-event-02390,learner-010,material_viewed,2026-09-10T12:00:00Z
archive-event-02391,learner-001,activity_submitted,2026-09-11T12:00:00Z
archive-event-02392,learner-002,material_viewed,2026-09-12T12:00:00Z
archive-event-02393,learner-003,activity_submitted,2026-09-13T12:00:00Z
archive-event-02394,learner-004,material_viewed,2026-09-14T12:00:00Z
archive-event-02395,learner-005,activity_submitted,2026-09-15T12:00:00Z
archive-event-02396,learner-006,material_viewed,2026-09-16T12:00:00Z
archive-event-02397,learner-007,activity_submitted,2026-09-17T12:00:00Z
archive-event-02398,learner-008,material_viewed,2026-09-18T12:00:00Z
archive-event-02399,learner-009,activity_submitted,2026-09-19T12:00:00Z
archive-event-02400,learner-010,material_viewed,2026-09-20T12:00:00Z
archive-event-02401,learner-001,activity_submitted,2026-09-21T12:00:00Z
archive-event-02402,learner-002,material_viewed,2026-09-22T12:00:00Z
archive-event-02403,learner-003,activity_submitted,2026-09-23T12:00:00Z
archive-event-02404,learner-004,material_viewed,2026-09-24T12:00:00Z
archive-event-02405,learner-005,activity_submitted,2026-09-25T12:00:00Z
archive-event-02406,learner-006,material_viewed,2026-09-26T12:00:00Z
archive-event-02407,learner-007,activity_submitted,2026-09-27T12:00:00Z
archive-event-02408,learner-008,material_viewed,2026-09-28T12:00:00Z
archive-event-02409,learner-009,activity_submitted,2026-09-01T12:00:00Z
archive-event-02410,learner-010,material_viewed,2026-09-02T12:00:00Z
archive-event-02411,learner-001,activity_submitted,2026-09-03T12:00:00Z
archive-event-02412,learner-002,material_viewed,2026-09-04T12:00:00Z
archive-event-02413,learner-003,activity_submitted,2026-09-05T12:00:00Z
archive-event-02414,learner-004,material_viewed,2026-09-06T12:00:00Z
archive-event-02415,learner-005,activity_submitted,2026-09-07T12:00:00Z
archive-event-02416,learner-006,material_viewed,2026-09-08T12:00:00Z
archive-event-02417,learner-007,activity_submitted,2026-09-09T12:00:00Z
archive-event-02418,learner-008,material_viewed,2026-09-10T12:00:00Z
archive-event-02419,learner-009,activity_submitted,2026-09-11T12:00:00Z
archive-event-02420,learner-010,material_viewed,2026-09-12T12:00:00Z
archive-event-02421,learner-001,activity_submitted,2026-09-13T12:00:00Z
archive-event-02422,learner-002,material_viewed,2026-09-14T12:00:00Z
archive-event-02423,learner-003,activity_submitted,2026-09-15T12:00:00Z
archive-event-02424,learner-004,material_viewed,2026-09-16T12:00:00Z
archive-event-02425,learner-005,activity_submitted,2026-09-17T12:00:00Z
archive-event-02426,learner-006,material_viewed,2026-09-18T12:00:00Z
archive-event-02427,learner-007,activity_submitted,2026-09-19T12:00:00Z
archive-event-02428,learner-008,material_viewed,2026-09-20T12:00:00Z
archive-event-02429,learner-009,activity_submitted,2026-09-21T12:00:00Z
archive-event-02430,learner-010,material_viewed,2026-09-22T12:00:00Z
archive-event-02431,learner-001,activity_submitted,2026-09-23T12:00:00Z
archive-event-02432,learner-002,material_viewed,2026-09-24T12:00:00Z
archive-event-02433,learner-003,activity_submitted,2026-09-25T12:00:00Z
archive-event-02434,learner-004,material_viewed,2026-09-26T12:00:00Z
archive-event-02435,learner-005,activity_submitted,2026-09-27T12:00:00Z
archive-event-02436,learner-006,material_viewed,2026-09-28T12:00:00Z
archive-event-02437,learner-007,activity_submitted,2026-09-01T12:00:00Z
archive-event-02438,learner-008,material_viewed,2026-09-02T12:00:00Z
archive-event-02439,learner-009,activity_submitted,2026-09-03T12:00:00Z
archive-event-02440,learner-010,material_viewed,2026-09-04T12:00:00Z
archive-event-02441,learner-001,activity_submitted,2026-09-05T12:00:00Z
archive-event-02442,learner-002,material_viewed,2026-09-06T12:00:00Z
archive-event-02443,learner-003,activity_submitted,2026-09-07T12:00:00Z
archive-event-02444,learner-004,material_viewed,2026-09-08T12:00:00Z
archive-event-02445,learner-005,activity_submitted,2026-09-09T12:00:00Z
archive-event-02446,learner-006,material_viewed,2026-09-10T12:00:00Z
archive-event-02447,learner-007,activity_submitted,2026-09-11T12:00:00Z
archive-event-02448,learner-008,material_viewed,2026-09-12T12:00:00Z
archive-event-02449,learner-009,activity_submitted,2026-09-13T12:00:00Z
archive-event-02450,learner-010,material_viewed,2026-09-14T12:00:00Z
archive-event-02451,learner-001,activity_submitted,2026-09-15T12:00:00Z
archive-event-02452,learner-002,material_viewed,2026-09-16T12:00:00Z
archive-event-02453,learner-003,activity_submitted,2026-09-17T12:00:00Z
archive-event-02454,learner-004,material_viewed,2026-09-18T12:00:00Z
archive-event-02455,learner-005,activity_submitted,2026-09-19T12:00:00Z
archive-event-02456,learner-006,material_viewed,2026-09-20T12:00:00Z
archive-event-02457,learner-007,activity_submitted,2026-09-21T12:00:00Z
archive-event-02458,learner-008,material_viewed,2026-09-22T12:00:00Z
archive-event-02459,learner-009,activity_submitted,2026-09-23T12:00:00Z
archive-event-02460,learner-010,material_viewed,2026-09-24T12:00:00Z
archive-event-02461,learner-001,activity_submitted,2026-09-25T12:00:00Z
archive-event-02462,learner-002,material_viewed,2026-09-26T12:00:00Z
archive-event-02463,learner-003,activity_submitted,2026-09-27T12:00:00Z
archive-event-02464,learner-004,material_viewed,2026-09-28T12:00:00Z
archive-event-02465,learner-005,activity_submitted,2026-09-01T12:00:00Z
archive-event-02466,learner-006,material_viewed,2026-09-02T12:00:00Z
archive-event-02467,learner-007,activity_submitted,2026-09-03T12:00:00Z
archive-event-02468,learner-008,material_viewed,2026-09-04T12:00:00Z
archive-event-02469,learner-009,activity_submitted,2026-09-05T12:00:00Z
archive-event-02470,learner-010,material_viewed,2026-09-06T12:00:00Z
archive-event-02471,learner-001,activity_submitted,2026-09-07T12:00:00Z
archive-event-02472,learner-002,material_viewed,2026-09-08T12:00:00Z
archive-event-02473,learner-003,activity_submitted,2026-09-09T12:00:00Z
archive-event-02474,learner-004,material_viewed,2026-09-10T12:00:00Z
archive-event-02475,learner-005,activity_submitted,2026-09-11T12:00:00Z
archive-event-02476,learner-006,material_viewed,2026-09-12T12:00:00Z
archive-event-02477,learner-007,activity_submitted,2026-09-13T12:00:00Z
archive-event-02478,learner-008,material_viewed,2026-09-14T12:00:00Z
archive-event-02479,learner-009,activity_submitted,2026-09-15T12:00:00Z
archive-event-02480,learner-010,material_viewed,2026-09-16T12:00:00Z
archive-event-02481,learner-001,activity_submitted,2026-09-17T12:00:00Z
archive-event-02482,learner-002,material_viewed,2026-09-18T12:00:00Z
archive-event-02483,learner-003,activity_submitted,2026-09-19T12:00:00Z
archive-event-02484,learner-004,material_viewed,2026-09-20T12:00:00Z
archive-event-02485,learner-005,activity_submitted,2026-09-21T12:00:00Z
archive-event-02486,learner-006,material_viewed,2026-09-22T12:00:00Z
archive-event-02487,learner-007,activity_submitted,2026-09-23T12:00:00Z
archive-event-02488,learner-008,material_viewed,2026-09-24T12:00:00Z
archive-event-02489,learner-009,activity_submitted,2026-09-25T12:00:00Z
archive-event-02490,learner-010,material_viewed,2026-09-26T12:00:00Z
archive-event-02491,learner-001,activity_submitted,2026-09-27T12:00:00Z
archive-event-02492,learner-002,material_viewed,2026-09-28T12:00:00Z
archive-event-02493,learner-003,activity_submitted,2026-09-01T12:00:00Z
archive-event-02494,learner-004,material_viewed,2026-09-02T12:00:00Z
archive-event-02495,learner-005,activity_submitted,2026-09-03T12:00:00Z
archive-event-02496,learner-006,material_viewed,2026-09-04T12:00:00Z
archive-event-02497,learner-007,activity_submitted,2026-09-05T12:00:00Z
archive-event-02498,learner-008,material_viewed,2026-09-06T12:00:00Z
archive-event-02499,learner-009,activity_submitted,2026-09-07T12:00:00Z
archive-event-02500,learner-010,material_viewed,2026-09-08T12:00:00Z
archive-event-02501,learner-001,activity_submitted,2026-09-09T12:00:00Z
archive-event-02502,learner-002,material_viewed,2026-09-10T12:00:00Z
archive-event-02503,learner-003,activity_submitted,2026-09-11T12:00:00Z
archive-event-02504,learner-004,material_viewed,2026-09-12T12:00:00Z
archive-event-02505,learner-005,activity_submitted,2026-09-13T12:00:00Z
archive-event-02506,learner-006,material_viewed,2026-09-14T12:00:00Z
archive-event-02507,learner-007,activity_submitted,2026-09-15T12:00:00Z
archive-event-02508,learner-008,material_viewed,2026-09-16T12:00:00Z
archive-event-02509,learner-009,activity_submitted,2026-09-17T12:00:00Z
archive-event-02510,learner-010,material_viewed,2026-09-18T12:00:00Z
archive-event-02511,learner-001,activity_submitted,2026-09-19T12:00:00Z
archive-event-02512,learner-002,material_viewed,2026-09-20T12:00:00Z
archive-event-02513,learner-003,activity_submitted,2026-09-21T12:00:00Z
archive-event-02514,learner-004,material_viewed,2026-09-22T12:00:00Z
archive-event-02515,learner-005,activity_submitted,2026-09-23T12:00:00Z
archive-event-02516,learner-006,material_viewed,2026-09-24T12:00:00Z
archive-event-02517,learner-007,activity_submitted,2026-09-25T12:00:00Z
archive-event-02518,learner-008,material_viewed,2026-09-26T12:00:00Z
archive-event-02519,learner-009,activity_submitted,2026-09-27T12:00:00Z
archive-event-02520,learner-010,material_viewed,2026-09-28T12:00:00Z
archive-event-02521,learner-001,activity_submitted,2026-09-01T12:00:00Z
archive-event-02522,learner-002,material_viewed,2026-09-02T12:00:00Z
archive-event-02523,learner-003,activity_submitted,2026-09-03T12:00:00Z
archive-event-02524,learner-004,material_viewed,2026-09-04T12:00:00Z
archive-event-02525,learner-005,activity_submitted,2026-09-05T12:00:00Z
archive-event-02526,learner-006,material_viewed,2026-09-06T12:00:00Z
archive-event-02527,learner-007,activity_submitted,2026-09-07T12:00:00Z
archive-event-02528,learner-008,material_viewed,2026-09-08T12:00:00Z
archive-event-02529,learner-009,activity_submitted,2026-09-09T12:00:00Z
archive-event-02530,learner-010,material_viewed,2026-09-10T12:00:00Z
archive-event-02531,learner-001,activity_submitted,2026-09-11T12:00:00Z
archive-event-02532,learner-002,material_viewed,2026-09-12T12:00:00Z
archive-event-02533,learner-003,activity_submitted,2026-09-13T12:00:00Z
archive-event-02534,learner-004,material_viewed,2026-09-14T12:00:00Z
archive-event-02535,learner-005,activity_submitted,2026-09-15T12:00:00Z
archive-event-02536,learner-006,material_viewed,2026-09-16T12:00:00Z
archive-event-02537,learner-007,activity_submitted,2026-09-17T12:00:00Z
archive-event-02538,learner-008,material_viewed,2026-09-18T12:00:00Z
archive-event-02539,learner-009,activity_submitted,2026-09-19T12:00:00Z
archive-event-02540,learner-010,material_viewed,2026-09-20T12:00:00Z
archive-event-02541,learner-001,activity_submitted,2026-09-21T12:00:00Z
archive-event-02542,learner-002,material_viewed,2026-09-22T12:00:00Z
archive-event-02543,learner-003,activity_submitted,2026-09-23T12:00:00Z
archive-event-02544,learner-004,material_viewed,2026-09-24T12:00:00Z
archive-event-02545,learner-005,activity_submitted,2026-09-25T12:00:00Z
archive-event-02546,learner-006,material_viewed,2026-09-26T12:00:00Z
archive-event-02547,learner-007,activity_submitted,2026-09-27T12:00:00Z
archive-event-02548,learner-008,material_viewed,2026-09-28T12:00:00Z
archive-event-02549,learner-009,activity_submitted,2026-09-01T12:00:00Z
archive-event-02550,learner-010,material_viewed,2026-09-02T12:00:00Z
archive-event-02551,learner-001,activity_submitted,2026-09-03T12:00:00Z
archive-event-02552,learner-002,material_viewed,2026-09-04T12:00:00Z
archive-event-02553,learner-003,activity_submitted,2026-09-05T12:00:00Z
archive-event-02554,learner-004,material_viewed,2026-09-06T12:00:00Z
archive-event-02555,learner-005,activity_submitted,2026-09-07T12:00:00Z
archive-event-02556,learner-006,material_viewed,2026-09-08T12:00:00Z
archive-event-02557,learner-007,activity_submitted,2026-09-09T12:00:00Z
archive-event-02558,learner-008,material_viewed,2026-09-10T12:00:00Z
archive-event-02559,learner-009,activity_submitted,2026-09-11T12:00:00Z
archive-event-02560,learner-010,material_viewed,2026-09-12T12:00:00Z
archive-event-02561,learner-001,activity_submitted,2026-09-13T12:00:00Z
archive-event-02562,learner-002,material_viewed,2026-09-14T12:00:00Z
archive-event-02563,learner-003,activity_submitted,2026-09-15T12:00:00Z
archive-event-02564,learner-004,material_viewed,2026-09-16T12:00:00Z
archive-event-02565,learner-005,activity_submitted,2026-09-17T12:00:00Z
archive-event-02566,learner-006,material_viewed,2026-09-18T12:00:00Z
archive-event-02567,learner-007,activity_submitted,2026-09-19T12:00:00Z
archive-event-02568,learner-008,material_viewed,2026-09-20T12:00:00Z
archive-event-02569,learner-009,activity_submitted,2026-09-21T12:00:00Z
archive-event-02570,learner-010,material_viewed,2026-09-22T12:00:00Z
archive-event-02571,learner-001,activity_submitted,2026-09-23T12:00:00Z
archive-event-02572,learner-002,material_viewed,2026-09-24T12:00:00Z
archive-event-02573,learner-003,activity_submitted,2026-09-25T12:00:00Z
archive-event-02574,learner-004,material_viewed,2026-09-26T12:00:00Z
archive-event-02575,learner-005,activity_submitted,2026-09-27T12:00:00Z
archive-event-02576,learner-006,material_viewed,2026-09-28T12:00:00Z
archive-event-02577,learner-007,activity_submitted,2026-09-01T12:00:00Z
archive-event-02578,learner-008,material_viewed,2026-09-02T12:00:00Z
archive-event-02579,learner-009,activity_submitted,2026-09-03T12:00:00Z
archive-event-02580,learner-010,material_viewed,2026-09-04T12:00:00Z
archive-event-02581,learner-001,activity_submitted,2026-09-05T12:00:00Z
archive-event-02582,learner-002,material_viewed,2026-09-06T12:00:00Z
archive-event-02583,learner-003,activity_submitted,2026-09-07T12:00:00Z
archive-event-02584,learner-004,material_viewed,2026-09-08T12:00:00Z
archive-event-02585,learner-005,activity_submitted,2026-09-09T12:00:00Z
archive-event-02586,learner-006,material_viewed,2026-09-10T12:00:00Z
archive-event-02587,learner-007,activity_submitted,2026-09-11T12:00:00Z
archive-event-02588,learner-008,material_viewed,2026-09-12T12:00:00Z
archive-event-02589,learner-009,activity_submitted,2026-09-13T12:00:00Z
archive-event-02590,learner-010,material_viewed,2026-09-14T12:00:00Z
archive-event-02591,learner-001,activity_submitted,2026-09-15T12:00:00Z
archive-event-02592,learner-002,material_viewed,2026-09-16T12:00:00Z
archive-event-02593,learner-003,activity_submitted,2026-09-17T12:00:00Z
archive-event-02594,learner-004,material_viewed,2026-09-18T12:00:00Z
archive-event-02595,learner-005,activity_submitted,2026-09-19T12:00:00Z
archive-event-02596,learner-006,material_viewed,2026-09-20T12:00:00Z
archive-event-02597,learner-007,activity_submitted,2026-09-21T12:00:00Z
archive-event-02598,learner-008,material_viewed,2026-09-22T12:00:00Z
archive-event-02599,learner-009,activity_submitted,2026-09-23T12:00:00Z
archive-event-02600,learner-010,material_viewed,2026-09-24T12:00:00Z
archive-event-02601,learner-001,activity_submitted,2026-09-25T12:00:00Z
archive-event-02602,learner-002,material_viewed,2026-09-26T12:00:00Z
archive-event-02603,learner-003,activity_submitted,2026-09-27T12:00:00Z
archive-event-02604,learner-004,material_viewed,2026-09-28T12:00:00Z
archive-event-02605,learner-005,activity_submitted,2026-09-01T12:00:00Z
archive-event-02606,learner-006,material_viewed,2026-09-02T12:00:00Z
archive-event-02607,learner-007,activity_submitted,2026-09-03T12:00:00Z
archive-event-02608,learner-008,material_viewed,2026-09-04T12:00:00Z
archive-event-02609,learner-009,activity_submitted,2026-09-05T12:00:00Z
archive-event-02610,learner-010,material_viewed,2026-09-06T12:00:00Z
archive-event-02611,learner-001,activity_submitted,2026-09-07T12:00:00Z
archive-event-02612,learner-002,material_viewed,2026-09-08T12:00:00Z
archive-event-02613,learner-003,activity_submitted,2026-09-09T12:00:00Z
archive-event-02614,learner-004,material_viewed,2026-09-10T12:00:00Z
archive-event-02615,learner-005,activity_submitted,2026-09-11T12:00:00Z
archive-event-02616,learner-006,material_viewed,2026-09-12T12:00:00Z
archive-event-02617,learner-007,activity_submitted,2026-09-13T12:00:00Z
archive-event-02618,learner-008,material_viewed,2026-09-14T12:00:00Z
archive-event-02619,learner-009,activity_submitted,2026-09-15T12:00:00Z
archive-event-02620,learner-010,material_viewed,2026-09-16T12:00:00Z
archive-event-02621,learner-001,activity_submitted,2026-09-17T12:00:00Z
archive-event-02622,learner-002,material_viewed,2026-09-18T12:00:00Z
archive-event-02623,learner-003,activity_submitted,2026-09-19T12:00:00Z
archive-event-02624,learner-004,material_viewed,2026-09-20T12:00:00Z
archive-event-02625,learner-005,activity_submitted,2026-09-21T12:00:00Z
archive-event-02626,learner-006,material_viewed,2026-09-22T12:00:00Z
archive-event-02627,learner-007,activity_submitted,2026-09-23T12:00:00Z
archive-event-02628,learner-008,material_viewed,2026-09-24T12:00:00Z
archive-event-02629,learner-009,activity_submitted,2026-09-25T12:00:00Z
archive-event-02630,learner-010,material_viewed,2026-09-26T12:00:00Z
archive-event-02631,learner-001,activity_submitted,2026-09-27T12:00:00Z
archive-event-02632,learner-002,material_viewed,2026-09-28T12:00:00Z
archive-event-02633,learner-003,activity_submitted,2026-09-01T12:00:00Z
archive-event-02634,learner-004,material_viewed,2026-09-02T12:00:00Z
archive-event-02635,learner-005,activity_submitted,2026-09-03T12:00:00Z
archive-event-02636,learner-006,material_viewed,2026-09-04T12:00:00Z
archive-event-02637,learner-007,activity_submitted,2026-09-05T12:00:00Z
archive-event-02638,learner-008,material_viewed,2026-09-06T12:00:00Z
archive-event-02639,learner-009,activity_submitted,2026-09-07T12:00:00Z
archive-event-02640,learner-010,material_viewed,2026-09-08T12:00:00Z
archive-event-02641,learner-001,activity_submitted,2026-09-09T12:00:00Z
archive-event-02642,learner-002,material_viewed,2026-09-10T12:00:00Z
archive-event-02643,learner-003,activity_submitted,2026-09-11T12:00:00Z
archive-event-02644,learner-004,material_viewed,2026-09-12T12:00:00Z
archive-event-02645,learner-005,activity_submitted,2026-09-13T12:00:00Z
archive-event-02646,learner-006,material_viewed,2026-09-14T12:00:00Z
archive-event-02647,learner-007,activity_submitted,2026-09-15T12:00:00Z
archive-event-02648,learner-008,material_viewed,2026-09-16T12:00:00Z
archive-event-02649,learner-009,activity_submitted,2026-09-17T12:00:00Z
archive-event-02650,learner-010,material_viewed,2026-09-18T12:00:00Z
archive-event-02651,learner-001,activity_submitted,2026-09-19T12:00:00Z
archive-event-02652,learner-002,material_viewed,2026-09-20T12:00:00Z
archive-event-02653,learner-003,activity_submitted,2026-09-21T12:00:00Z
archive-event-02654,learner-004,material_viewed,2026-09-22T12:00:00Z
archive-event-02655,learner-005,activity_submitted,2026-09-23T12:00:00Z
archive-event-02656,learner-006,material_viewed,2026-09-24T12:00:00Z
archive-event-02657,learner-007,activity_submitted,2026-09-25T12:00:00Z
archive-event-02658,learner-008,material_viewed,2026-09-26T12:00:00Z
archive-event-02659,learner-009,activity_submitted,2026-09-27T12:00:00Z
archive-event-02660,learner-010,material_viewed,2026-09-28T12:00:00Z
archive-event-02661,learner-001,activity_submitted,2026-09-01T12:00:00Z
archive-event-02662,learner-002,material_viewed,2026-09-02T12:00:00Z
archive-event-02663,learner-003,activity_submitted,2026-09-03T12:00:00Z
archive-event-02664,learner-004,material_viewed,2026-09-04T12:00:00Z
archive-event-02665,learner-005,activity_submitted,2026-09-05T12:00:00Z
archive-event-02666,learner-006,material_viewed,2026-09-06T12:00:00Z
archive-event-02667,learner-007,activity_submitted,2026-09-07T12:00:00Z
archive-event-02668,learner-008,material_viewed,2026-09-08T12:00:00Z
archive-event-02669,learner-009,activity_submitted,2026-09-09T12:00:00Z
archive-event-02670,learner-010,material_viewed,2026-09-10T12:00:00Z
archive-event-02671,learner-001,activity_submitted,2026-09-11T12:00:00Z
archive-event-02672,learner-002,material_viewed,2026-09-12T12:00:00Z
archive-event-02673,learner-003,activity_submitted,2026-09-13T12:00:00Z
archive-event-02674,learner-004,material_viewed,2026-09-14T12:00:00Z
archive-event-02675,learner-005,activity_submitted,2026-09-15T12:00:00Z
archive-event-02676,learner-006,material_viewed,2026-09-16T12:00:00Z
archive-event-02677,learner-007,activity_submitted,2026-09-17T12:00:00Z
archive-event-02678,learner-008,material_viewed,2026-09-18T12:00:00Z
archive-event-02679,learner-009,activity_submitted,2026-09-19T12:00:00Z
archive-event-02680,learner-010,material_viewed,2026-09-20T12:00:00Z
archive-event-02681,learner-001,activity_submitted,2026-09-21T12:00:00Z
archive-event-02682,learner-002,material_viewed,2026-09-22T12:00:00Z
archive-event-02683,learner-003,activity_submitted,2026-09-23T12:00:00Z
archive-event-02684,learner-004,material_viewed,2026-09-24T12:00:00Z
archive-event-02685,learner-005,activity_submitted,2026-09-25T12:00:00Z
archive-event-02686,learner-006,material_viewed,2026-09-26T12:00:00Z
archive-event-02687,learner-007,activity_submitted,2026-09-27T12:00:00Z
archive-event-02688,learner-008,material_viewed,2026-09-28T12:00:00Z
archive-event-02689,learner-009,activity_submitted,2026-09-01T12:00:00Z
archive-event-02690,learner-010,material_viewed,2026-09-02T12:00:00Z
archive-event-02691,learner-001,activity_submitted,2026-09-03T12:00:00Z
archive-event-02692,learner-002,material_viewed,2026-09-04T12:00:00Z
archive-event-02693,learner-003,activity_submitted,2026-09-05T12:00:00Z
archive-event-02694,learner-004,material_viewed,2026-09-06T12:00:00Z
archive-event-02695,learner-005,activity_submitted,2026-09-07T12:00:00Z
archive-event-02696,learner-006,material_viewed,2026-09-08T12:00:00Z
archive-event-02697,learner-007,activity_submitted,2026-09-09T12:00:00Z
archive-event-02698,learner-008,material_viewed,2026-09-10T12:00:00Z
archive-event-02699,learner-009,activity_submitted,2026-09-11T12:00:00Z
archive-event-02700,learner-010,material_viewed,2026-09-12T12:00:00Z
archive-event-02701,learner-001,activity_submitted,2026-09-13T12:00:00Z
archive-event-02702,learner-002,material_viewed,2026-09-14T12:00:00Z
archive-event-02703,learner-003,activity_submitted,2026-09-15T12:00:00Z
archive-event-02704,learner-004,material_viewed,2026-09-16T12:00:00Z
archive-event-02705,learner-005,activity_submitted,2026-09-17T12:00:00Z
archive-event-02706,learner-006,material_viewed,2026-09-18T12:00:00Z
archive-event-02707,learner-007,activity_submitted,2026-09-19T12:00:00Z
archive-event-02708,learner-008,material_viewed,2026-09-20T12:00:00Z
archive-event-02709,learner-009,activity_submitted,2026-09-21T12:00:00Z
archive-event-02710,learner-010,material_viewed,2026-09-22T12:00:00Z
archive-event-02711,learner-001,activity_submitted,2026-09-23T12:00:00Z
archive-event-02712,learner-002,material_viewed,2026-09-24T12:00:00Z
archive-event-02713,learner-003,activity_submitted,2026-09-25T12:00:00Z
archive-event-02714,learner-004,material_viewed,2026-09-26T12:00:00Z
archive-event-02715,learner-005,activity_submitted,2026-09-27T12:00:00Z
archive-event-02716,learner-006,material_viewed,2026-09-28T12:00:00Z
archive-event-02717,learner-007,activity_submitted,2026-09-01T12:00:00Z
archive-event-02718,learner-008,material_viewed,2026-09-02T12:00:00Z
archive-event-02719,learner-009,activity_submitted,2026-09-03T12:00:00Z
archive-event-02720,learner-010,material_viewed,2026-09-04T12:00:00Z
archive-event-02721,learner-001,activity_submitted,2026-09-05T12:00:00Z
archive-event-02722,learner-002,material_viewed,2026-09-06T12:00:00Z
archive-event-02723,learner-003,activity_submitted,2026-09-07T12:00:00Z
archive-event-02724,learner-004,material_viewed,2026-09-08T12:00:00Z
archive-event-02725,learner-005,activity_submitted,2026-09-09T12:00:00Z
archive-event-02726,learner-006,material_viewed,2026-09-10T12:00:00Z
archive-event-02727,learner-007,activity_submitted,2026-09-11T12:00:00Z
archive-event-02728,learner-008,material_viewed,2026-09-12T12:00:00Z
archive-event-02729,learner-009,activity_submitted,2026-09-13T12:00:00Z
archive-event-02730,learner-010,material_viewed,2026-09-14T12:00:00Z
archive-event-02731,learner-001,activity_submitted,2026-09-15T12:00:00Z
archive-event-02732,learner-002,material_viewed,2026-09-16T12:00:00Z
archive-event-02733,learner-003,activity_submitted,2026-09-17T12:00:00Z
archive-event-02734,learner-004,material_viewed,2026-09-18T12:00:00Z
archive-event-02735,learner-005,activity_submitted,2026-09-19T12:00:00Z
archive-event-02736,learner-006,material_viewed,2026-09-20T12:00:00Z
archive-event-02737,learner-007,activity_submitted,2026-09-21T12:00:00Z
archive-event-02738,learner-008,material_viewed,2026-09-22T12:00:00Z
archive-event-02739,learner-009,activity_submitted,2026-09-23T12:00:00Z
archive-event-02740,learner-010,material_viewed,2026-09-24T12:00:00Z
archive-event-02741,learner-001,activity_submitted,2026-09-25T12:00:00Z
archive-event-02742,learner-002,material_viewed,2026-09-26T12:00:00Z
archive-event-02743,learner-003,activity_submitted,2026-09-27T12:00:00Z
archive-event-02744,learner-004,material_viewed,2026-09-28T12:00:00Z
archive-event-02745,learner-005,activity_submitted,2026-09-01T12:00:00Z
archive-event-02746,learner-006,material_viewed,2026-09-02T12:00:00Z
archive-event-02747,learner-007,activity_submitted,2026-09-03T12:00:00Z
archive-event-02748,learner-008,material_viewed,2026-09-04T12:00:00Z
archive-event-02749,learner-009,activity_submitted,2026-09-05T12:00:00Z
archive-event-02750,learner-010,material_viewed,2026-09-06T12:00:00Z
archive-event-02751,learner-001,activity_submitted,2026-09-07T12:00:00Z
archive-event-02752,learner-002,material_viewed,2026-09-08T12:00:00Z
archive-event-02753,learner-003,activity_submitted,2026-09-09T12:00:00Z
archive-event-02754,learner-004,material_viewed,2026-09-10T12:00:00Z
archive-event-02755,learner-005,activity_submitted,2026-09-11T12:00:00Z
archive-event-02756,learner-006,material_viewed,2026-09-12T12:00:00Z
archive-event-02757,learner-007,activity_submitted,2026-09-13T12:00:00Z
archive-event-02758,learner-008,material_viewed,2026-09-14T12:00:00Z
archive-event-02759,learner-009,activity_submitted,2026-09-15T12:00:00Z
archive-event-02760,learner-010,material_viewed,2026-09-16T12:00:00Z
archive-event-02761,learner-001,activity_submitted,2026-09-17T12:00:00Z
archive-event-02762,learner-002,material_viewed,2026-09-18T12:00:00Z
archive-event-02763,learner-003,activity_submitted,2026-09-19T12:00:00Z
archive-event-02764,learner-004,material_viewed,2026-09-20T12:00:00Z
archive-event-02765,learner-005,activity_submitted,2026-09-21T12:00:00Z
archive-event-02766,learner-006,material_viewed,2026-09-22T12:00:00Z
archive-event-02767,learner-007,activity_submitted,2026-09-23T12:00:00Z
archive-event-02768,learner-008,material_viewed,2026-09-24T12:00:00Z
archive-event-02769,learner-009,activity_submitted,2026-09-25T12:00:00Z
archive-event-02770,learner-010,material_viewed,2026-09-26T12:00:00Z
archive-event-02771,learner-001,activity_submitted,2026-09-27T12:00:00Z
archive-event-02772,learner-002,material_viewed,2026-09-28T12:00:00Z
archive-event-02773,learner-003,activity_submitted,2026-09-01T12:00:00Z
archive-event-02774,learner-004,material_viewed,2026-09-02T12:00:00Z
archive-event-02775,learner-005,activity_submitted,2026-09-03T12:00:00Z
archive-event-02776,learner-006,material_viewed,2026-09-04T12:00:00Z
archive-event-02777,learner-007,activity_submitted,2026-09-05T12:00:00Z
archive-event-02778,learner-008,material_viewed,2026-09-06T12:00:00Z
archive-event-02779,learner-009,activity_submitted,2026-09-07T12:00:00Z
archive-event-02780,learner-010,material_viewed,2026-09-08T12:00:00Z
archive-event-02781,learner-001,activity_submitted,2026-09-09T12:00:00Z
archive-event-02782,learner-002,material_viewed,2026-09-10T12:00:00Z
archive-event-02783,learner-003,activity_submitted,2026-09-11T12:00:00Z
archive-event-02784,learner-004,material_viewed,2026-09-12T12:00:00Z
archive-event-02785,learner-005,activity_submitted,2026-09-13T12:00:00Z
archive-event-02786,learner-006,material_viewed,2026-09-14T12:00:00Z
archive-event-02787,learner-007,activity_submitted,2026-09-15T12:00:00Z
archive-event-02788,learner-008,material_viewed,2026-09-16T12:00:00Z
archive-event-02789,learner-009,activity_submitted,2026-09-17T12:00:00Z
archive-event-02790,learner-010,material_viewed,2026-09-18T12:00:00Z
archive-event-02791,learner-001,activity_submitted,2026-09-19T12:00:00Z
archive-event-02792,learner-002,material_viewed,2026-09-20T12:00:00Z
archive-event-02793,learner-003,activity_submitted,2026-09-21T12:00:00Z
archive-event-02794,learner-004,material_viewed,2026-09-22T12:00:00Z
archive-event-02795,learner-005,activity_submitted,2026-09-23T12:00:00Z
archive-event-02796,learner-006,material_viewed,2026-09-24T12:00:00Z
archive-event-02797,learner-007,activity_submitted,2026-09-25T12:00:00Z
archive-event-02798,learner-008,material_viewed,2026-09-26T12:00:00Z
archive-event-02799,learner-009,activity_submitted,2026-09-27T12:00:00Z
archive-event-02800,learner-010,material_viewed,2026-09-28T12:00:00Z
archive-event-02801,learner-001,activity_submitted,2026-09-01T12:00:00Z
archive-event-02802,learner-002,material_viewed,2026-09-02T12:00:00Z
archive-event-02803,learner-003,activity_submitted,2026-09-03T12:00:00Z
archive-event-02804,learner-004,material_viewed,2026-09-04T12:00:00Z
archive-event-02805,learner-005,activity_submitted,2026-09-05T12:00:00Z
archive-event-02806,learner-006,material_viewed,2026-09-06T12:00:00Z
archive-event-02807,learner-007,activity_submitted,2026-09-07T12:00:00Z
archive-event-02808,learner-008,material_viewed,2026-09-08T12:00:00Z
archive-event-02809,learner-009,activity_submitted,2026-09-09T12:00:00Z
archive-event-02810,learner-010,material_viewed,2026-09-10T12:00:00Z
archive-event-02811,learner-001,activity_submitted,2026-09-11T12:00:00Z
archive-event-02812,learner-002,material_viewed,2026-09-12T12:00:00Z
archive-event-02813,learner-003,activity_submitted,2026-09-13T12:00:00Z
archive-event-02814,learner-004,material_viewed,2026-09-14T12:00:00Z
archive-event-02815,learner-005,activity_submitted,2026-09-15T12:00:00Z
archive-event-02816,learner-006,material_viewed,2026-09-16T12:00:00Z
archive-event-02817,learner-007,activity_submitted,2026-09-17T12:00:00Z
archive-event-02818,learner-008,material_viewed,2026-09-18T12:00:00Z
archive-event-02819,learner-009,activity_submitted,2026-09-19T12:00:00Z
archive-event-02820,learner-010,material_viewed,2026-09-20T12:00:00Z
archive-event-02821,learner-001,activity_submitted,2026-09-21T12:00:00Z
archive-event-02822,learner-002,material_viewed,2026-09-22T12:00:00Z
archive-event-02823,learner-003,activity_submitted,2026-09-23T12:00:00Z
archive-event-02824,learner-004,material_viewed,2026-09-24T12:00:00Z
archive-event-02825,learner-005,activity_submitted,2026-09-25T12:00:00Z
archive-event-02826,learner-006,material_viewed,2026-09-26T12:00:00Z
archive-event-02827,learner-007,activity_submitted,2026-09-27T12:00:00Z
archive-event-02828,learner-008,material_viewed,2026-09-28T12:00:00Z
archive-event-02829,learner-009,activity_submitted,2026-09-01T12:00:00Z
archive-event-02830,learner-010,material_viewed,2026-09-02T12:00:00Z
archive-event-02831,learner-001,activity_submitted,2026-09-03T12:00:00Z
archive-event-02832,learner-002,material_viewed,2026-09-04T12:00:00Z
archive-event-02833,learner-003,activity_submitted,2026-09-05T12:00:00Z
archive-event-02834,learner-004,material_viewed,2026-09-06T12:00:00Z
archive-event-02835,learner-005,activity_submitted,2026-09-07T12:00:00Z
archive-event-02836,learner-006,material_viewed,2026-09-08T12:00:00Z
archive-event-02837,learner-007,activity_submitted,2026-09-09T12:00:00Z
archive-event-02838,learner-008,material_viewed,2026-09-10T12:00:00Z
archive-event-02839,learner-009,activity_submitted,2026-09-11T12:00:00Z
archive-event-02840,learner-010,material_viewed,2026-09-12T12:00:00Z
archive-event-02841,learner-001,activity_submitted,2026-09-13T12:00:00Z
archive-event-02842,learner-002,material_viewed,2026-09-14T12:00:00Z
archive-event-02843,learner-003,activity_submitted,2026-09-15T12:00:00Z
archive-event-02844,learner-004,material_viewed,2026-09-16T12:00:00Z
archive-event-02845,learner-005,activity_submitted,2026-09-17T12:00:00Z
archive-event-02846,learner-006,material_viewed,2026-09-18T12:00:00Z
archive-event-02847,learner-007,activity_submitted,2026-09-19T12:00:00Z
archive-event-02848,learner-008,material_viewed,2026-09-20T12:00:00Z
archive-event-02849,learner-009,activity_submitted,2026-09-21T12:00:00Z
archive-event-02850,learner-010,material_viewed,2026-09-22T12:00:00Z
archive-event-02851,learner-001,activity_submitted,2026-09-23T12:00:00Z
archive-event-02852,learner-002,material_viewed,2026-09-24T12:00:00Z
archive-event-02853,learner-003,activity_submitted,2026-09-25T12:00:00Z
archive-event-02854,learner-004,material_viewed,2026-09-26T12:00:00Z
archive-event-02855,learner-005,activity_submitted,2026-09-27T12:00:00Z
archive-event-02856,learner-006,material_viewed,2026-09-28T12:00:00Z
archive-event-02857,learner-007,activity_submitted,2026-09-01T12:00:00Z
archive-event-02858,learner-008,material_viewed,2026-09-02T12:00:00Z
archive-event-02859,learner-009,activity_submitted,2026-09-03T12:00:00Z
archive-event-02860,learner-010,material_viewed,2026-09-04T12:00:00Z
archive-event-02861,learner-001,activity_submitted,2026-09-05T12:00:00Z
archive-event-02862,learner-002,material_viewed,2026-09-06T12:00:00Z
archive-event-02863,learner-003,activity_submitted,2026-09-07T12:00:00Z
archive-event-02864,learner-004,material_viewed,2026-09-08T12:00:00Z
archive-event-02865,learner-005,activity_submitted,2026-09-09T12:00:00Z
archive-event-02866,learner-006,material_viewed,2026-09-10T12:00:00Z
archive-event-02867,learner-007,activity_submitted,2026-09-11T12:00:00Z
archive-event-02868,learner-008,material_viewed,2026-09-12T12:00:00Z
archive-event-02869,learner-009,activity_submitted,2026-09-13T12:00:00Z
archive-event-02870,learner-010,material_viewed,2026-09-14T12:00:00Z
archive-event-02871,learner-001,activity_submitted,2026-09-15T12:00:00Z
archive-event-02872,learner-002,material_viewed,2026-09-16T12:00:00Z
archive-event-02873,learner-003,activity_submitted,2026-09-17T12:00:00Z
archive-event-02874,learner-004,material_viewed,2026-09-18T12:00:00Z
archive-event-02875,learner-005,activity_submitted,2026-09-19T12:00:00Z
archive-event-02876,learner-006,material_viewed,2026-09-20T12:00:00Z
archive-event-02877,learner-007,activity_submitted,2026-09-21T12:00:00Z
archive-event-02878,learner-008,material_viewed,2026-09-22T12:00:00Z
archive-event-02879,learner-009,activity_submitted,2026-09-23T12:00:00Z
archive-event-02880,learner-010,material_viewed,2026-09-24T12:00:00Z
archive-event-02881,learner-001,activity_submitted,2026-09-25T12:00:00Z
archive-event-02882,learner-002,material_viewed,2026-09-26T12:00:00Z
archive-event-02883,learner-003,activity_submitted,2026-09-27T12:00:00Z
archive-event-02884,learner-004,material_viewed,2026-09-28T12:00:00Z
archive-event-02885,learner-005,activity_submitted,2026-09-01T12:00:00Z
archive-event-02886,learner-006,material_viewed,2026-09-02T12:00:00Z
archive-event-02887,learner-007,activity_submitted,2026-09-03T12:00:00Z
archive-event-02888,learner-008,material_viewed,2026-09-04T12:00:00Z
archive-event-02889,learner-009,activity_submitted,2026-09-05T12:00:00Z
archive-event-02890,learner-010,material_viewed,2026-09-06T12:00:00Z
archive-event-02891,learner-001,activity_submitted,2026-09-07T12:00:00Z
archive-event-02892,learner-002,material_viewed,2026-09-08T12:00:00Z
archive-event-02893,learner-003,activity_submitted,2026-09-09T12:00:00Z
archive-event-02894,learner-004,material_viewed,2026-09-10T12:00:00Z
archive-event-02895,learner-005,activity_submitted,2026-09-11T12:00:00Z
archive-event-02896,learner-006,material_viewed,2026-09-12T12:00:00Z
archive-event-02897,learner-007,activity_submitted,2026-09-13T12:00:00Z
archive-event-02898,learner-008,material_viewed,2026-09-14T12:00:00Z
archive-event-02899,learner-009,activity_submitted,2026-09-15T12:00:00Z
archive-event-02900,learner-010,material_viewed,2026-09-16T12:00:00Z
archive-event-02901,learner-001,activity_submitted,2026-09-17T12:00:00Z
archive-event-02902,learner-002,material_viewed,2026-09-18T12:00:00Z
archive-event-02903,learner-003,activity_submitted,2026-09-19T12:00:00Z
archive-event-02904,learner-004,material_viewed,2026-09-20T12:00:00Z
archive-event-02905,learner-005,activity_submitted,2026-09-21T12:00:00Z
archive-event-02906,learner-006,material_viewed,2026-09-22T12:00:00Z
archive-event-02907,learner-007,activity_submitted,2026-09-23T12:00:00Z
archive-event-02908,learner-008,material_viewed,2026-09-24T12:00:00Z
archive-event-02909,learner-009,activity_submitted,2026-09-25T12:00:00Z
archive-event-02910,learner-010,material_viewed,2026-09-26T12:00:00Z
archive-event-02911,learner-001,activity_submitted,2026-09-27T12:00:00Z
archive-event-02912,learner-002,material_viewed,2026-09-28T12:00:00Z
archive-event-02913,learner-003,activity_submitted,2026-09-01T12:00:00Z
archive-event-02914,learner-004,material_viewed,2026-09-02T12:00:00Z
archive-event-02915,learner-005,activity_submitted,2026-09-03T12:00:00Z
archive-event-02916,learner-006,material_viewed,2026-09-04T12:00:00Z
archive-event-02917,learner-007,activity_submitted,2026-09-05T12:00:00Z
archive-event-02918,learner-008,material_viewed,2026-09-06T12:00:00Z
archive-event-02919,learner-009,activity_submitted,2026-09-07T12:00:00Z
archive-event-02920,learner-010,material_viewed,2026-09-08T12:00:00Z
archive-event-02921,learner-001,activity_submitted,2026-09-09T12:00:00Z
archive-event-02922,learner-002,material_viewed,2026-09-10T12:00:00Z
archive-event-02923,learner-003,activity_submitted,2026-09-11T12:00:00Z
archive-event-02924,learner-004,material_viewed,2026-09-12T12:00:00Z
archive-event-02925,learner-005,activity_submitted,2026-09-13T12:00:00Z
archive-event-02926,learner-006,material_viewed,2026-09-14T12:00:00Z
archive-event-02927,learner-007,activity_submitted,2026-09-15T12:00:00Z
archive-event-02928,learner-008,material_viewed,2026-09-16T12:00:00Z
archive-event-02929,learner-009,activity_submitted,2026-09-17T12:00:00Z
archive-event-02930,learner-010,material_viewed,2026-09-18T12:00:00Z
archive-event-02931,learner-001,activity_submitted,2026-09-19T12:00:00Z
archive-event-02932,learner-002,material_viewed,2026-09-20T12:00:00Z
archive-event-02933,learner-003,activity_submitted,2026-09-21T12:00:00Z
archive-event-02934,learner-004,material_viewed,2026-09-22T12:00:00Z
archive-event-02935,learner-005,activity_submitted,2026-09-23T12:00:00Z
archive-event-02936,learner-006,material_viewed,2026-09-24T12:00:00Z
archive-event-02937,learner-007,activity_submitted,2026-09-25T12:00:00Z
archive-event-02938,learner-008,material_viewed,2026-09-26T12:00:00Z
archive-event-02939,learner-009,activity_submitted,2026-09-27T12:00:00Z
archive-event-02940,learner-010,material_viewed,2026-09-28T12:00:00Z
archive-event-02941,learner-001,activity_submitted,2026-09-01T12:00:00Z
archive-event-02942,learner-002,material_viewed,2026-09-02T12:00:00Z
archive-event-02943,learner-003,activity_submitted,2026-09-03T12:00:00Z
archive-event-02944,learner-004,material_viewed,2026-09-04T12:00:00Z
archive-event-02945,learner-005,activity_submitted,2026-09-05T12:00:00Z
archive-event-02946,learner-006,material_viewed,2026-09-06T12:00:00Z
archive-event-02947,learner-007,activity_submitted,2026-09-07T12:00:00Z
archive-event-02948,learner-008,material_viewed,2026-09-08T12:00:00Z
archive-event-02949,learner-009,activity_submitted,2026-09-09T12:00:00Z
archive-event-02950,learner-010,material_viewed,2026-09-10T12:00:00Z
archive-event-02951,learner-001,activity_submitted,2026-09-11T12:00:00Z
archive-event-02952,learner-002,material_viewed,2026-09-12T12:00:00Z
archive-event-02953,learner-003,activity_submitted,2026-09-13T12:00:00Z
archive-event-02954,learner-004,material_viewed,2026-09-14T12:00:00Z
archive-event-02955,learner-005,activity_submitted,2026-09-15T12:00:00Z
archive-event-02956,learner-006,material_viewed,2026-09-16T12:00:00Z
archive-event-02957,learner-007,activity_submitted,2026-09-17T12:00:00Z
archive-event-02958,learner-008,material_viewed,2026-09-18T12:00:00Z
archive-event-02959,learner-009,activity_submitted,2026-09-19T12:00:00Z
archive-event-02960,learner-010,material_viewed,2026-09-20T12:00:00Z
archive-event-02961,learner-001,activity_submitted,2026-09-21T12:00:00Z
archive-event-02962,learner-002,material_viewed,2026-09-22T12:00:00Z
archive-event-02963,learner-003,activity_submitted,2026-09-23T12:00:00Z
archive-event-02964,learner-004,material_viewed,2026-09-24T12:00:00Z
archive-event-02965,learner-005,activity_submitted,2026-09-25T12:00:00Z
archive-event-02966,learner-006,material_viewed,2026-09-26T12:00:00Z
archive-event-02967,learner-007,activity_submitted,2026-09-27T12:00:00Z
archive-event-02968,learner-008,material_viewed,2026-09-28T12:00:00Z
archive-event-02969,learner-009,activity_submitted,2026-09-01T12:00:00Z
archive-event-02970,learner-010,material_viewed,2026-09-02T12:00:00Z
archive-event-02971,learner-001,activity_submitted,2026-09-03T12:00:00Z
archive-event-02972,learner-002,material_viewed,2026-09-04T12:00:00Z
archive-event-02973,learner-003,activity_submitted,2026-09-05T12:00:00Z
archive-event-02974,learner-004,material_viewed,2026-09-06T12:00:00Z
archive-event-02975,learner-005,activity_submitted,2026-09-07T12:00:00Z
archive-event-02976,learner-006,material_viewed,2026-09-08T12:00:00Z
archive-event-02977,learner-007,activity_submitted,2026-09-09T12:00:00Z
archive-event-02978,learner-008,material_viewed,2026-09-10T12:00:00Z
archive-event-02979,learner-009,activity_submitted,2026-09-11T12:00:00Z
archive-event-02980,learner-010,material_viewed,2026-09-12T12:00:00Z
archive-event-02981,learner-001,activity_submitted,2026-09-13T12:00:00Z
archive-event-02982,learner-002,material_viewed,2026-09-14T12:00:00Z
archive-event-02983,learner-003,activity_submitted,2026-09-15T12:00:00Z
archive-event-02984,learner-004,material_viewed,2026-09-16T12:00:00Z
archive-event-02985,learner-005,activity_submitted,2026-09-17T12:00:00Z
archive-event-02986,learner-006,material_viewed,2026-09-18T12:00:00Z
archive-event-02987,learner-007,activity_submitted,2026-09-19T12:00:00Z
archive-event-02988,learner-008,material_viewed,2026-09-20T12:00:00Z
archive-event-02989,learner-009,activity_submitted,2026-09-21T12:00:00Z
archive-event-02990,learner-010,material_viewed,2026-09-22T12:00:00Z
archive-event-02991,learner-001,activity_submitted,2026-09-23T12:00:00Z
archive-event-02992,learner-002,material_viewed,2026-09-24T12:00:00Z
archive-event-02993,learner-003,activity_submitted,2026-09-25T12:00:00Z
archive-event-02994,learner-004,material_viewed,2026-09-26T12:00:00Z
archive-event-02995,learner-005,activity_submitted,2026-09-27T12:00:00Z
archive-event-02996,learner-006,material_viewed,2026-09-28T12:00:00Z
archive-event-02997,learner-007,activity_submitted,2026-09-01T12:00:00Z
archive-event-02998,learner-008,material_viewed,2026-09-02T12:00:00Z
archive-event-02999,learner-009,activity_submitted,2026-09-03T12:00:00Z
archive-event-03000,learner-010,material_viewed,2026-09-04T12:00:00Z
archive-event-03001,learner-001,activity_submitted,2026-09-05T12:00:00Z
archive-event-03002,learner-002,material_viewed,2026-09-06T12:00:00Z
archive-event-03003,learner-003,activity_submitted,2026-09-07T12:00:00Z
archive-event-03004,learner-004,material_viewed,2026-09-08T12:00:00Z
archive-event-03005,learner-005,activity_submitted,2026-09-09T12:00:00Z
archive-event-03006,learner-006,material_viewed,2026-09-10T12:00:00Z
archive-event-03007,learner-007,activity_submitted,2026-09-11T12:00:00Z
archive-event-03008,learner-008,material_viewed,2026-09-12T12:00:00Z
archive-event-03009,learner-009,activity_submitted,2026-09-13T12:00:00Z
archive-event-03010,learner-010,material_viewed,2026-09-14T12:00:00Z
archive-event-03011,learner-001,activity_submitted,2026-09-15T12:00:00Z
archive-event-03012,learner-002,material_viewed,2026-09-16T12:00:00Z
archive-event-03013,learner-003,activity_submitted,2026-09-17T12:00:00Z
archive-event-03014,learner-004,material_viewed,2026-09-18T12:00:00Z
archive-event-03015,learner-005,activity_submitted,2026-09-19T12:00:00Z
archive-event-03016,learner-006,material_viewed,2026-09-20T12:00:00Z
archive-event-03017,learner-007,activity_submitted,2026-09-21T12:00:00Z
archive-event-03018,learner-008,material_viewed,2026-09-22T12:00:00Z
archive-event-03019,learner-009,activity_submitted,2026-09-23T12:00:00Z
archive-event-03020,learner-010,material_viewed,2026-09-24T12:00:00Z
archive-event-03021,learner-001,activity_submitted,2026-09-25T12:00:00Z
archive-event-03022,learner-002,material_viewed,2026-09-26T12:00:00Z
archive-event-03023,learner-003,activity_submitted,2026-09-27T12:00:00Z
archive-event-03024,learner-004,material_viewed,2026-09-28T12:00:00Z
archive-event-03025,learner-005,activity_submitted,2026-09-01T12:00:00Z
archive-event-03026,learner-006,material_viewed,2026-09-02T12:00:00Z
archive-event-03027,learner-007,activity_submitted,2026-09-03T12:00:00Z
archive-event-03028,learner-008,material_viewed,2026-09-04T12:00:00Z
archive-event-03029,learner-009,activity_submitted,2026-09-05T12:00:00Z
archive-event-03030,learner-010,material_viewed,2026-09-06T12:00:00Z
archive-event-03031,learner-001,activity_submitted,2026-09-07T12:00:00Z
archive-event-03032,learner-002,material_viewed,2026-09-08T12:00:00Z
archive-event-03033,learner-003,activity_submitted,2026-09-09T12:00:00Z
archive-event-03034,learner-004,material_viewed,2026-09-10T12:00:00Z
archive-event-03035,learner-005,activity_submitted,2026-09-11T12:00:00Z
archive-event-03036,learner-006,material_viewed,2026-09-12T12:00:00Z
archive-event-03037,learner-007,activity_submitted,2026-09-13T12:00:00Z
archive-event-03038,learner-008,material_viewed,2026-09-14T12:00:00Z
archive-event-03039,learner-009,activity_submitted,2026-09-15T12:00:00Z
archive-event-03040,learner-010,material_viewed,2026-09-16T12:00:00Z
archive-event-03041,learner-001,activity_submitted,2026-09-17T12:00:00Z
archive-event-03042,learner-002,material_viewed,2026-09-18T12:00:00Z
archive-event-03043,learner-003,activity_submitted,2026-09-19T12:00:00Z
archive-event-03044,learner-004,material_viewed,2026-09-20T12:00:00Z
archive-event-03045,learner-005,activity_submitted,2026-09-21T12:00:00Z
archive-event-03046,learner-006,material_viewed,2026-09-22T12:00:00Z
archive-event-03047,learner-007,activity_submitted,2026-09-23T12:00:00Z
archive-event-03048,learner-008,material_viewed,2026-09-24T12:00:00Z
archive-event-03049,learner-009,activity_submitted,2026-09-25T12:00:00Z
archive-event-03050,learner-010,material_viewed,2026-09-26T12:00:00Z
archive-event-03051,learner-001,activity_submitted,2026-09-27T12:00:00Z
archive-event-03052,learner-002,material_viewed,2026-09-28T12:00:00Z
archive-event-03053,learner-003,activity_submitted,2026-09-01T12:00:00Z
archive-event-03054,learner-004,material_viewed,2026-09-02T12:00:00Z
archive-event-03055,learner-005,activity_submitted,2026-09-03T12:00:00Z
archive-event-03056,learner-006,material_viewed,2026-09-04T12:00:00Z
archive-event-03057,learner-007,activity_submitted,2026-09-05T12:00:00Z
archive-event-03058,learner-008,material_viewed,2026-09-06T12:00:00Z
archive-event-03059,learner-009,activity_submitted,2026-09-07T12:00:00Z
archive-event-03060,learner-010,material_viewed,2026-09-08T12:00:00Z
archive-event-03061,learner-001,activity_submitted,2026-09-09T12:00:00Z
archive-event-03062,learner-002,material_viewed,2026-09-10T12:00:00Z
archive-event-03063,learner-003,activity_submitted,2026-09-11T12:00:00Z
archive-event-03064,learner-004,material_viewed,2026-09-12T12:00:00Z
archive-event-03065,learner-005,activity_submitted,2026-09-13T12:00:00Z
archive-event-03066,learner-006,material_viewed,2026-09-14T12:00:00Z
archive-event-03067,learner-007,activity_submitted,2026-09-15T12:00:00Z
archive-event-03068,learner-008,material_viewed,2026-09-16T12:00:00Z
archive-event-03069,learner-009,activity_submitted,2026-09-17T12:00:00Z
archive-event-03070,learner-010,material_viewed,2026-09-18T12:00:00Z
archive-event-03071,learner-001,activity_submitted,2026-09-19T12:00:00Z
archive-event-03072,learner-002,material_viewed,2026-09-20T12:00:00Z
archive-event-03073,learner-003,activity_submitted,2026-09-21T12:00:00Z
archive-event-03074,learner-004,material_viewed,2026-09-22T12:00:00Z
archive-event-03075,learner-005,activity_submitted,2026-09-23T12:00:00Z
archive-event-03076,learner-006,material_viewed,2026-09-24T12:00:00Z
archive-event-03077,learner-007,activity_submitted,2026-09-25T12:00:00Z
archive-event-03078,learner-008,material_viewed,2026-09-26T12:00:00Z
archive-event-03079,learner-009,activity_submitted,2026-09-27T12:00:00Z
archive-event-03080,learner-010,material_viewed,2026-09-28T12:00:00Z
archive-event-03081,learner-001,activity_submitted,2026-09-01T12:00:00Z
archive-event-03082,learner-002,material_viewed,2026-09-02T12:00:00Z
archive-event-03083,learner-003,activity_submitted,2026-09-03T12:00:00Z
archive-event-03084,learner-004,material_viewed,2026-09-04T12:00:00Z
archive-event-03085,learner-005,activity_submitted,2026-09-05T12:00:00Z
archive-event-03086,learner-006,material_viewed,2026-09-06T12:00:00Z
archive-event-03087,learner-007,activity_submitted,2026-09-07T12:00:00Z
archive-event-03088,learner-008,material_viewed,2026-09-08T12:00:00Z
archive-event-03089,learner-009,activity_submitted,2026-09-09T12:00:00Z
archive-event-03090,learner-010,material_viewed,2026-09-10T12:00:00Z
archive-event-03091,learner-001,activity_submitted,2026-09-11T12:00:00Z
archive-event-03092,learner-002,material_viewed,2026-09-12T12:00:00Z
archive-event-03093,learner-003,activity_submitted,2026-09-13T12:00:00Z
archive-event-03094,learner-004,material_viewed,2026-09-14T12:00:00Z
archive-event-03095,learner-005,activity_submitted,2026-09-15T12:00:00Z
archive-event-03096,learner-006,material_viewed,2026-09-16T12:00:00Z
archive-event-03097,learner-007,activity_submitted,2026-09-17T12:00:00Z
archive-event-03098,learner-008,material_viewed,2026-09-18T12:00:00Z
archive-event-03099,learner-009,activity_submitted,2026-09-19T12:00:00Z
archive-event-03100,learner-010,material_viewed,2026-09-20T12:00:00Z
archive-event-03101,learner-001,activity_submitted,2026-09-21T12:00:00Z
archive-event-03102,learner-002,material_viewed,2026-09-22T12:00:00Z
archive-event-03103,learner-003,activity_submitted,2026-09-23T12:00:00Z
archive-event-03104,learner-004,material_viewed,2026-09-24T12:00:00Z
archive-event-03105,learner-005,activity_submitted,2026-09-25T12:00:00Z
archive-event-03106,learner-006,material_viewed,2026-09-26T12:00:00Z
archive-event-03107,learner-007,activity_submitted,2026-09-27T12:00:00Z
archive-event-03108,learner-008,material_viewed,2026-09-28T12:00:00Z
archive-event-03109,learner-009,activity_submitted,2026-09-01T12:00:00Z
archive-event-03110,learner-010,material_viewed,2026-09-02T12:00:00Z
archive-event-03111,learner-001,activity_submitted,2026-09-03T12:00:00Z
archive-event-03112,learner-002,material_viewed,2026-09-04T12:00:00Z
archive-event-03113,learner-003,activity_submitted,2026-09-05T12:00:00Z
archive-event-03114,learner-004,material_viewed,2026-09-06T12:00:00Z
archive-event-03115,learner-005,activity_submitted,2026-09-07T12:00:00Z
archive-event-03116,learner-006,material_viewed,2026-09-08T12:00:00Z
archive-event-03117,learner-007,activity_submitted,2026-09-09T12:00:00Z
archive-event-03118,learner-008,material_viewed,2026-09-10T12:00:00Z
archive-event-03119,learner-009,activity_submitted,2026-09-11T12:00:00Z
archive-event-03120,learner-010,material_viewed,2026-09-12T12:00:00Z
archive-event-03121,learner-001,activity_submitted,2026-09-13T12:00:00Z
archive-event-03122,learner-002,material_viewed,2026-09-14T12:00:00Z
archive-event-03123,learner-003,activity_submitted,2026-09-15T12:00:00Z
archive-event-03124,learner-004,material_viewed,2026-09-16T12:00:00Z
archive-event-03125,learner-005,activity_submitted,2026-09-17T12:00:00Z
archive-event-03126,learner-006,material_viewed,2026-09-18T12:00:00Z
archive-event-03127,learner-007,activity_submitted,2026-09-19T12:00:00Z
archive-event-03128,learner-008,material_viewed,2026-09-20T12:00:00Z
archive-event-03129,learner-009,activity_submitted,2026-09-21T12:00:00Z
archive-event-03130,learner-010,material_viewed,2026-09-22T12:00:00Z
archive-event-03131,learner-001,activity_submitted,2026-09-23T12:00:00Z
archive-event-03132,learner-002,material_viewed,2026-09-24T12:00:00Z
archive-event-03133,learner-003,activity_submitted,2026-09-25T12:00:00Z
archive-event-03134,learner-004,material_viewed,2026-09-26T12:00:00Z
archive-event-03135,learner-005,activity_submitted,2026-09-27T12:00:00Z
archive-event-03136,learner-006,material_viewed,2026-09-28T12:00:00Z
archive-event-03137,learner-007,activity_submitted,2026-09-01T12:00:00Z
archive-event-03138,learner-008,material_viewed,2026-09-02T12:00:00Z
archive-event-03139,learner-009,activity_submitted,2026-09-03T12:00:00Z
archive-event-03140,learner-010,material_viewed,2026-09-04T12:00:00Z
archive-event-03141,learner-001,activity_submitted,2026-09-05T12:00:00Z
archive-event-03142,learner-002,material_viewed,2026-09-06T12:00:00Z
archive-event-03143,learner-003,activity_submitted,2026-09-07T12:00:00Z
archive-event-03144,learner-004,material_viewed,2026-09-08T12:00:00Z
archive-event-03145,learner-005,activity_submitted,2026-09-09T12:00:00Z
archive-event-03146,learner-006,material_viewed,2026-09-10T12:00:00Z
archive-event-03147,learner-007,activity_submitted,2026-09-11T12:00:00Z
archive-event-03148,learner-008,material_viewed,2026-09-12T12:00:00Z
archive-event-03149,learner-009,activity_submitted,2026-09-13T12:00:00Z
archive-event-03150,learner-010,material_viewed,2026-09-14T12:00:00Z
archive-event-03151,learner-001,activity_submitted,2026-09-15T12:00:00Z
archive-event-03152,learner-002,material_viewed,2026-09-16T12:00:00Z
archive-event-03153,learner-003,activity_submitted,2026-09-17T12:00:00Z
archive-event-03154,learner-004,material_viewed,2026-09-18T12:00:00Z
archive-event-03155,learner-005,activity_submitted,2026-09-19T12:00:00Z
archive-event-03156,learner-006,material_viewed,2026-09-20T12:00:00Z
archive-event-03157,learner-007,activity_submitted,2026-09-21T12:00:00Z
archive-event-03158,learner-008,material_viewed,2026-09-22T12:00:00Z
archive-event-03159,learner-009,activity_submitted,2026-09-23T12:00:00Z
archive-event-03160,learner-010,material_viewed,2026-09-24T12:00:00Z
archive-event-03161,learner-001,activity_submitted,2026-09-25T12:00:00Z
archive-event-03162,learner-002,material_viewed,2026-09-26T12:00:00Z
archive-event-03163,learner-003,activity_submitted,2026-09-27T12:00:00Z
archive-event-03164,learner-004,material_viewed,2026-09-28T12:00:00Z
archive-event-03165,learner-005,activity_submitted,2026-09-01T12:00:00Z
archive-event-03166,learner-006,material_viewed,2026-09-02T12:00:00Z
archive-event-03167,learner-007,activity_submitted,2026-09-03T12:00:00Z
archive-event-03168,learner-008,material_viewed,2026-09-04T12:00:00Z
archive-event-03169,learner-009,activity_submitted,2026-09-05T12:00:00Z
archive-event-03170,learner-010,material_viewed,2026-09-06T12:00:00Z
archive-event-03171,learner-001,activity_submitted,2026-09-07T12:00:00Z
archive-event-03172,learner-002,material_viewed,2026-09-08T12:00:00Z
archive-event-03173,learner-003,activity_submitted,2026-09-09T12:00:00Z
archive-event-03174,learner-004,material_viewed,2026-09-10T12:00:00Z
archive-event-03175,learner-005,activity_submitted,2026-09-11T12:00:00Z
archive-event-03176,learner-006,material_viewed,2026-09-12T12:00:00Z
archive-event-03177,learner-007,activity_submitted,2026-09-13T12:00:00Z
archive-event-03178,learner-008,material_viewed,2026-09-14T12:00:00Z
archive-event-03179,learner-009,activity_submitted,2026-09-15T12:00:00Z
archive-event-03180,learner-010,material_viewed,2026-09-16T12:00:00Z
archive-event-03181,learner-001,activity_submitted,2026-09-17T12:00:00Z
archive-event-03182,learner-002,material_viewed,2026-09-18T12:00:00Z
archive-event-03183,learner-003,activity_submitted,2026-09-19T12:00:00Z
archive-event-03184,learner-004,material_viewed,2026-09-20T12:00:00Z
archive-event-03185,learner-005,activity_submitted,2026-09-21T12:00:00Z
archive-event-03186,learner-006,material_viewed,2026-09-22T12:00:00Z
archive-event-03187,learner-007,activity_submitted,2026-09-23T12:00:00Z
archive-event-03188,learner-008,material_viewed,2026-09-24T12:00:00Z
archive-event-03189,learner-009,activity_submitted,2026-09-25T12:00:00Z
archive-event-03190,learner-010,material_viewed,2026-09-26T12:00:00Z
archive-event-03191,learner-001,activity_submitted,2026-09-27T12:00:00Z
archive-event-03192,learner-002,material_viewed,2026-09-28T12:00:00Z
archive-event-03193,learner-003,activity_submitted,2026-09-01T12:00:00Z
archive-event-03194,learner-004,material_viewed,2026-09-02T12:00:00Z
archive-event-03195,learner-005,activity_submitted,2026-09-03T12:00:00Z
archive-event-03196,learner-006,material_viewed,2026-09-04T12:00:00Z
archive-event-03197,learner-007,activity_submitted,2026-09-05T12:00:00Z
archive-event-03198,learner-008,material_viewed,2026-09-06T12:00:00Z
archive-event-03199,learner-009,activity_submitted,2026-09-07T12:00:00Z
archive-event-03200,learner-010,material_viewed,2026-09-08T12:00:00Z
archive-event-03201,learner-001,activity_submitted,2026-09-09T12:00:00Z
archive-event-03202,learner-002,material_viewed,2026-09-10T12:00:00Z
archive-event-03203,learner-003,activity_submitted,2026-09-11T12:00:00Z
archive-event-03204,learner-004,material_viewed,2026-09-12T12:00:00Z
archive-event-03205,learner-005,activity_submitted,2026-09-13T12:00:00Z
archive-event-03206,learner-006,material_viewed,2026-09-14T12:00:00Z
archive-event-03207,learner-007,activity_submitted,2026-09-15T12:00:00Z
archive-event-03208,learner-008,material_viewed,2026-09-16T12:00:00Z
archive-event-03209,learner-009,activity_submitted,2026-09-17T12:00:00Z
archive-event-03210,learner-010,material_viewed,2026-09-18T12:00:00Z
archive-event-03211,learner-001,activity_submitted,2026-09-19T12:00:00Z
archive-event-03212,learner-002,material_viewed,2026-09-20T12:00:00Z
archive-event-03213,learner-003,activity_submitted,2026-09-21T12:00:00Z
archive-event-03214,learner-004,material_viewed,2026-09-22T12:00:00Z
archive-event-03215,learner-005,activity_submitted,2026-09-23T12:00:00Z
archive-event-03216,learner-006,material_viewed,2026-09-24T12:00:00Z
archive-event-03217,learner-007,activity_submitted,2026-09-25T12:00:00Z
archive-event-03218,learner-008,material_viewed,2026-09-26T12:00:00Z
archive-event-03219,learner-009,activity_submitted,2026-09-27T12:00:00Z
archive-event-03220,learner-010,material_viewed,2026-09-28T12:00:00Z
archive-event-03221,learner-001,activity_submitted,2026-09-01T12:00:00Z
archive-event-03222,learner-002,material_viewed,2026-09-02T12:00:00Z
archive-event-03223,learner-003,activity_submitted,2026-09-03T12:00:00Z
archive-event-03224,learner-004,material_viewed,2026-09-04T12:00:00Z
archive-event-03225,learner-005,activity_submitted,2026-09-05T12:00:00Z
archive-event-03226,learner-006,material_viewed,2026-09-06T12:00:00Z
archive-event-03227,learner-007,activity_submitted,2026-09-07T12:00:00Z
archive-event-03228,learner-008,material_viewed,2026-09-08T12:00:00Z
archive-event-03229,learner-009,activity_submitted,2026-09-09T12:00:00Z
archive-event-03230,learner-010,material_viewed,2026-09-10T12:00:00Z
archive-event-03231,learner-001,activity_submitted,2026-09-11T12:00:00Z
archive-event-03232,learner-002,material_viewed,2026-09-12T12:00:00Z
archive-event-03233,learner-003,activity_submitted,2026-09-13T12:00:00Z
archive-event-03234,learner-004,material_viewed,2026-09-14T12:00:00Z
archive-event-03235,learner-005,activity_submitted,2026-09-15T12:00:00Z
archive-event-03236,learner-006,material_viewed,2026-09-16T12:00:00Z
archive-event-03237,learner-007,activity_submitted,2026-09-17T12:00:00Z
archive-event-03238,learner-008,material_viewed,2026-09-18T12:00:00Z
archive-event-03239,learner-009,activity_submitted,2026-09-19T12:00:00Z
archive-event-03240,learner-010,material_viewed,2026-09-20T12:00:00Z
archive-event-03241,learner-001,activity_submitted,2026-09-21T12:00:00Z
archive-event-03242,learner-002,material_viewed,2026-09-22T12:00:00Z
archive-event-03243,learner-003,activity_submitted,2026-09-23T12:00:00Z
archive-event-03244,learner-004,material_viewed,2026-09-24T12:00:00Z
archive-event-03245,learner-005,activity_submitted,2026-09-25T12:00:00Z
archive-event-03246,learner-006,material_viewed,2026-09-26T12:00:00Z
archive-event-03247,learner-007,activity_submitted,2026-09-27T12:00:00Z
archive-event-03248,learner-008,material_viewed,2026-09-28T12:00:00Z
archive-event-03249,learner-009,activity_submitted,2026-09-01T12:00:00Z
archive-event-03250,learner-010,material_viewed,2026-09-02T12:00:00Z
archive-event-03251,learner-001,activity_submitted,2026-09-03T12:00:00Z
archive-event-03252,learner-002,material_viewed,2026-09-04T12:00:00Z
archive-event-03253,learner-003,activity_submitted,2026-09-05T12:00:00Z
archive-event-03254,learner-004,material_viewed,2026-09-06T12:00:00Z
archive-event-03255,learner-005,activity_submitted,2026-09-07T12:00:00Z
archive-event-03256,learner-006,material_viewed,2026-09-08T12:00:00Z
archive-event-03257,learner-007,activity_submitted,2026-09-09T12:00:00Z
archive-event-03258,learner-008,material_viewed,2026-09-10T12:00:00Z
archive-event-03259,learner-009,activity_submitted,2026-09-11T12:00:00Z
archive-event-03260,learner-010,material_viewed,2026-09-12T12:00:00Z
archive-event-03261,learner-001,activity_submitted,2026-09-13T12:00:00Z
archive-event-03262,learner-002,material_viewed,2026-09-14T12:00:00Z
archive-event-03263,learner-003,activity_submitted,2026-09-15T12:00:00Z
archive-event-03264,learner-004,material_viewed,2026-09-16T12:00:00Z
archive-event-03265,learner-005,activity_submitted,2026-09-17T12:00:00Z
archive-event-03266,learner-006,material_viewed,2026-09-18T12:00:00Z
archive-event-03267,learner-007,activity_submitted,2026-09-19T12:00:00Z
archive-event-03268,learner-008,material_viewed,2026-09-20T12:00:00Z
archive-event-03269,learner-009,activity_submitted,2026-09-21T12:00:00Z
archive-event-03270,learner-010,material_viewed,2026-09-22T12:00:00Z
archive-event-03271,learner-001,activity_submitted,2026-09-23T12:00:00Z
archive-event-03272,learner-002,material_viewed,2026-09-24T12:00:00Z
archive-event-03273,learner-003,activity_submitted,2026-09-25T12:00:00Z
archive-event-03274,learner-004,material_viewed,2026-09-26T12:00:00Z
archive-event-03275,learner-005,activity_submitted,2026-09-27T12:00:00Z
archive-event-03276,learner-006,material_viewed,2026-09-28T12:00:00Z
archive-event-03277,learner-007,activity_submitted,2026-09-01T12:00:00Z
archive-event-03278,learner-008,material_viewed,2026-09-02T12:00:00Z
archive-event-03279,learner-009,activity_submitted,2026-09-03T12:00:00Z
archive-event-03280,learner-010,material_viewed,2026-09-04T12:00:00Z
archive-event-03281,learner-001,activity_submitted,2026-09-05T12:00:00Z
archive-event-03282,learner-002,material_viewed,2026-09-06T12:00:00Z
archive-event-03283,learner-003,activity_submitted,2026-09-07T12:00:00Z
archive-event-03284,learner-004,material_viewed,2026-09-08T12:00:00Z
archive-event-03285,learner-005,activity_submitted,2026-09-09T12:00:00Z
archive-event-03286,learner-006,material_viewed,2026-09-10T12:00:00Z
archive-event-03287,learner-007,activity_submitted,2026-09-11T12:00:00Z
archive-event-03288,learner-008,material_viewed,2026-09-12T12:00:00Z
archive-event-03289,learner-009,activity_submitted,2026-09-13T12:00:00Z
archive-event-03290,learner-010,material_viewed,2026-09-14T12:00:00Z
archive-event-03291,learner-001,activity_submitted,2026-09-15T12:00:00Z
archive-event-03292,learner-002,material_viewed,2026-09-16T12:00:00Z
archive-event-03293,learner-003,activity_submitted,2026-09-17T12:00:00Z
archive-event-03294,learner-004,material_viewed,2026-09-18T12:00:00Z
archive-event-03295,learner-005,activity_submitted,2026-09-19T12:00:00Z
archive-event-03296,learner-006,material_viewed,2026-09-20T12:00:00Z
archive-event-03297,learner-007,activity_submitted,2026-09-21T12:00:00Z
archive-event-03298,learner-008,material_viewed,2026-09-22T12:00:00Z
archive-event-03299,learner-009,activity_submitted,2026-09-23T12:00:00Z
archive-event-03300,learner-010,material_viewed,2026-09-24T12:00:00Z
archive-event-03301,learner-001,activity_submitted,2026-09-25T12:00:00Z
archive-event-03302,learner-002,material_viewed,2026-09-26T12:00:00Z
archive-event-03303,learner-003,activity_submitted,2026-09-27T12:00:00Z
archive-event-03304,learner-004,material_viewed,2026-09-28T12:00:00Z
archive-event-03305,learner-005,activity_submitted,2026-09-01T12:00:00Z
archive-event-03306,learner-006,material_viewed,2026-09-02T12:00:00Z
archive-event-03307,learner-007,activity_submitted,2026-09-03T12:00:00Z
archive-event-03308,learner-008,material_viewed,2026-09-04T12:00:00Z
archive-event-03309,learner-009,activity_submitted,2026-09-05T12:00:00Z
archive-event-03310,learner-010,material_viewed,2026-09-06T12:00:00Z
archive-event-03311,learner-001,activity_submitted,2026-09-07T12:00:00Z
archive-event-03312,learner-002,material_viewed,2026-09-08T12:00:00Z
archive-event-03313,learner-003,activity_submitted,2026-09-09T12:00:00Z
archive-event-03314,learner-004,material_viewed,2026-09-10T12:00:00Z
archive-event-03315,learner-005,activity_submitted,2026-09-11T12:00:00Z
archive-event-03316,learner-006,material_viewed,2026-09-12T12:00:00Z
archive-event-03317,learner-007,activity_submitted,2026-09-13T12:00:00Z
archive-event-03318,learner-008,material_viewed,2026-09-14T12:00:00Z
archive-event-03319,learner-009,activity_submitted,2026-09-15T12:00:00Z
archive-event-03320,learner-010,material_viewed,2026-09-16T12:00:00Z
archive-event-03321,learner-001,activity_submitted,2026-09-17T12:00:00Z
archive-event-03322,learner-002,material_viewed,2026-09-18T12:00:00Z
archive-event-03323,learner-003,activity_submitted,2026-09-19T12:00:00Z
archive-event-03324,learner-004,material_viewed,2026-09-20T12:00:00Z
archive-event-03325,learner-005,activity_submitted,2026-09-21T12:00:00Z
archive-event-03326,learner-006,material_viewed,2026-09-22T12:00:00Z
archive-event-03327,learner-007,activity_submitted,2026-09-23T12:00:00Z
archive-event-03328,learner-008,material_viewed,2026-09-24T12:00:00Z
archive-event-03329,learner-009,activity_submitted,2026-09-25T12:00:00Z
archive-event-03330,learner-010,material_viewed,2026-09-26T12:00:00Z
archive-event-03331,learner-001,activity_submitted,2026-09-27T12:00:00Z
archive-event-03332,learner-002,material_viewed,2026-09-28T12:00:00Z
archive-event-03333,learner-003,activity_submitted,2026-09-01T12:00:00Z
archive-event-03334,learner-004,material_viewed,2026-09-02T12:00:00Z
archive-event-03335,learner-005,activity_submitted,2026-09-03T12:00:00Z
archive-event-03336,learner-006,material_viewed,2026-09-04T12:00:00Z
archive-event-03337,learner-007,activity_submitted,2026-09-05T12:00:00Z
archive-event-03338,learner-008,material_viewed,2026-09-06T12:00:00Z
archive-event-03339,learner-009,activity_submitted,2026-09-07T12:00:00Z
archive-event-03340,learner-010,material_viewed,2026-09-08T12:00:00Z
archive-event-03341,learner-001,activity_submitted,2026-09-09T12:00:00Z
archive-event-03342,learner-002,material_viewed,2026-09-10T12:00:00Z
archive-event-03343,learner-003,activity_submitted,2026-09-11T12:00:00Z
archive-event-03344,learner-004,material_viewed,2026-09-12T12:00:00Z
archive-event-03345,learner-005,activity_submitted,2026-09-13T12:00:00Z
archive-event-03346,learner-006,material_viewed,2026-09-14T12:00:00Z
archive-event-03347,learner-007,activity_submitted,2026-09-15T12:00:00Z
archive-event-03348,learner-008,material_viewed,2026-09-16T12:00:00Z
archive-event-03349,learner-009,activity_submitted,2026-09-17T12:00:00Z
archive-event-03350,learner-010,material_viewed,2026-09-18T12:00:00Z
archive-event-03351,learner-001,activity_submitted,2026-09-19T12:00:00Z
archive-event-03352,learner-002,material_viewed,2026-09-20T12:00:00Z
archive-event-03353,learner-003,activity_submitted,2026-09-21T12:00:00Z
archive-event-03354,learner-004,material_viewed,2026-09-22T12:00:00Z
archive-event-03355,learner-005,activity_submitted,2026-09-23T12:00:00Z
archive-event-03356,learner-006,material_viewed,2026-09-24T12:00:00Z
archive-event-03357,learner-007,activity_submitted,2026-09-25T12:00:00Z
archive-event-03358,learner-008,material_viewed,2026-09-26T12:00:00Z
archive-event-03359,learner-009,activity_submitted,2026-09-27T12:00:00Z
archive-event-03360,learner-010,material_viewed,2026-09-28T12:00:00Z
archive-event-03361,learner-001,activity_submitted,2026-09-01T12:00:00Z
archive-event-03362,learner-002,material_viewed,2026-09-02T12:00:00Z
archive-event-03363,learner-003,activity_submitted,2026-09-03T12:00:00Z
archive-event-03364,learner-004,material_viewed,2026-09-04T12:00:00Z
archive-event-03365,learner-005,activity_submitted,2026-09-05T12:00:00Z
archive-event-03366,learner-006,material_viewed,2026-09-06T12:00:00Z
archive-event-03367,learner-007,activity_submitted,2026-09-07T12:00:00Z
archive-event-03368,learner-008,material_viewed,2026-09-08T12:00:00Z
archive-event-03369,learner-009,activity_submitted,2026-09-09T12:00:00Z
archive-event-03370,learner-010,material_viewed,2026-09-10T12:00:00Z
archive-event-03371,learner-001,activity_submitted,2026-09-11T12:00:00Z
archive-event-03372,learner-002,material_viewed,2026-09-12T12:00:00Z
archive-event-03373,learner-003,activity_submitted,2026-09-13T12:00:00Z
archive-event-03374,learner-004,material_viewed,2026-09-14T12:00:00Z
archive-event-03375,learner-005,activity_submitted,2026-09-15T12:00:00Z
archive-event-03376,learner-006,material_viewed,2026-09-16T12:00:00Z
archive-event-03377,learner-007,activity_submitted,2026-09-17T12:00:00Z
archive-event-03378,learner-008,material_viewed,2026-09-18T12:00:00Z
archive-event-03379,learner-009,activity_submitted,2026-09-19T12:00:00Z
archive-event-03380,learner-010,material_viewed,2026-09-20T12:00:00Z
archive-event-03381,learner-001,activity_submitted,2026-09-21T12:00:00Z
archive-event-03382,learner-002,material_viewed,2026-09-22T12:00:00Z
archive-event-03383,learner-003,activity_submitted,2026-09-23T12:00:00Z
archive-event-03384,learner-004,material_viewed,2026-09-24T12:00:00Z
archive-event-03385,learner-005,activity_submitted,2026-09-25T12:00:00Z
archive-event-03386,learner-006,material_viewed,2026-09-26T12:00:00Z
archive-event-03387,learner-007,activity_submitted,2026-09-27T12:00:00Z
archive-event-03388,learner-008,material_viewed,2026-09-28T12:00:00Z
archive-event-03389,learner-009,activity_submitted,2026-09-01T12:00:00Z
archive-event-03390,learner-010,material_viewed,2026-09-02T12:00:00Z
archive-event-03391,learner-001,activity_submitted,2026-09-03T12:00:00Z
archive-event-03392,learner-002,material_viewed,2026-09-04T12:00:00Z
archive-event-03393,learner-003,activity_submitted,2026-09-05T12:00:00Z
archive-event-03394,learner-004,material_viewed,2026-09-06T12:00:00Z
archive-event-03395,learner-005,activity_submitted,2026-09-07T12:00:00Z
archive-event-03396,learner-006,material_viewed,2026-09-08T12:00:00Z
archive-event-03397,learner-007,activity_submitted,2026-09-09T12:00:00Z
archive-event-03398,learner-008,material_viewed,2026-09-10T12:00:00Z
archive-event-03399,learner-009,activity_submitted,2026-09-11T12:00:00Z
archive-event-03400,learner-010,material_viewed,2026-09-12T12:00:00Z
archive-event-03401,learner-001,activity_submitted,2026-09-13T12:00:00Z
archive-event-03402,learner-002,material_viewed,2026-09-14T12:00:00Z
archive-event-03403,learner-003,activity_submitted,2026-09-15T12:00:00Z
archive-event-03404,learner-004,material_viewed,2026-09-16T12:00:00Z
archive-event-03405,learner-005,activity_submitted,2026-09-17T12:00:00Z
archive-event-03406,learner-006,material_viewed,2026-09-18T12:00:00Z
archive-event-03407,learner-007,activity_submitted,2026-09-19T12:00:00Z
archive-event-03408,learner-008,material_viewed,2026-09-20T12:00:00Z
archive-event-03409,learner-009,activity_submitted,2026-09-21T12:00:00Z
archive-event-03410,learner-010,material_viewed,2026-09-22T12:00:00Z
archive-event-03411,learner-001,activity_submitted,2026-09-23T12:00:00Z
archive-event-03412,learner-002,material_viewed,2026-09-24T12:00:00Z
archive-event-03413,learner-003,activity_submitted,2026-09-25T12:00:00Z
archive-event-03414,learner-004,material_viewed,2026-09-26T12:00:00Z
archive-event-03415,learner-005,activity_submitted,2026-09-27T12:00:00Z
archive-event-03416,learner-006,material_viewed,2026-09-28T12:00:00Z
archive-event-03417,learner-007,activity_submitted,2026-09-01T12:00:00Z
archive-event-03418,learner-008,material_viewed,2026-09-02T12:00:00Z
archive-event-03419,learner-009,activity_submitted,2026-09-03T12:00:00Z
archive-event-03420,learner-010,material_viewed,2026-09-04T12:00:00Z
archive-event-03421,learner-001,activity_submitted,2026-09-05T12:00:00Z
archive-event-03422,learner-002,material_viewed,2026-09-06T12:00:00Z
archive-event-03423,learner-003,activity_submitted,2026-09-07T12:00:00Z
archive-event-03424,learner-004,material_viewed,2026-09-08T12:00:00Z
archive-event-03425,learner-005,activity_submitted,2026-09-09T12:00:00Z
archive-event-03426,learner-006,material_viewed,2026-09-10T12:00:00Z
archive-event-03427,learner-007,activity_submitted,2026-09-11T12:00:00Z
archive-event-03428,learner-008,material_viewed,2026-09-12T12:00:00Z
archive-event-03429,learner-009,activity_submitted,2026-09-13T12:00:00Z
archive-event-03430,learner-010,material_viewed,2026-09-14T12:00:00Z
archive-event-03431,learner-001,activity_submitted,2026-09-15T12:00:00Z
archive-event-03432,learner-002,material_viewed,2026-09-16T12:00:00Z
archive-event-03433,learner-003,activity_submitted,2026-09-17T12:00:00Z
archive-event-03434,learner-004,material_viewed,2026-09-18T12:00:00Z
archive-event-03435,learner-005,activity_submitted,2026-09-19T12:00:00Z
archive-event-03436,learner-006,material_viewed,2026-09-20T12:00:00Z
archive-event-03437,learner-007,activity_submitted,2026-09-21T12:00:00Z
archive-event-03438,learner-008,material_viewed,2026-09-22T12:00:00Z
archive-event-03439,learner-009,activity_submitted,2026-09-23T12:00:00Z
archive-event-03440,learner-010,material_viewed,2026-09-24T12:00:00Z
archive-event-03441,learner-001,activity_submitted,2026-09-25T12:00:00Z
archive-event-03442,learner-002,material_viewed,2026-09-26T12:00:00Z
archive-event-03443,learner-003,activity_submitted,2026-09-27T12:00:00Z
archive-event-03444,learner-004,material_viewed,2026-09-28T12:00:00Z
archive-event-03445,learner-005,activity_submitted,2026-09-01T12:00:00Z
archive-event-03446,learner-006,material_viewed,2026-09-02T12:00:00Z
archive-event-03447,learner-007,activity_submitted,2026-09-03T12:00:00Z
archive-event-03448,learner-008,material_viewed,2026-09-04T12:00:00Z
archive-event-03449,learner-009,activity_submitted,2026-09-05T12:00:00Z
archive-event-03450,learner-010,material_viewed,2026-09-06T12:00:00Z
archive-event-03451,learner-001,activity_submitted,2026-09-07T12:00:00Z
archive-event-03452,learner-002,material_viewed,2026-09-08T12:00:00Z
archive-event-03453,learner-003,activity_submitted,2026-09-09T12:00:00Z
archive-event-03454,learner-004,material_viewed,2026-09-10T12:00:00Z
archive-event-03455,learner-005,activity_submitted,2026-09-11T12:00:00Z
archive-event-03456,learner-006,material_viewed,2026-09-12T12:00:00Z
archive-event-03457,learner-007,activity_submitted,2026-09-13T12:00:00Z
archive-event-03458,learner-008,material_viewed,2026-09-14T12:00:00Z
archive-event-03459,learner-009,activity_submitted,2026-09-15T12:00:00Z
archive-event-03460,learner-010,material_viewed,2026-09-16T12:00:00Z
archive-event-03461,learner-001,activity_submitted,2026-09-17T12:00:00Z
archive-event-03462,learner-002,material_viewed,2026-09-18T12:00:00Z
archive-event-03463,learner-003,activity_submitted,2026-09-19T12:00:00Z
archive-event-03464,learner-004,material_viewed,2026-09-20T12:00:00Z
archive-event-03465,learner-005,activity_submitted,2026-09-21T12:00:00Z
archive-event-03466,learner-006,material_viewed,2026-09-22T12:00:00Z
archive-event-03467,learner-007,activity_submitted,2026-09-23T12:00:00Z
archive-event-03468,learner-008,material_viewed,2026-09-24T12:00:00Z
archive-event-03469,learner-009,activity_submitted,2026-09-25T12:00:00Z
archive-event-03470,learner-010,material_viewed,2026-09-26T12:00:00Z
archive-event-03471,learner-001,activity_submitted,2026-09-27T12:00:00Z
archive-event-03472,learner-002,material_viewed,2026-09-28T12:00:00Z
archive-event-03473,learner-003,activity_submitted,2026-09-01T12:00:00Z
archive-event-03474,learner-004,material_viewed,2026-09-02T12:00:00Z
archive-event-03475,learner-005,activity_submitted,2026-09-03T12:00:00Z
archive-event-03476,learner-006,material_viewed,2026-09-04T12:00:00Z
archive-event-03477,learner-007,activity_submitted,2026-09-05T12:00:00Z
archive-event-03478,learner-008,material_viewed,2026-09-06T12:00:00Z
archive-event-03479,learner-009,activity_submitted,2026-09-07T12:00:00Z
archive-event-03480,learner-010,material_viewed,2026-09-08T12:00:00Z
archive-event-03481,learner-001,activity_submitted,2026-09-09T12:00:00Z
archive-event-03482,learner-002,material_viewed,2026-09-10T12:00:00Z
archive-event-03483,learner-003,activity_submitted,2026-09-11T12:00:00Z
archive-event-03484,learner-004,material_viewed,2026-09-12T12:00:00Z
archive-event-03485,learner-005,activity_submitted,2026-09-13T12:00:00Z
archive-event-03486,learner-006,material_viewed,2026-09-14T12:00:00Z
archive-event-03487,learner-007,activity_submitted,2026-09-15T12:00:00Z
archive-event-03488,learner-008,material_viewed,2026-09-16T12:00:00Z
archive-event-03489,learner-009,activity_submitted,2026-09-17T12:00:00Z
archive-event-03490,learner-010,material_viewed,2026-09-18T12:00:00Z
archive-event-03491,learner-001,activity_submitted,2026-09-19T12:00:00Z
archive-event-03492,learner-002,material_viewed,2026-09-20T12:00:00Z
archive-event-03493,learner-003,activity_submitted,2026-09-21T12:00:00Z
archive-event-03494,learner-004,material_viewed,2026-09-22T12:00:00Z
archive-event-03495,learner-005,activity_submitted,2026-09-23T12:00:00Z
archive-event-03496,learner-006,material_viewed,2026-09-24T12:00:00Z
archive-event-03497,learner-007,activity_submitted,2026-09-25T12:00:00Z
archive-event-03498,learner-008,material_viewed,2026-09-26T12:00:00Z
archive-event-03499,learner-009,activity_submitted,2026-09-27T12:00:00Z
archive-event-03500,learner-010,material_viewed,2026-09-28T12:00:00Z
archive-event-03501,learner-001,activity_submitted,2026-09-01T12:00:00Z
archive-event-03502,learner-002,material_viewed,2026-09-02T12:00:00Z
archive-event-03503,learner-003,activity_submitted,2026-09-03T12:00:00Z
archive-event-03504,learner-004,material_viewed,2026-09-04T12:00:00Z
archive-event-03505,learner-005,activity_submitted,2026-09-05T12:00:00Z
archive-event-03506,learner-006,material_viewed,2026-09-06T12:00:00Z
archive-event-03507,learner-007,activity_submitted,2026-09-07T12:00:00Z
archive-event-03508,learner-008,material_viewed,2026-09-08T12:00:00Z
archive-event-03509,learner-009,activity_submitted,2026-09-09T12:00:00Z
archive-event-03510,learner-010,material_viewed,2026-09-10T12:00:00Z
archive-event-03511,learner-001,activity_submitted,2026-09-11T12:00:00Z
archive-event-03512,learner-002,material_viewed,2026-09-12T12:00:00Z
archive-event-03513,learner-003,activity_submitted,2026-09-13T12:00:00Z
archive-event-03514,learner-004,material_viewed,2026-09-14T12:00:00Z
archive-event-03515,learner-005,activity_submitted,2026-09-15T12:00:00Z
archive-event-03516,learner-006,material_viewed,2026-09-16T12:00:00Z
archive-event-03517,learner-007,activity_submitted,2026-09-17T12:00:00Z
archive-event-03518,learner-008,material_viewed,2026-09-18T12:00:00Z
archive-event-03519,learner-009,activity_submitted,2026-09-19T12:00:00Z
archive-event-03520,learner-010,material_viewed,2026-09-20T12:00:00Z
archive-event-03521,learner-001,activity_submitted,2026-09-21T12:00:00Z
archive-event-03522,learner-002,material_viewed,2026-09-22T12:00:00Z
archive-event-03523,learner-003,activity_submitted,2026-09-23T12:00:00Z
archive-event-03524,learner-004,material_viewed,2026-09-24T12:00:00Z
archive-event-03525,learner-005,activity_submitted,2026-09-25T12:00:00Z
archive-event-03526,learner-006,material_viewed,2026-09-26T12:00:00Z
archive-event-03527,learner-007,activity_submitted,2026-09-27T12:00:00Z
archive-event-03528,learner-008,material_viewed,2026-09-28T12:00:00Z
archive-event-03529,learner-009,activity_submitted,2026-09-01T12:00:00Z
archive-event-03530,learner-010,material_viewed,2026-09-02T12:00:00Z
archive-event-03531,learner-001,activity_submitted,2026-09-03T12:00:00Z
archive-event-03532,learner-002,material_viewed,2026-09-04T12:00:00Z
archive-event-03533,learner-003,activity_submitted,2026-09-05T12:00:00Z
archive-event-03534,learner-004,material_viewed,2026-09-06T12:00:00Z
archive-event-03535,learner-005,activity_submitted,2026-09-07T12:00:00Z
archive-event-03536,learner-006,material_viewed,2026-09-08T12:00:00Z
archive-event-03537,learner-007,activity_submitted,2026-09-09T12:00:00Z
archive-event-03538,learner-008,material_viewed,2026-09-10T12:00:00Z
archive-event-03539,learner-009,activity_submitted,2026-09-11T12:00:00Z
archive-event-03540,learner-010,material_viewed,2026-09-12T12:00:00Z
archive-event-03541,learner-001,activity_submitted,2026-09-13T12:00:00Z
archive-event-03542,learner-002,material_viewed,2026-09-14T12:00:00Z
archive-event-03543,learner-003,activity_submitted,2026-09-15T12:00:00Z
archive-event-03544,learner-004,material_viewed,2026-09-16T12:00:00Z
archive-event-03545,learner-005,activity_submitted,2026-09-17T12:00:00Z
archive-event-03546,learner-006,material_viewed,2026-09-18T12:00:00Z
archive-event-03547,learner-007,activity_submitted,2026-09-19T12:00:00Z
archive-event-03548,learner-008,material_viewed,2026-09-20T12:00:00Z
archive-event-03549,learner-009,activity_submitted,2026-09-21T12:00:00Z
archive-event-03550,learner-010,material_viewed,2026-09-22T12:00:00Z
archive-event-03551,learner-001,activity_submitted,2026-09-23T12:00:00Z
archive-event-03552,learner-002,material_viewed,2026-09-24T12:00:00Z
archive-event-03553,learner-003,activity_submitted,2026-09-25T12:00:00Z
archive-event-03554,learner-004,material_viewed,2026-09-26T12:00:00Z
archive-event-03555,learner-005,activity_submitted,2026-09-27T12:00:00Z
archive-event-03556,learner-006,material_viewed,2026-09-28T12:00:00Z
archive-event-03557,learner-007,activity_submitted,2026-09-01T12:00:00Z
archive-event-03558,learner-008,material_viewed,2026-09-02T12:00:00Z
archive-event-03559,learner-009,activity_submitted,2026-09-03T12:00:00Z
archive-event-03560,learner-010,material_viewed,2026-09-04T12:00:00Z
archive-event-03561,learner-001,activity_submitted,2026-09-05T12:00:00Z
archive-event-03562,learner-002,material_viewed,2026-09-06T12:00:00Z
archive-event-03563,learner-003,activity_submitted,2026-09-07T12:00:00Z
archive-event-03564,learner-004,material_viewed,2026-09-08T12:00:00Z
archive-event-03565,learner-005,activity_submitted,2026-09-09T12:00:00Z
archive-event-03566,learner-006,material_viewed,2026-09-10T12:00:00Z
archive-event-03567,learner-007,activity_submitted,2026-09-11T12:00:00Z
archive-event-03568,learner-008,material_viewed,2026-09-12T12:00:00Z
archive-event-03569,learner-009,activity_submitted,2026-09-13T12:00:00Z
archive-event-03570,learner-010,material_viewed,2026-09-14T12:00:00Z
archive-event-03571,learner-001,activity_submitted,2026-09-15T12:00:00Z
archive-event-03572,learner-002,material_viewed,2026-09-16T12:00:00Z
archive-event-03573,learner-003,activity_submitted,2026-09-17T12:00:00Z
archive-event-03574,learner-004,material_viewed,2026-09-18T12:00:00Z
archive-event-03575,learner-005,activity_submitted,2026-09-19T12:00:00Z
archive-event-03576,learner-006,material_viewed,2026-09-20T12:00:00Z
archive-event-03577,learner-007,activity_submitted,2026-09-21T12:00:00Z
archive-event-03578,learner-008,material_viewed,2026-09-22T12:00:00Z
archive-event-03579,learner-009,activity_submitted,2026-09-23T12:00:00Z
archive-event-03580,learner-010,material_viewed,2026-09-24T12:00:00Z
archive-event-03581,learner-001,activity_submitted,2026-09-25T12:00:00Z
archive-event-03582,learner-002,material_viewed,2026-09-26T12:00:00Z
archive-event-03583,learner-003,activity_submitted,2026-09-27T12:00:00Z
archive-event-03584,learner-004,material_viewed,2026-09-28T12:00:00Z
archive-event-03585,learner-005,activity_submitted,2026-09-01T12:00:00Z
archive-event-03586,learner-006,material_viewed,2026-09-02T12:00:00Z
archive-event-03587,learner-007,activity_submitted,2026-09-03T12:00:00Z
archive-event-03588,learner-008,material_viewed,2026-09-04T12:00:00Z
archive-event-03589,learner-009,activity_submitted,2026-09-05T12:00:00Z
archive-event-03590,learner-010,material_viewed,2026-09-06T12:00:00Z
archive-event-03591,learner-001,activity_submitted,2026-09-07T12:00:00Z
archive-event-03592,learner-002,material_viewed,2026-09-08T12:00:00Z
archive-event-03593,learner-003,activity_submitted,2026-09-09T12:00:00Z
archive-event-03594,learner-004,material_viewed,2026-09-10T12:00:00Z
archive-event-03595,learner-005,activity_submitted,2026-09-11T12:00:00Z
archive-event-03596,learner-006,material_viewed,2026-09-12T12:00:00Z
archive-event-03597,learner-007,activity_submitted,2026-09-13T12:00:00Z
archive-event-03598,learner-008,material_viewed,2026-09-14T12:00:00Z
archive-event-03599,learner-009,activity_submitted,2026-09-15T12:00:00Z
archive-event-03600,learner-010,material_viewed,2026-09-16T12:00:00Z
archive-event-03601,learner-001,activity_submitted,2026-09-17T12:00:00Z
archive-event-03602,learner-002,material_viewed,2026-09-18T12:00:00Z
archive-event-03603,learner-003,activity_submitted,2026-09-19T12:00:00Z
archive-event-03604,learner-004,material_viewed,2026-09-20T12:00:00Z
archive-event-03605,learner-005,activity_submitted,2026-09-21T12:00:00Z
archive-event-03606,learner-006,material_viewed,2026-09-22T12:00:00Z
archive-event-03607,learner-007,activity_submitted,2026-09-23T12:00:00Z
archive-event-03608,learner-008,material_viewed,2026-09-24T12:00:00Z
archive-event-03609,learner-009,activity_submitted,2026-09-25T12:00:00Z
archive-event-03610,learner-010,material_viewed,2026-09-26T12:00:00Z
archive-event-03611,learner-001,activity_submitted,2026-09-27T12:00:00Z
archive-event-03612,learner-002,material_viewed,2026-09-28T12:00:00Z
archive-event-03613,learner-003,activity_submitted,2026-09-01T12:00:00Z
archive-event-03614,learner-004,material_viewed,2026-09-02T12:00:00Z
archive-event-03615,learner-005,activity_submitted,2026-09-03T12:00:00Z
archive-event-03616,learner-006,material_viewed,2026-09-04T12:00:00Z
archive-event-03617,learner-007,activity_submitted,2026-09-05T12:00:00Z
archive-event-03618,learner-008,material_viewed,2026-09-06T12:00:00Z
archive-event-03619,learner-009,activity_submitted,2026-09-07T12:00:00Z
archive-event-03620,learner-010,material_viewed,2026-09-08T12:00:00Z
archive-event-03621,learner-001,activity_submitted,2026-09-09T12:00:00Z
archive-event-03622,learner-002,material_viewed,2026-09-10T12:00:00Z
archive-event-03623,learner-003,activity_submitted,2026-09-11T12:00:00Z
archive-event-03624,learner-004,material_viewed,2026-09-12T12:00:00Z
archive-event-03625,learner-005,activity_submitted,2026-09-13T12:00:00Z
archive-event-03626,learner-006,material_viewed,2026-09-14T12:00:00Z
archive-event-03627,learner-007,activity_submitted,2026-09-15T12:00:00Z
archive-event-03628,learner-008,material_viewed,2026-09-16T12:00:00Z
archive-event-03629,learner-009,activity_submitted,2026-09-17T12:00:00Z
archive-event-03630,learner-010,material_viewed,2026-09-18T12:00:00Z
archive-event-03631,learner-001,activity_submitted,2026-09-19T12:00:00Z
archive-event-03632,learner-002,material_viewed,2026-09-20T12:00:00Z
archive-event-03633,learner-003,activity_submitted,2026-09-21T12:00:00Z
archive-event-03634,learner-004,material_viewed,2026-09-22T12:00:00Z
archive-event-03635,learner-005,activity_submitted,2026-09-23T12:00:00Z
archive-event-03636,learner-006,material_viewed,2026-09-24T12:00:00Z
archive-event-03637,learner-007,activity_submitted,2026-09-25T12:00:00Z
archive-event-03638,learner-008,material_viewed,2026-09-26T12:00:00Z
archive-event-03639,learner-009,activity_submitted,2026-09-27T12:00:00Z
archive-event-03640,learner-010,material_viewed,2026-09-28T12:00:00Z
archive-event-03641,learner-001,activity_submitted,2026-09-01T12:00:00Z
archive-event-03642,learner-002,material_viewed,2026-09-02T12:00:00Z
archive-event-03643,learner-003,activity_submitted,2026-09-03T12:00:00Z
archive-event-03644,learner-004,material_viewed,2026-09-04T12:00:00Z
archive-event-03645,learner-005,activity_submitted,2026-09-05T12:00:00Z
archive-event-03646,learner-006,material_viewed,2026-09-06T12:00:00Z
archive-event-03647,learner-007,activity_submitted,2026-09-07T12:00:00Z
archive-event-03648,learner-008,material_viewed,2026-09-08T12:00:00Z
archive-event-03649,learner-009,activity_submitted,2026-09-09T12:00:00Z
archive-event-03650,learner-010,material_viewed,2026-09-10T12:00:00Z
archive-event-03651,learner-001,activity_submitted,2026-09-11T12:00:00Z
archive-event-03652,learner-002,material_viewed,2026-09-12T12:00:00Z
archive-event-03653,learner-003,activity_submitted,2026-09-13T12:00:00Z
archive-event-03654,learner-004,material_viewed,2026-09-14T12:00:00Z
archive-event-03655,learner-005,activity_submitted,2026-09-15T12:00:00Z
archive-event-03656,learner-006,material_viewed,2026-09-16T12:00:00Z
archive-event-03657,learner-007,activity_submitted,2026-09-17T12:00:00Z
archive-event-03658,learner-008,material_viewed,2026-09-18T12:00:00Z
archive-event-03659,learner-009,activity_submitted,2026-09-19T12:00:00Z
archive-event-03660,learner-010,material_viewed,2026-09-20T12:00:00Z
archive-event-03661,learner-001,activity_submitted,2026-09-21T12:00:00Z
archive-event-03662,learner-002,material_viewed,2026-09-22T12:00:00Z
archive-event-03663,learner-003,activity_submitted,2026-09-23T12:00:00Z
archive-event-03664,learner-004,material_viewed,2026-09-24T12:00:00Z
archive-event-03665,learner-005,activity_submitted,2026-09-25T12:00:00Z
archive-event-03666,learner-006,material_viewed,2026-09-26T12:00:00Z
archive-event-03667,learner-007,activity_submitted,2026-09-27T12:00:00Z
archive-event-03668,learner-008,material_viewed,2026-09-28T12:00:00Z
archive-event-03669,learner-009,activity_submitted,2026-09-01T12:00:00Z
archive-event-03670,learner-010,material_viewed,2026-09-02T12:00:00Z
archive-event-03671,learner-001,activity_submitted,2026-09-03T12:00:00Z
archive-event-03672,learner-002,material_viewed,2026-09-04T12:00:00Z
archive-event-03673,learner-003,activity_submitted,2026-09-05T12:00:00Z
archive-event-03674,learner-004,material_viewed,2026-09-06T12:00:00Z
archive-event-03675,learner-005,activity_submitted,2026-09-07T12:00:00Z
archive-event-03676,learner-006,material_viewed,2026-09-08T12:00:00Z
archive-event-03677,learner-007,activity_submitted,2026-09-09T12:00:00Z
archive-event-03678,learner-008,material_viewed,2026-09-10T12:00:00Z
archive-event-03679,learner-009,activity_submitted,2026-09-11T12:00:00Z
archive-event-03680,learner-010,material_viewed,2026-09-12T12:00:00Z
archive-event-03681,learner-001,activity_submitted,2026-09-13T12:00:00Z
archive-event-03682,learner-002,material_viewed,2026-09-14T12:00:00Z
archive-event-03683,learner-003,activity_submitted,2026-09-15T12:00:00Z
archive-event-03684,learner-004,material_viewed,2026-09-16T12:00:00Z
archive-event-03685,learner-005,activity_submitted,2026-09-17T12:00:00Z
archive-event-03686,learner-006,material_viewed,2026-09-18T12:00:00Z
archive-event-03687,learner-007,activity_submitted,2026-09-19T12:00:00Z
archive-event-03688,learner-008,material_viewed,2026-09-20T12:00:00Z
archive-event-03689,learner-009,activity_submitted,2026-09-21T12:00:00Z
archive-event-03690,learner-010,material_viewed,2026-09-22T12:00:00Z
archive-event-03691,learner-001,activity_submitted,2026-09-23T12:00:00Z
archive-event-03692,learner-002,material_viewed,2026-09-24T12:00:00Z
archive-event-03693,learner-003,activity_submitted,2026-09-25T12:00:00Z
archive-event-03694,learner-004,material_viewed,2026-09-26T12:00:00Z
archive-event-03695,learner-005,activity_submitted,2026-09-27T12:00:00Z
archive-event-03696,learner-006,material_viewed,2026-09-28T12:00:00Z
archive-event-03697,learner-007,activity_submitted,2026-09-01T12:00:00Z
archive-event-03698,learner-008,material_viewed,2026-09-02T12:00:00Z
archive-event-03699,learner-009,activity_submitted,2026-09-03T12:00:00Z
archive-event-03700,learner-010,material_viewed,2026-09-04T12:00:00Z
archive-event-03701,learner-001,activity_submitted,2026-09-05T12:00:00Z
archive-event-03702,learner-002,material_viewed,2026-09-06T12:00:00Z
archive-event-03703,learner-003,activity_submitted,2026-09-07T12:00:00Z
archive-event-03704,learner-004,material_viewed,2026-09-08T12:00:00Z
archive-event-03705,learner-005,activity_submitted,2026-09-09T12:00:00Z
archive-event-03706,learner-006,material_viewed,2026-09-10T12:00:00Z
archive-event-03707,learner-007,activity_submitted,2026-09-11T12:00:00Z
archive-event-03708,learner-008,material_viewed,2026-09-12T12:00:00Z
archive-event-03709,learner-009,activity_submitted,2026-09-13T12:00:00Z
archive-event-03710,learner-010,material_viewed,2026-09-14T12:00:00Z
archive-event-03711,learner-001,activity_submitted,2026-09-15T12:00:00Z
archive-event-03712,learner-002,material_viewed,2026-09-16T12:00:00Z
archive-event-03713,learner-003,activity_submitted,2026-09-17T12:00:00Z
archive-event-03714,learner-004,material_viewed,2026-09-18T12:00:00Z
archive-event-03715,learner-005,activity_submitted,2026-09-19T12:00:00Z
archive-event-03716,learner-006,material_viewed,2026-09-20T12:00:00Z
archive-event-03717,learner-007,activity_submitted,2026-09-21T12:00:00Z
archive-event-03718,learner-008,material_viewed,2026-09-22T12:00:00Z
archive-event-03719,learner-009,activity_submitted,2026-09-23T12:00:00Z
archive-event-03720,learner-010,material_viewed,2026-09-24T12:00:00Z
archive-event-03721,learner-001,activity_submitted,2026-09-25T12:00:00Z
archive-event-03722,learner-002,material_viewed,2026-09-26T12:00:00Z
archive-event-03723,learner-003,activity_submitted,2026-09-27T12:00:00Z
archive-event-03724,learner-004,material_viewed,2026-09-28T12:00:00Z
archive-event-03725,learner-005,activity_submitted,2026-09-01T12:00:00Z
archive-event-03726,learner-006,material_viewed,2026-09-02T12:00:00Z
archive-event-03727,learner-007,activity_submitted,2026-09-03T12:00:00Z
archive-event-03728,learner-008,material_viewed,2026-09-04T12:00:00Z
archive-event-03729,learner-009,activity_submitted,2026-09-05T12:00:00Z
archive-event-03730,learner-010,material_viewed,2026-09-06T12:00:00Z
archive-event-03731,learner-001,activity_submitted,2026-09-07T12:00:00Z
archive-event-03732,learner-002,material_viewed,2026-09-08T12:00:00Z
archive-event-03733,learner-003,activity_submitted,2026-09-09T12:00:00Z
archive-event-03734,learner-004,material_viewed,2026-09-10T12:00:00Z
archive-event-03735,learner-005,activity_submitted,2026-09-11T12:00:00Z
archive-event-03736,learner-006,material_viewed,2026-09-12T12:00:00Z
archive-event-03737,learner-007,activity_submitted,2026-09-13T12:00:00Z
archive-event-03738,learner-008,material_viewed,2026-09-14T12:00:00Z
archive-event-03739,learner-009,activity_submitted,2026-09-15T12:00:00Z
archive-event-03740,learner-010,material_viewed,2026-09-16T12:00:00Z
archive-event-03741,learner-001,activity_submitted,2026-09-17T12:00:00Z
archive-event-03742,learner-002,material_viewed,2026-09-18T12:00:00Z
archive-event-03743,learner-003,activity_submitted,2026-09-19T12:00:00Z
archive-event-03744,learner-004,material_viewed,2026-09-20T12:00:00Z
archive-event-03745,learner-005,activity_submitted,2026-09-21T12:00:00Z
archive-event-03746,learner-006,material_viewed,2026-09-22T12:00:00Z
archive-event-03747,learner-007,activity_submitted,2026-09-23T12:00:00Z
archive-event-03748,learner-008,material_viewed,2026-09-24T12:00:00Z
archive-event-03749,learner-009,activity_submitted,2026-09-25T12:00:00Z
archive-event-03750,learner-010,material_viewed,2026-09-26T12:00:00Z
archive-event-03751,learner-001,activity_submitted,2026-09-27T12:00:00Z
archive-event-03752,learner-002,material_viewed,2026-09-28T12:00:00Z
archive-event-03753,learner-003,activity_submitted,2026-09-01T12:00:00Z
archive-event-03754,learner-004,material_viewed,2026-09-02T12:00:00Z
archive-event-03755,learner-005,activity_submitted,2026-09-03T12:00:00Z
archive-event-03756,learner-006,material_viewed,2026-09-04T12:00:00Z
archive-event-03757,learner-007,activity_submitted,2026-09-05T12:00:00Z
archive-event-03758,learner-008,material_viewed,2026-09-06T12:00:00Z
archive-event-03759,learner-009,activity_submitted,2026-09-07T12:00:00Z
archive-event-03760,learner-010,material_viewed,2026-09-08T12:00:00Z
archive-event-03761,learner-001,activity_submitted,2026-09-09T12:00:00Z
archive-event-03762,learner-002,material_viewed,2026-09-10T12:00:00Z
archive-event-03763,learner-003,activity_submitted,2026-09-11T12:00:00Z
archive-event-03764,learner-004,material_viewed,2026-09-12T12:00:00Z
archive-event-03765,learner-005,activity_submitted,2026-09-13T12:00:00Z
archive-event-03766,learner-006,material_viewed,2026-09-14T12:00:00Z
archive-event-03767,learner-007,activity_submitted,2026-09-15T12:00:00Z
archive-event-03768,learner-008,material_viewed,2026-09-16T12:00:00Z
archive-event-03769,learner-009,activity_submitted,2026-09-17T12:00:00Z
archive-event-03770,learner-010,material_viewed,2026-09-18T12:00:00Z
archive-event-03771,learner-001,activity_submitted,2026-09-19T12:00:00Z
archive-event-03772,learner-002,material_viewed,2026-09-20T12:00:00Z
archive-event-03773,learner-003,activity_submitted,2026-09-21T12:00:00Z
archive-event-03774,learner-004,material_viewed,2026-09-22T12:00:00Z
archive-event-03775,learner-005,activity_submitted,2026-09-23T12:00:00Z
archive-event-03776,learner-006,material_viewed,2026-09-24T12:00:00Z
archive-event-03777,learner-007,activity_submitted,2026-09-25T12:00:00Z
archive-event-03778,learner-008,material_viewed,2026-09-26T12:00:00Z
archive-event-03779,learner-009,activity_submitted,2026-09-27T12:00:00Z
archive-event-03780,learner-010,material_viewed,2026-09-28T12:00:00Z
archive-event-03781,learner-001,activity_submitted,2026-09-01T12:00:00Z
archive-event-03782,learner-002,material_viewed,2026-09-02T12:00:00Z
archive-event-03783,learner-003,activity_submitted,2026-09-03T12:00:00Z
archive-event-03784,learner-004,material_viewed,2026-09-04T12:00:00Z
archive-event-03785,learner-005,activity_submitted,2026-09-05T12:00:00Z
archive-event-03786,learner-006,material_viewed,2026-09-06T12:00:00Z
archive-event-03787,learner-007,activity_submitted,2026-09-07T12:00:00Z
archive-event-03788,learner-008,material_viewed,2026-09-08T12:00:00Z
archive-event-03789,learner-009,activity_submitted,2026-09-09T12:00:00Z
archive-event-03790,learner-010,material_viewed,2026-09-10T12:00:00Z
archive-event-03791,learner-001,activity_submitted,2026-09-11T12:00:00Z
archive-event-03792,learner-002,material_viewed,2026-09-12T12:00:00Z
archive-event-03793,learner-003,activity_submitted,2026-09-13T12:00:00Z
archive-event-03794,learner-004,material_viewed,2026-09-14T12:00:00Z
archive-event-03795,learner-005,activity_submitted,2026-09-15T12:00:00Z
archive-event-03796,learner-006,material_viewed,2026-09-16T12:00:00Z
archive-event-03797,learner-007,activity_submitted,2026-09-17T12:00:00Z
archive-event-03798,learner-008,material_viewed,2026-09-18T12:00:00Z
archive-event-03799,learner-009,activity_submitted,2026-09-19T12:00:00Z
archive-event-03800,learner-010,material_viewed,2026-09-20T12:00:00Z
archive-event-03801,learner-001,activity_submitted,2026-09-21T12:00:00Z
archive-event-03802,learner-002,material_viewed,2026-09-22T12:00:00Z
archive-event-03803,learner-003,activity_submitted,2026-09-23T12:00:00Z
archive-event-03804,learner-004,material_viewed,2026-09-24T12:00:00Z
archive-event-03805,learner-005,activity_submitted,2026-09-25T12:00:00Z
archive-event-03806,learner-006,material_viewed,2026-09-26T12:00:00Z
archive-event-03807,learner-007,activity_submitted,2026-09-27T12:00:00Z
archive-event-03808,learner-008,material_viewed,2026-09-28T12:00:00Z
archive-event-03809,learner-009,activity_submitted,2026-09-01T12:00:00Z
archive-event-03810,learner-010,material_viewed,2026-09-02T12:00:00Z
archive-event-03811,learner-001,activity_submitted,2026-09-03T12:00:00Z
archive-event-03812,learner-002,material_viewed,2026-09-04T12:00:00Z
archive-event-03813,learner-003,activity_submitted,2026-09-05T12:00:00Z
archive-event-03814,learner-004,material_viewed,2026-09-06T12:00:00Z
archive-event-03815,learner-005,activity_submitted,2026-09-07T12:00:00Z
archive-event-03816,learner-006,material_viewed,2026-09-08T12:00:00Z
archive-event-03817,learner-007,activity_submitted,2026-09-09T12:00:00Z
archive-event-03818,learner-008,material_viewed,2026-09-10T12:00:00Z
archive-event-03819,learner-009,activity_submitted,2026-09-11T12:00:00Z
archive-event-03820,learner-010,material_viewed,2026-09-12T12:00:00Z
archive-event-03821,learner-001,activity_submitted,2026-09-13T12:00:00Z
archive-event-03822,learner-002,material_viewed,2026-09-14T12:00:00Z
archive-event-03823,learner-003,activity_submitted,2026-09-15T12:00:00Z
archive-event-03824,learner-004,material_viewed,2026-09-16T12:00:00Z
archive-event-03825,learner-005,activity_submitted,2026-09-17T12:00:00Z
archive-event-03826,learner-006,material_viewed,2026-09-18T12:00:00Z
archive-event-03827,learner-007,activity_submitted,2026-09-19T12:00:00Z
archive-event-03828,learner-008,material_viewed,2026-09-20T12:00:00Z
archive-event-03829,learner-009,activity_submitted,2026-09-21T12:00:00Z
archive-event-03830,learner-010,material_viewed,2026-09-22T12:00:00Z
archive-event-03831,learner-001,activity_submitted,2026-09-23T12:00:00Z
archive-event-03832,learner-002,material_viewed,2026-09-24T12:00:00Z
archive-event-03833,learner-003,activity_submitted,2026-09-25T12:00:00Z
archive-event-03834,learner-004,material_viewed,2026-09-26T12:00:00Z
archive-event-03835,learner-005,activity_submitted,2026-09-27T12:00:00Z
archive-event-03836,learner-006,material_viewed,2026-09-28T12:00:00Z
archive-event-03837,learner-007,activity_submitted,2026-09-01T12:00:00Z
archive-event-03838,learner-008,material_viewed,2026-09-02T12:00:00Z
archive-event-03839,learner-009,activity_submitted,2026-09-03T12:00:00Z
archive-event-03840,learner-010,material_viewed,2026-09-04T12:00:00Z
archive-event-03841,learner-001,activity_submitted,2026-09-05T12:00:00Z
archive-event-03842,learner-002,material_viewed,2026-09-06T12:00:00Z
archive-event-03843,learner-003,activity_submitted,2026-09-07T12:00:00Z
archive-event-03844,learner-004,material_viewed,2026-09-08T12:00:00Z
archive-event-03845,learner-005,activity_submitted,2026-09-09T12:00:00Z
archive-event-03846,learner-006,material_viewed,2026-09-10T12:00:00Z
archive-event-03847,learner-007,activity_submitted,2026-09-11T12:00:00Z
archive-event-03848,learner-008,material_viewed,2026-09-12T12:00:00Z
archive-event-03849,learner-009,activity_submitted,2026-09-13T12:00:00Z
archive-event-03850,learner-010,material_viewed,2026-09-14T12:00:00Z
archive-event-03851,learner-001,activity_submitted,2026-09-15T12:00:00Z
archive-event-03852,learner-002,material_viewed,2026-09-16T12:00:00Z
archive-event-03853,learner-003,activity_submitted,2026-09-17T12:00:00Z
archive-event-03854,learner-004,material_viewed,2026-09-18T12:00:00Z
archive-event-03855,learner-005,activity_submitted,2026-09-19T12:00:00Z
archive-event-03856,learner-006,material_viewed,2026-09-20T12:00:00Z
archive-event-03857,learner-007,activity_submitted,2026-09-21T12:00:00Z
archive-event-03858,learner-008,material_viewed,2026-09-22T12:00:00Z
archive-event-03859,learner-009,activity_submitted,2026-09-23T12:00:00Z
archive-event-03860,learner-010,material_viewed,2026-09-24T12:00:00Z
archive-event-03861,learner-001,activity_submitted,2026-09-25T12:00:00Z
archive-event-03862,learner-002,material_viewed,2026-09-26T12:00:00Z
archive-event-03863,learner-003,activity_submitted,2026-09-27T12:00:00Z
archive-event-03864,learner-004,material_viewed,2026-09-28T12:00:00Z
archive-event-03865,learner-005,activity_submitted,2026-09-01T12:00:00Z
archive-event-03866,learner-006,material_viewed,2026-09-02T12:00:00Z
archive-event-03867,learner-007,activity_submitted,2026-09-03T12:00:00Z
archive-event-03868,learner-008,material_viewed,2026-09-04T12:00:00Z
archive-event-03869,learner-009,activity_submitted,2026-09-05T12:00:00Z
archive-event-03870,learner-010,material_viewed,2026-09-06T12:00:00Z
archive-event-03871,learner-001,activity_submitted,2026-09-07T12:00:00Z
archive-event-03872,learner-002,material_viewed,2026-09-08T12:00:00Z
archive-event-03873,learner-003,activity_submitted,2026-09-09T12:00:00Z
archive-event-03874,learner-004,material_viewed,2026-09-10T12:00:00Z
archive-event-03875,learner-005,activity_submitted,2026-09-11T12:00:00Z
archive-event-03876,learner-006,material_viewed,2026-09-12T12:00:00Z
archive-event-03877,learner-007,activity_submitted,2026-09-13T12:00:00Z
archive-event-03878,learner-008,material_viewed,2026-09-14T12:00:00Z
archive-event-03879,learner-009,activity_submitted,2026-09-15T12:00:00Z
archive-event-03880,learner-010,material_viewed,2026-09-16T12:00:00Z
archive-event-03881,learner-001,activity_submitted,2026-09-17T12:00:00Z
archive-event-03882,learner-002,material_viewed,2026-09-18T12:00:00Z
archive-event-03883,learner-003,activity_submitted,2026-09-19T12:00:00Z
archive-event-03884,learner-004,material_viewed,2026-09-20T12:00:00Z
archive-event-03885,learner-005,activity_submitted,2026-09-21T12:00:00Z
archive-event-03886,learner-006,material_viewed,2026-09-22T12:00:00Z
archive-event-03887,learner-007,activity_submitted,2026-09-23T12:00:00Z
archive-event-03888,learner-008,material_viewed,2026-09-24T12:00:00Z
archive-event-03889,learner-009,activity_submitted,2026-09-25T12:00:00Z
archive-event-03890,learner-010,material_viewed,2026-09-26T12:00:00Z
archive-event-03891,learner-001,activity_submitted,2026-09-27T12:00:00Z
archive-event-03892,learner-002,material_viewed,2026-09-28T12:00:00Z
archive-event-03893,learner-003,activity_submitted,2026-09-01T12:00:00Z
archive-event-03894,learner-004,material_viewed,2026-09-02T12:00:00Z
archive-event-03895,learner-005,activity_submitted,2026-09-03T12:00:00Z
archive-event-03896,learner-006,material_viewed,2026-09-04T12:00:00Z
archive-event-03897,learner-007,activity_submitted,2026-09-05T12:00:00Z
archive-event-03898,learner-008,material_viewed,2026-09-06T12:00:00Z
archive-event-03899,learner-009,activity_submitted,2026-09-07T12:00:00Z
archive-event-03900,learner-010,material_viewed,2026-09-08T12:00:00Z
archive-event-03901,learner-001,activity_submitted,2026-09-09T12:00:00Z
archive-event-03902,learner-002,material_viewed,2026-09-10T12:00:00Z
archive-event-03903,learner-003,activity_submitted,2026-09-11T12:00:00Z
archive-event-03904,learner-004,material_viewed,2026-09-12T12:00:00Z
archive-event-03905,learner-005,activity_submitted,2026-09-13T12:00:00Z
archive-event-03906,learner-006,material_viewed,2026-09-14T12:00:00Z
archive-event-03907,learner-007,activity_submitted,2026-09-15T12:00:00Z
archive-event-03908,learner-008,material_viewed,2026-09-16T12:00:00Z
archive-event-03909,learner-009,activity_submitted,2026-09-17T12:00:00Z
archive-event-03910,learner-010,material_viewed,2026-09-18T12:00:00Z
archive-event-03911,learner-001,activity_submitted,2026-09-19T12:00:00Z
archive-event-03912,learner-002,material_viewed,2026-09-20T12:00:00Z
archive-event-03913,learner-003,activity_submitted,2026-09-21T12:00:00Z
archive-event-03914,learner-004,material_viewed,2026-09-22T12:00:00Z
archive-event-03915,learner-005,activity_submitted,2026-09-23T12:00:00Z
archive-event-03916,learner-006,material_viewed,2026-09-24T12:00:00Z
archive-event-03917,learner-007,activity_submitted,2026-09-25T12:00:00Z
archive-event-03918,learner-008,material_viewed,2026-09-26T12:00:00Z
archive-event-03919,learner-009,activity_submitted,2026-09-27T12:00:00Z
archive-event-03920,learner-010,material_viewed,2026-09-28T12:00:00Z
archive-event-03921,learner-001,activity_submitted,2026-09-01T12:00:00Z
archive-event-03922,learner-002,material_viewed,2026-09-02T12:00:00Z
archive-event-03923,learner-003,activity_submitted,2026-09-03T12:00:00Z
archive-event-03924,learner-004,material_viewed,2026-09-04T12:00:00Z
archive-event-03925,learner-005,activity_submitted,2026-09-05T12:00:00Z
archive-event-03926,learner-006,material_viewed,2026-09-06T12:00:00Z
archive-event-03927,learner-007,activity_submitted,2026-09-07T12:00:00Z
archive-event-03928,learner-008,material_viewed,2026-09-08T12:00:00Z
archive-event-03929,learner-009,activity_submitted,2026-09-09T12:00:00Z
archive-event-03930,learner-010,material_viewed,2026-09-10T12:00:00Z
archive-event-03931,learner-001,activity_submitted,2026-09-11T12:00:00Z
archive-event-03932,learner-002,material_viewed,2026-09-12T12:00:00Z
archive-event-03933,learner-003,activity_submitted,2026-09-13T12:00:00Z
archive-event-03934,learner-004,material_viewed,2026-09-14T12:00:00Z
archive-event-03935,learner-005,activity_submitted,2026-09-15T12:00:00Z
archive-event-03936,learner-006,material_viewed,2026-09-16T12:00:00Z
archive-event-03937,learner-007,activity_submitted,2026-09-17T12:00:00Z
archive-event-03938,learner-008,material_viewed,2026-09-18T12:00:00Z
archive-event-03939,learner-009,activity_submitted,2026-09-19T12:00:00Z
archive-event-03940,learner-010,material_viewed,2026-09-20T12:00:00Z
archive-event-03941,learner-001,activity_submitted,2026-09-21T12:00:00Z
archive-event-03942,learner-002,material_viewed,2026-09-22T12:00:00Z
archive-event-03943,learner-003,activity_submitted,2026-09-23T12:00:00Z
archive-event-03944,learner-004,material_viewed,2026-09-24T12:00:00Z
archive-event-03945,learner-005,activity_submitted,2026-09-25T12:00:00Z
archive-event-03946,learner-006,material_viewed,2026-09-26T12:00:00Z
archive-event-03947,learner-007,activity_submitted,2026-09-27T12:00:00Z
archive-event-03948,learner-008,material_viewed,2026-09-28T12:00:00Z
archive-event-03949,learner-009,activity_submitted,2026-09-01T12:00:00Z
archive-event-03950,learner-010,material_viewed,2026-09-02T12:00:00Z
archive-event-03951,learner-001,activity_submitted,2026-09-03T12:00:00Z
archive-event-03952,learner-002,material_viewed,2026-09-04T12:00:00Z
archive-event-03953,learner-003,activity_submitted,2026-09-05T12:00:00Z
archive-event-03954,learner-004,material_viewed,2026-09-06T12:00:00Z
archive-event-03955,learner-005,activity_submitted,2026-09-07T12:00:00Z
archive-event-03956,learner-006,material_viewed,2026-09-08T12:00:00Z
archive-event-03957,learner-007,activity_submitted,2026-09-09T12:00:00Z
archive-event-03958,learner-008,material_viewed,2026-09-10T12:00:00Z
archive-event-03959,learner-009,activity_submitted,2026-09-11T12:00:00Z
archive-event-03960,learner-010,material_viewed,2026-09-12T12:00:00Z
archive-event-03961,learner-001,activity_submitted,2026-09-13T12:00:00Z
archive-event-03962,learner-002,material_viewed,2026-09-14T12:00:00Z
archive-event-03963,learner-003,activity_submitted,2026-09-15T12:00:00Z
archive-event-03964,learner-004,material_viewed,2026-09-16T12:00:00Z
archive-event-03965,learner-005,activity_submitted,2026-09-17T12:00:00Z
archive-event-03966,learner-006,material_viewed,2026-09-18T12:00:00Z
archive-event-03967,learner-007,activity_submitted,2026-09-19T12:00:00Z
archive-event-03968,learner-008,material_viewed,2026-09-20T12:00:00Z
archive-event-03969,learner-009,activity_submitted,2026-09-21T12:00:00Z
archive-event-03970,learner-010,material_viewed,2026-09-22T12:00:00Z
archive-event-03971,learner-001,activity_submitted,2026-09-23T12:00:00Z
archive-event-03972,learner-002,material_viewed,2026-09-24T12:00:00Z
archive-event-03973,learner-003,activity_submitted,2026-09-25T12:00:00Z
archive-event-03974,learner-004,material_viewed,2026-09-26T12:00:00Z
archive-event-03975,learner-005,activity_submitted,2026-09-27T12:00:00Z
archive-event-03976,learner-006,material_viewed,2026-09-28T12:00:00Z
archive-event-03977,learner-007,activity_submitted,2026-09-01T12:00:00Z
archive-event-03978,learner-008,material_viewed,2026-09-02T12:00:00Z
archive-event-03979,learner-009,activity_submitted,2026-09-03T12:00:00Z
archive-event-03980,learner-010,material_viewed,2026-09-04T12:00:00Z
archive-event-03981,learner-001,activity_submitted,2026-09-05T12:00:00Z
archive-event-03982,learner-002,material_viewed,2026-09-06T12:00:00Z
archive-event-03983,learner-003,activity_submitted,2026-09-07T12:00:00Z
archive-event-03984,learner-004,material_viewed,2026-09-08T12:00:00Z
archive-event-03985,learner-005,activity_submitted,2026-09-09T12:00:00Z
archive-event-03986,learner-006,material_viewed,2026-09-10T12:00:00Z
archive-event-03987,learner-007,activity_submitted,2026-09-11T12:00:00Z
archive-event-03988,learner-008,material_viewed,2026-09-12T12:00:00Z
archive-event-03989,learner-009,activity_submitted,2026-09-13T12:00:00Z
archive-event-03990,learner-010,material_viewed,2026-09-14T12:00:00Z
archive-event-03991,learner-001,activity_submitted,2026-09-15T12:00:00Z
archive-event-03992,learner-002,material_viewed,2026-09-16T12:00:00Z
archive-event-03993,learner-003,activity_submitted,2026-09-17T12:00:00Z
archive-event-03994,learner-004,material_viewed,2026-09-18T12:00:00Z
archive-event-03995,learner-005,activity_submitted,2026-09-19T12:00:00Z
archive-event-03996,learner-006,material_viewed,2026-09-20T12:00:00Z
archive-event-03997,learner-007,activity_submitted,2026-09-21T12:00:00Z
archive-event-03998,learner-008,material_viewed,2026-09-22T12:00:00Z
archive-event-03999,learner-009,activity_submitted,2026-09-23T12:00:00Z
archive-event-04000,learner-010,material_viewed,2026-09-24T12:00:00Z
archive-event-04001,learner-001,activity_submitted,2026-09-25T12:00:00Z
archive-event-04002,learner-002,material_viewed,2026-09-26T12:00:00Z
archive-event-04003,learner-003,activity_submitted,2026-09-27T12:00:00Z
archive-event-04004,learner-004,material_viewed,2026-09-28T12:00:00Z
archive-event-04005,learner-005,activity_submitted,2026-09-01T12:00:00Z
archive-event-04006,learner-006,material_viewed,2026-09-02T12:00:00Z
archive-event-04007,learner-007,activity_submitted,2026-09-03T12:00:00Z
archive-event-04008,learner-008,material_viewed,2026-09-04T12:00:00Z
archive-event-04009,learner-009,activity_submitted,2026-09-05T12:00:00Z
archive-event-04010,learner-010,material_viewed,2026-09-06T12:00:00Z
archive-event-04011,learner-001,activity_submitted,2026-09-07T12:00:00Z
archive-event-04012,learner-002,material_viewed,2026-09-08T12:00:00Z
archive-event-04013,learner-003,activity_submitted,2026-09-09T12:00:00Z
archive-event-04014,learner-004,material_viewed,2026-09-10T12:00:00Z
archive-event-04015,learner-005,activity_submitted,2026-09-11T12:00:00Z
archive-event-04016,learner-006,material_viewed,2026-09-12T12:00:00Z
archive-event-04017,learner-007,activity_submitted,2026-09-13T12:00:00Z
archive-event-04018,learner-008,material_viewed,2026-09-14T12:00:00Z
archive-event-04019,learner-009,activity_submitted,2026-09-15T12:00:00Z
archive-event-04020,learner-010,material_viewed,2026-09-16T12:00:00Z
archive-event-04021,learner-001,activity_submitted,2026-09-17T12:00:00Z
archive-event-04022,learner-002,material_viewed,2026-09-18T12:00:00Z
archive-event-04023,learner-003,activity_submitted,2026-09-19T12:00:00Z
archive-event-04024,learner-004,material_viewed,2026-09-20T12:00:00Z
archive-event-04025,learner-005,activity_submitted,2026-09-21T12:00:00Z
archive-event-04026,learner-006,material_viewed,2026-09-22T12:00:00Z
archive-event-04027,learner-007,activity_submitted,2026-09-23T12:00:00Z
archive-event-04028,learner-008,material_viewed,2026-09-24T12:00:00Z
archive-event-04029,learner-009,activity_submitted,2026-09-25T12:00:00Z
archive-event-04030,learner-010,material_viewed,2026-09-26T12:00:00Z
archive-event-04031,learner-001,activity_submitted,2026-09-27T12:00:00Z
archive-event-04032,learner-002,material_viewed,2026-09-28T12:00:00Z
archive-event-04033,learner-003,activity_submitted,2026-09-01T12:00:00Z
archive-event-04034,learner-004,material_viewed,2026-09-02T12:00:00Z
archive-event-04035,learner-005,activity_submitted,2026-09-03T12:00:00Z
archive-event-04036,learner-006,material_viewed,2026-09-04T12:00:00Z
archive-event-04037,learner-007,activity_submitted,2026-09-05T12:00:00Z
archive-event-04038,learner-008,material_viewed,2026-09-06T12:00:00Z
archive-event-04039,learner-009,activity_submitted,2026-09-07T12:00:00Z
archive-event-04040,learner-010,material_viewed,2026-09-08T12:00:00Z
archive-event-04041,learner-001,activity_submitted,2026-09-09T12:00:00Z
archive-event-04042,learner-002,material_viewed,2026-09-10T12:00:00Z
archive-event-04043,learner-003,activity_submitted,2026-09-11T12:00:00Z
archive-event-04044,learner-004,material_viewed,2026-09-12T12:00:00Z
archive-event-04045,learner-005,activity_submitted,2026-09-13T12:00:00Z
archive-event-04046,learner-006,material_viewed,2026-09-14T12:00:00Z
archive-event-04047,learner-007,activity_submitted,2026-09-15T12:00:00Z
archive-event-04048,learner-008,material_viewed,2026-09-16T12:00:00Z
archive-event-04049,learner-009,activity_submitted,2026-09-17T12:00:00Z
archive-event-04050,learner-010,material_viewed,2026-09-18T12:00:00Z
archive-event-04051,learner-001,activity_submitted,2026-09-19T12:00:00Z
archive-event-04052,learner-002,material_viewed,2026-09-20T12:00:00Z
archive-event-04053,learner-003,activity_submitted,2026-09-21T12:00:00Z
archive-event-04054,learner-004,material_viewed,2026-09-22T12:00:00Z
archive-event-04055,learner-005,activity_submitted,2026-09-23T12:00:00Z
archive-event-04056,learner-006,material_viewed,2026-09-24T12:00:00Z
archive-event-04057,learner-007,activity_submitted,2026-09-25T12:00:00Z
archive-event-04058,learner-008,material_viewed,2026-09-26T12:00:00Z
archive-event-04059,learner-009,activity_submitted,2026-09-27T12:00:00Z
archive-event-04060,learner-010,material_viewed,2026-09-28T12:00:00Z
archive-event-04061,learner-001,activity_submitted,2026-09-01T12:00:00Z
archive-event-04062,learner-002,material_viewed,2026-09-02T12:00:00Z
archive-event-04063,learner-003,activity_submitted,2026-09-03T12:00:00Z
archive-event-04064,learner-004,material_viewed,2026-09-04T12:00:00Z
archive-event-04065,learner-005,activity_submitted,2026-09-05T12:00:00Z
archive-event-04066,learner-006,material_viewed,2026-09-06T12:00:00Z
archive-event-04067,learner-007,activity_submitted,2026-09-07T12:00:00Z
archive-event-04068,learner-008,material_viewed,2026-09-08T12:00:00Z
archive-event-04069,learner-009,activity_submitted,2026-09-09T12:00:00Z
archive-event-04070,learner-010,material_viewed,2026-09-10T12:00:00Z
archive-event-04071,learner-001,activity_submitted,2026-09-11T12:00:00Z
archive-event-04072,learner-002,material_viewed,2026-09-12T12:00:00Z
archive-event-04073,learner-003,activity_submitted,2026-09-13T12:00:00Z
archive-event-04074,learner-004,material_viewed,2026-09-14T12:00:00Z
archive-event-04075,learner-005,activity_submitted,2026-09-15T12:00:00Z
archive-event-04076,learner-006,material_viewed,2026-09-16T12:00:00Z
archive-event-04077,learner-007,activity_submitted,2026-09-17T12:00:00Z
archive-event-04078,learner-008,material_viewed,2026-09-18T12:00:00Z
archive-event-04079,learner-009,activity_submitted,2026-09-19T12:00:00Z
archive-event-04080,learner-010,material_viewed,2026-09-20T12:00:00Z
archive-event-04081,learner-001,activity_submitted,2026-09-21T12:00:00Z
archive-event-04082,learner-002,material_viewed,2026-09-22T12:00:00Z
archive-event-04083,learner-003,activity_submitted,2026-09-23T12:00:00Z
archive-event-04084,learner-004,material_viewed,2026-09-24T12:00:00Z
archive-event-04085,learner-005,activity_submitted,2026-09-25T12:00:00Z
archive-event-04086,learner-006,material_viewed,2026-09-26T12:00:00Z
archive-event-04087,learner-007,activity_submitted,2026-09-27T12:00:00Z
archive-event-04088,learner-008,material_viewed,2026-09-28T12:00:00Z
archive-event-04089,learner-009,activity_submitted,2026-09-01T12:00:00Z
archive-event-04090,learner-010,material_viewed,2026-09-02T12:00:00Z
archive-event-04091,learner-001,activity_submitted,2026-09-03T12:00:00Z
archive-event-04092,learner-002,material_viewed,2026-09-04T12:00:00Z
archive-event-04093,learner-003,activity_submitted,2026-09-05T12:00:00Z
archive-event-04094,learner-004,material_viewed,2026-09-06T12:00:00Z
archive-event-04095,learner-005,activity_submitted,2026-09-07T12:00:00Z
archive-event-04096,learner-006,material_viewed,2026-09-08T12:00:00Z
archive-event-04097,learner-007,activity_submitted,2026-09-09T12:00:00Z
archive-event-04098,learner-008,material_viewed,2026-09-10T12:00:00Z
archive-event-04099,learner-009,activity_submitted,2026-09-11T12:00:00Z
archive-event-04100,learner-010,material_viewed,2026-09-12T12:00:00Z
archive-event-04101,learner-001,activity_submitted,2026-09-13T12:00:00Z
archive-event-04102,learner-002,material_viewed,2026-09-14T12:00:00Z
archive-event-04103,learner-003,activity_submitted,2026-09-15T12:00:00Z
archive-event-04104,learner-004,material_viewed,2026-09-16T12:00:00Z
archive-event-04105,learner-005,activity_submitted,2026-09-17T12:00:00Z
archive-event-04106,learner-006,material_viewed,2026-09-18T12:00:00Z
archive-event-04107,learner-007,activity_submitted,2026-09-19T12:00:00Z
archive-event-04108,learner-008,material_viewed,2026-09-20T12:00:00Z
archive-event-04109,learner-009,activity_submitted,2026-09-21T12:00:00Z
archive-event-04110,learner-010,material_viewed,2026-09-22T12:00:00Z
archive-event-04111,learner-001,activity_submitted,2026-09-23T12:00:00Z
archive-event-04112,learner-002,material_viewed,2026-09-24T12:00:00Z
archive-event-04113,learner-003,activity_submitted,2026-09-25T12:00:00Z
archive-event-04114,learner-004,material_viewed,2026-09-26T12:00:00Z
archive-event-04115,learner-005,activity_submitted,2026-09-27T12:00:00Z
archive-event-04116,learner-006,material_viewed,2026-09-28T12:00:00Z
archive-event-04117,learner-007,activity_submitted,2026-09-01T12:00:00Z
archive-event-04118,learner-008,material_viewed,2026-09-02T12:00:00Z
archive-event-04119,learner-009,activity_submitted,2026-09-03T12:00:00Z
archive-event-04120,learner-010,material_viewed,2026-09-04T12:00:00Z
archive-event-04121,learner-001,activity_submitted,2026-09-05T12:00:00Z
archive-event-04122,learner-002,material_viewed,2026-09-06T12:00:00Z
archive-event-04123,learner-003,activity_submitted,2026-09-07T12:00:00Z
archive-event-04124,learner-004,material_viewed,2026-09-08T12:00:00Z
archive-event-04125,learner-005,activity_submitted,2026-09-09T12:00:00Z
archive-event-04126,learner-006,material_viewed,2026-09-10T12:00:00Z
archive-event-04127,learner-007,activity_submitted,2026-09-11T12:00:00Z
archive-event-04128,learner-008,material_viewed,2026-09-12T12:00:00Z
archive-event-04129,learner-009,activity_submitted,2026-09-13T12:00:00Z
archive-event-04130,learner-010,material_viewed,2026-09-14T12:00:00Z
archive-event-04131,learner-001,activity_submitted,2026-09-15T12:00:00Z
archive-event-04132,learner-002,material_viewed,2026-09-16T12:00:00Z
archive-event-04133,learner-003,activity_submitted,2026-09-17T12:00:00Z
archive-event-04134,learner-004,material_viewed,2026-09-18T12:00:00Z
archive-event-04135,learner-005,activity_submitted,2026-09-19T12:00:00Z
archive-event-04136,learner-006,material_viewed,2026-09-20T12:00:00Z
archive-event-04137,learner-007,activity_submitted,2026-09-21T12:00:00Z
archive-event-04138,learner-008,material_viewed,2026-09-22T12:00:00Z
archive-event-04139,learner-009,activity_submitted,2026-09-23T12:00:00Z
archive-event-04140,learner-010,material_viewed,2026-09-24T12:00:00Z
archive-event-04141,learner-001,activity_submitted,2026-09-25T12:00:00Z
archive-event-04142,learner-002,material_viewed,2026-09-26T12:00:00Z
archive-event-04143,learner-003,activity_submitted,2026-09-27T12:00:00Z
archive-event-04144,learner-004,material_viewed,2026-09-28T12:00:00Z
archive-event-04145,learner-005,activity_submitted,2026-09-01T12:00:00Z
archive-event-04146,learner-006,material_viewed,2026-09-02T12:00:00Z
archive-event-04147,learner-007,activity_submitted,2026-09-03T12:00:00Z
archive-event-04148,learner-008,material_viewed,2026-09-04T12:00:00Z
archive-event-04149,learner-009,activity_submitted,2026-09-05T12:00:00Z
archive-event-04150,learner-010,material_viewed,2026-09-06T12:00:00Z
archive-event-04151,learner-001,activity_submitted,2026-09-07T12:00:00Z
archive-event-04152,learner-002,material_viewed,2026-09-08T12:00:00Z
archive-event-04153,learner-003,activity_submitted,2026-09-09T12:00:00Z
archive-event-04154,learner-004,material_viewed,2026-09-10T12:00:00Z
archive-event-04155,learner-005,activity_submitted,2026-09-11T12:00:00Z
archive-event-04156,learner-006,material_viewed,2026-09-12T12:00:00Z
archive-event-04157,learner-007,activity_submitted,2026-09-13T12:00:00Z
archive-event-04158,learner-008,material_viewed,2026-09-14T12:00:00Z
archive-event-04159,learner-009,activity_submitted,2026-09-15T12:00:00Z
archive-event-04160,learner-010,material_viewed,2026-09-16T12:00:00Z
archive-event-04161,learner-001,activity_submitted,2026-09-17T12:00:00Z
archive-event-04162,learner-002,material_viewed,2026-09-18T12:00:00Z
archive-event-04163,learner-003,activity_submitted,2026-09-19T12:00:00Z
archive-event-04164,learner-004,material_viewed,2026-09-20T12:00:00Z
archive-event-04165,learner-005,activity_submitted,2026-09-21T12:00:00Z
archive-event-04166,learner-006,material_viewed,2026-09-22T12:00:00Z
archive-event-04167,learner-007,activity_submitted,2026-09-23T12:00:00Z
archive-event-04168,learner-008,material_viewed,2026-09-24T12:00:00Z
archive-event-04169,learner-009,activity_submitted,2026-09-25T12:00:00Z
archive-event-04170,learner-010,material_viewed,2026-09-26T12:00:00Z
archive-event-04171,learner-001,activity_submitted,2026-09-27T12:00:00Z
archive-event-04172,learner-002,material_viewed,2026-09-28T12:00:00Z
archive-event-04173,learner-003,activity_submitted,2026-09-01T12:00:00Z
archive-event-04174,learner-004,material_viewed,2026-09-02T12:00:00Z
archive-event-04175,learner-005,activity_submitted,2026-09-03T12:00:00Z
archive-event-04176,learner-006,material_viewed,2026-09-04T12:00:00Z
archive-event-04177,learner-007,activity_submitted,2026-09-05T12:00:00Z
archive-event-04178,learner-008,material_viewed,2026-09-06T12:00:00Z
archive-event-04179,learner-009,activity_submitted,2026-09-07T12:00:00Z
archive-event-04180,learner-010,material_viewed,2026-09-08T12:00:00Z
archive-event-04181,learner-001,activity_submitted,2026-09-09T12:00:00Z
archive-event-04182,learner-002,material_viewed,2026-09-10T12:00:00Z
archive-event-04183,learner-003,activity_submitted,2026-09-11T12:00:00Z
archive-event-04184,learner-004,material_viewed,2026-09-12T12:00:00Z
archive-event-04185,learner-005,activity_submitted,2026-09-13T12:00:00Z
archive-event-04186,learner-006,material_viewed,2026-09-14T12:00:00Z
archive-event-04187,learner-007,activity_submitted,2026-09-15T12:00:00Z
archive-event-04188,learner-008,material_viewed,2026-09-16T12:00:00Z
archive-event-04189,learner-009,activity_submitted,2026-09-17T12:00:00Z
archive-event-04190,learner-010,material_viewed,2026-09-18T12:00:00Z
archive-event-04191,learner-001,activity_submitted,2026-09-19T12:00:00Z
archive-event-04192,learner-002,material_viewed,2026-09-20T12:00:00Z
archive-event-04193,learner-003,activity_submitted,2026-09-21T12:00:00Z
archive-event-04194,learner-004,material_viewed,2026-09-22T12:00:00Z
archive-event-04195,learner-005,activity_submitted,2026-09-23T12:00:00Z
archive-event-04196,learner-006,material_viewed,2026-09-24T12:00:00Z
archive-event-04197,learner-007,activity_submitted,2026-09-25T12:00:00Z
archive-event-04198,learner-008,material_viewed,2026-09-26T12:00:00Z
archive-event-04199,learner-009,activity_submitted,2026-09-27T12:00:00Z
archive-event-04200,learner-010,material_viewed,2026-09-28T12:00:00Z
archive-event-04201,learner-001,activity_submitted,2026-09-01T12:00:00Z
archive-event-04202,learner-002,material_viewed,2026-09-02T12:00:00Z
archive-event-04203,learner-003,activity_submitted,2026-09-03T12:00:00Z
archive-event-04204,learner-004,material_viewed,2026-09-04T12:00:00Z
archive-event-04205,learner-005,activity_submitted,2026-09-05T12:00:00Z
archive-event-04206,learner-006,material_viewed,2026-09-06T12:00:00Z
archive-event-04207,learner-007,activity_submitted,2026-09-07T12:00:00Z
archive-event-04208,learner-008,material_viewed,2026-09-08T12:00:00Z
archive-event-04209,learner-009,activity_submitted,2026-09-09T12:00:00Z
archive-event-04210,learner-010,material_viewed,2026-09-10T12:00:00Z
archive-event-04211,learner-001,activity_submitted,2026-09-11T12:00:00Z
archive-event-04212,learner-002,material_viewed,2026-09-12T12:00:00Z
archive-event-04213,learner-003,activity_submitted,2026-09-13T12:00:00Z
archive-event-04214,learner-004,material_viewed,2026-09-14T12:00:00Z
archive-event-04215,learner-005,activity_submitted,2026-09-15T12:00:00Z
archive-event-04216,learner-006,material_viewed,2026-09-16T12:00:00Z
archive-event-04217,learner-007,activity_submitted,2026-09-17T12:00:00Z
archive-event-04218,learner-008,material_viewed,2026-09-18T12:00:00Z
archive-event-04219,learner-009,activity_submitted,2026-09-19T12:00:00Z
archive-event-04220,learner-010,material_viewed,2026-09-20T12:00:00Z
archive-event-04221,learner-001,activity_submitted,2026-09-21T12:00:00Z
archive-event-04222,learner-002,material_viewed,2026-09-22T12:00:00Z
archive-event-04223,learner-003,activity_submitted,2026-09-23T12:00:00Z
archive-event-04224,learner-004,material_viewed,2026-09-24T12:00:00Z
archive-event-04225,learner-005,activity_submitted,2026-09-25T12:00:00Z
archive-event-04226,learner-006,material_viewed,2026-09-26T12:00:00Z
archive-event-04227,learner-007,activity_submitted,2026-09-27T12:00:00Z
archive-event-04228,learner-008,material_viewed,2026-09-28T12:00:00Z
archive-event-04229,learner-009,activity_submitted,2026-09-01T12:00:00Z
archive-event-04230,learner-010,material_viewed,2026-09-02T12:00:00Z
archive-event-04231,learner-001,activity_submitted,2026-09-03T12:00:00Z
archive-event-04232,learner-002,material_viewed,2026-09-04T12:00:00Z
archive-event-04233,learner-003,activity_submitted,2026-09-05T12:00:00Z
archive-event-04234,learner-004,material_viewed,2026-09-06T12:00:00Z
archive-event-04235,learner-005,activity_submitted,2026-09-07T12:00:00Z
archive-event-04236,learner-006,material_viewed,2026-09-08T12:00:00Z
archive-event-04237,learner-007,activity_submitted,2026-09-09T12:00:00Z
archive-event-04238,learner-008,material_viewed,2026-09-10T12:00:00Z
archive-event-04239,learner-009,activity_submitted,2026-09-11T12:00:00Z
archive-event-04240,learner-010,material_viewed,2026-09-12T12:00:00Z
archive-event-04241,learner-001,activity_submitted,2026-09-13T12:00:00Z
archive-event-04242,learner-002,material_viewed,2026-09-14T12:00:00Z
archive-event-04243,learner-003,activity_submitted,2026-09-15T12:00:00Z
archive-event-04244,learner-004,material_viewed,2026-09-16T12:00:00Z
archive-event-04245,learner-005,activity_submitted,2026-09-17T12:00:00Z
archive-event-04246,learner-006,material_viewed,2026-09-18T12:00:00Z
archive-event-04247,learner-007,activity_submitted,2026-09-19T12:00:00Z
archive-event-04248,learner-008,material_viewed,2026-09-20T12:00:00Z
archive-event-04249,learner-009,activity_submitted,2026-09-21T12:00:00Z
archive-event-04250,learner-010,material_viewed,2026-09-22T12:00:00Z
archive-event-04251,learner-001,activity_submitted,2026-09-23T12:00:00Z
archive-event-04252,learner-002,material_viewed,2026-09-24T12:00:00Z
archive-event-04253,learner-003,activity_submitted,2026-09-25T12:00:00Z
archive-event-04254,learner-004,material_viewed,2026-09-26T12:00:00Z
archive-event-04255,learner-005,activity_submitted,2026-09-27T12:00:00Z
archive-event-04256,learner-006,material_viewed,2026-09-28T12:00:00Z
archive-event-04257,learner-007,activity_submitted,2026-09-01T12:00:00Z
archive-event-04258,learner-008,material_viewed,2026-09-02T12:00:00Z
archive-event-04259,learner-009,activity_submitted,2026-09-03T12:00:00Z
archive-event-04260,learner-010,material_viewed,2026-09-04T12:00:00Z
archive-event-04261,learner-001,activity_submitted,2026-09-05T12:00:00Z
archive-event-04262,learner-002,material_viewed,2026-09-06T12:00:00Z
archive-event-04263,learner-003,activity_submitted,2026-09-07T12:00:00Z
archive-event-04264,learner-004,material_viewed,2026-09-08T12:00:00Z
archive-event-04265,learner-005,activity_submitted,2026-09-09T12:00:00Z
archive-event-04266,learner-006,material_viewed,2026-09-10T12:00:00Z
archive-event-04267,learner-007,activity_submitted,2026-09-11T12:00:00Z
archive-event-04268,learner-008,material_viewed,2026-09-12T12:00:00Z
archive-event-04269,learner-009,activity_submitted,2026-09-13T12:00:00Z
archive-event-04270,learner-010,material_viewed,2026-09-14T12:00:00Z
archive-event-04271,learner-001,activity_submitted,2026-09-15T12:00:00Z
archive-event-04272,learner-002,material_viewed,2026-09-16T12:00:00Z
archive-event-04273,learner-003,activity_submitted,2026-09-17T12:00:00Z
archive-event-04274,learner-004,material_viewed,2026-09-18T12:00:00Z
archive-event-04275,learner-005,activity_submitted,2026-09-19T12:00:00Z
archive-event-04276,learner-006,material_viewed,2026-09-20T12:00:00Z
archive-event-04277,learner-007,activity_submitted,2026-09-21T12:00:00Z
archive-event-04278,learner-008,material_viewed,2026-09-22T12:00:00Z
archive-event-04279,learner-009,activity_submitted,2026-09-23T12:00:00Z
archive-event-04280,learner-010,material_viewed,2026-09-24T12:00:00Z
archive-event-04281,learner-001,activity_submitted,2026-09-25T12:00:00Z
archive-event-04282,learner-002,material_viewed,2026-09-26T12:00:00Z
archive-event-04283,learner-003,activity_submitted,2026-09-27T12:00:00Z
archive-event-04284,learner-004,material_viewed,2026-09-28T12:00:00Z
archive-event-04285,learner-005,activity_submitted,2026-09-01T12:00:00Z
archive-event-04286,learner-006,material_viewed,2026-09-02T12:00:00Z
archive-event-04287,learner-007,activity_submitted,2026-09-03T12:00:00Z
archive-event-04288,learner-008,material_viewed,2026-09-04T12:00:00Z
archive-event-04289,learner-009,activity_submitted,2026-09-05T12:00:00Z
archive-event-04290,learner-010,material_viewed,2026-09-06T12:00:00Z
archive-event-04291,learner-001,activity_submitted,2026-09-07T12:00:00Z
archive-event-04292,learner-002,material_viewed,2026-09-08T12:00:00Z
archive-event-04293,learner-003,activity_submitted,2026-09-09T12:00:00Z
archive-event-04294,learner-004,material_viewed,2026-09-10T12:00:00Z
archive-event-04295,learner-005,activity_submitted,2026-09-11T12:00:00Z
archive-event-04296,learner-006,material_viewed,2026-09-12T12:00:00Z
archive-event-04297,learner-007,activity_submitted,2026-09-13T12:00:00Z
archive-event-04298,learner-008,material_viewed,2026-09-14T12:00:00Z
archive-event-04299,learner-009,activity_submitted,2026-09-15T12:00:00Z
archive-event-04300,learner-010,material_viewed,2026-09-16T12:00:00Z
archive-event-04301,learner-001,activity_submitted,2026-09-17T12:00:00Z
archive-event-04302,learner-002,material_viewed,2026-09-18T12:00:00Z
archive-event-04303,learner-003,activity_submitted,2026-09-19T12:00:00Z
archive-event-04304,learner-004,material_viewed,2026-09-20T12:00:00Z
archive-event-04305,learner-005,activity_submitted,2026-09-21T12:00:00Z
archive-event-04306,learner-006,material_viewed,2026-09-22T12:00:00Z
archive-event-04307,learner-007,activity_submitted,2026-09-23T12:00:00Z
archive-event-04308,learner-008,material_viewed,2026-09-24T12:00:00Z
archive-event-04309,learner-009,activity_submitted,2026-09-25T12:00:00Z
archive-event-04310,learner-010,material_viewed,2026-09-26T12:00:00Z
archive-event-04311,learner-001,activity_submitted,2026-09-27T12:00:00Z
archive-event-04312,learner-002,material_viewed,2026-09-28T12:00:00Z
archive-event-04313,learner-003,activity_submitted,2026-09-01T12:00:00Z
archive-event-04314,learner-004,material_viewed,2026-09-02T12:00:00Z
archive-event-04315,learner-005,activity_submitted,2026-09-03T12:00:00Z
archive-event-04316,learner-006,material_viewed,2026-09-04T12:00:00Z
archive-event-04317,learner-007,activity_submitted,2026-09-05T12:00:00Z
archive-event-04318,learner-008,material_viewed,2026-09-06T12:00:00Z
archive-event-04319,learner-009,activity_submitted,2026-09-07T12:00:00Z
archive-event-04320,learner-010,material_viewed,2026-09-08T12:00:00Z
archive-event-04321,learner-001,activity_submitted,2026-09-09T12:00:00Z
archive-event-04322,learner-002,material_viewed,2026-09-10T12:00:00Z
archive-event-04323,learner-003,activity_submitted,2026-09-11T12:00:00Z
archive-event-04324,learner-004,material_viewed,2026-09-12T12:00:00Z
archive-event-04325,learner-005,activity_submitted,2026-09-13T12:00:00Z
archive-event-04326,learner-006,material_viewed,2026-09-14T12:00:00Z
archive-event-04327,learner-007,activity_submitted,2026-09-15T12:00:00Z
archive-event-04328,learner-008,material_viewed,2026-09-16T12:00:00Z
archive-event-04329,learner-009,activity_submitted,2026-09-17T12:00:00Z
archive-event-04330,learner-010,material_viewed,2026-09-18T12:00:00Z
archive-event-04331,learner-001,activity_submitted,2026-09-19T12:00:00Z
archive-event-04332,learner-002,material_viewed,2026-09-20T12:00:00Z
archive-event-04333,learner-003,activity_submitted,2026-09-21T12:00:00Z
archive-event-04334,learner-004,material_viewed,2026-09-22T12:00:00Z
archive-event-04335,learner-005,activity_submitted,2026-09-23T12:00:00Z
archive-event-04336,learner-006,material_viewed,2026-09-24T12:00:00Z
archive-event-04337,learner-007,activity_submitted,2026-09-25T12:00:00Z
archive-event-04338,learner-008,material_viewed,2026-09-26T12:00:00Z
archive-event-04339,learner-009,activity_submitted,2026-09-27T12:00:00Z
archive-event-04340,learner-010,material_viewed,2026-09-28T12:00:00Z
archive-event-04341,learner-001,activity_submitted,2026-09-01T12:00:00Z
archive-event-04342,learner-002,material_viewed,2026-09-02T12:00:00Z
archive-event-04343,learner-003,activity_submitted,2026-09-03T12:00:00Z
archive-event-04344,learner-004,material_viewed,2026-09-04T12:00:00Z
archive-event-04345,learner-005,activity_submitted,2026-09-05T12:00:00Z
archive-event-04346,learner-006,material_viewed,2026-09-06T12:00:00Z
archive-event-04347,learner-007,activity_submitted,2026-09-07T12:00:00Z
archive-event-04348,learner-008,material_viewed,2026-09-08T12:00:00Z
archive-event-04349,learner-009,activity_submitted,2026-09-09T12:00:00Z
archive-event-04350,learner-010,material_viewed,2026-09-10T12:00:00Z
archive-event-04351,learner-001,activity_submitted,2026-09-11T12:00:00Z
archive-event-04352,learner-002,material_viewed,2026-09-12T12:00:00Z
archive-event-04353,learner-003,activity_submitted,2026-09-13T12:00:00Z
archive-event-04354,learner-004,material_viewed,2026-09-14T12:00:00Z
archive-event-04355,learner-005,activity_submitted,2026-09-15T12:00:00Z
archive-event-04356,learner-006,material_viewed,2026-09-16T12:00:00Z
archive-event-04357,learner-007,activity_submitted,2026-09-17T12:00:00Z
archive-event-04358,learner-008,material_viewed,2026-09-18T12:00:00Z
archive-event-04359,learner-009,activity_submitted,2026-09-19T12:00:00Z
archive-event-04360,learner-010,material_viewed,2026-09-20T12:00:00Z
archive-event-04361,learner-001,activity_submitted,2026-09-21T12:00:00Z
archive-event-04362,learner-002,material_viewed,2026-09-22T12:00:00Z
archive-event-04363,learner-003,activity_submitted,2026-09-23T12:00:00Z
archive-event-04364,learner-004,material_viewed,2026-09-24T12:00:00Z
archive-event-04365,learner-005,activity_submitted,2026-09-25T12:00:00Z
archive-event-04366,learner-006,material_viewed,2026-09-26T12:00:00Z
archive-event-04367,learner-007,activity_submitted,2026-09-27T12:00:00Z
archive-event-04368,learner-008,material_viewed,2026-09-28T12:00:00Z
archive-event-04369,learner-009,activity_submitted,2026-09-01T12:00:00Z
archive-event-04370,learner-010,material_viewed,2026-09-02T12:00:00Z
archive-event-04371,learner-001,activity_submitted,2026-09-03T12:00:00Z
archive-event-04372,learner-002,material_viewed,2026-09-04T12:00:00Z
archive-event-04373,learner-003,activity_submitted,2026-09-05T12:00:00Z
archive-event-04374,learner-004,material_viewed,2026-09-06T12:00:00Z
archive-event-04375,learner-005,activity_submitted,2026-09-07T12:00:00Z
archive-event-04376,learner-006,material_viewed,2026-09-08T12:00:00Z
archive-event-04377,learner-007,activity_submitted,2026-09-09T12:00:00Z
archive-event-04378,learner-008,material_viewed,2026-09-10T12:00:00Z
archive-event-04379,learner-009,activity_submitted,2026-09-11T12:00:00Z
archive-event-04380,learner-010,material_viewed,2026-09-12T12:00:00Z
archive-event-04381,learner-001,activity_submitted,2026-09-13T12:00:00Z
archive-event-04382,learner-002,material_viewed,2026-09-14T12:00:00Z
archive-event-04383,learner-003,activity_submitted,2026-09-15T12:00:00Z
archive-event-04384,learner-004,material_viewed,2026-09-16T12:00:00Z
archive-event-04385,learner-005,activity_submitted,2026-09-17T12:00:00Z
archive-event-04386,learner-006,material_viewed,2026-09-18T12:00:00Z
archive-event-04387,learner-007,activity_submitted,2026-09-19T12:00:00Z
archive-event-04388,learner-008,material_viewed,2026-09-20T12:00:00Z
archive-event-04389,learner-009,activity_submitted,2026-09-21T12:00:00Z
archive-event-04390,learner-010,material_viewed,2026-09-22T12:00:00Z
archive-event-04391,learner-001,activity_submitted,2026-09-23T12:00:00Z
archive-event-04392,learner-002,material_viewed,2026-09-24T12:00:00Z
archive-event-04393,learner-003,activity_submitted,2026-09-25T12:00:00Z
archive-event-04394,learner-004,material_viewed,2026-09-26T12:00:00Z
archive-event-04395,learner-005,activity_submitted,2026-09-27T12:00:00Z
archive-event-04396,learner-006,material_viewed,2026-09-28T12:00:00Z
archive-event-04397,learner-007,activity_submitted,2026-09-01T12:00:00Z
archive-event-04398,learner-008,material_viewed,2026-09-02T12:00:00Z
archive-event-04399,learner-009,activity_submitted,2026-09-03T12:00:00Z
archive-event-04400,learner-010,material_viewed,2026-09-04T12:00:00Z
archive-event-04401,learner-001,activity_submitted,2026-09-05T12:00:00Z
archive-event-04402,learner-002,material_viewed,2026-09-06T12:00:00Z
archive-event-04403,learner-003,activity_submitted,2026-09-07T12:00:00Z
archive-event-04404,learner-004,material_viewed,2026-09-08T12:00:00Z
archive-event-04405,learner-005,activity_submitted,2026-09-09T12:00:00Z
archive-event-04406,learner-006,material_viewed,2026-09-10T12:00:00Z
archive-event-04407,learner-007,activity_submitted,2026-09-11T12:00:00Z
archive-event-04408,learner-008,material_viewed,2026-09-12T12:00:00Z
archive-event-04409,learner-009,activity_submitted,2026-09-13T12:00:00Z
archive-event-04410,learner-010,material_viewed,2026-09-14T12:00:00Z
archive-event-04411,learner-001,activity_submitted,2026-09-15T12:00:00Z
archive-event-04412,learner-002,material_viewed,2026-09-16T12:00:00Z
archive-event-04413,learner-003,activity_submitted,2026-09-17T12:00:00Z
archive-event-04414,learner-004,material_viewed,2026-09-18T12:00:00Z
archive-event-04415,learner-005,activity_submitted,2026-09-19T12:00:00Z
archive-event-04416,learner-006,material_viewed,2026-09-20T12:00:00Z
archive-event-04417,learner-007,activity_submitted,2026-09-21T12:00:00Z
archive-event-04418,learner-008,material_viewed,2026-09-22T12:00:00Z
archive-event-04419,learner-009,activity_submitted,2026-09-23T12:00:00Z
archive-event-04420,learner-010,material_viewed,2026-09-24T12:00:00Z
archive-event-04421,learner-001,activity_submitted,2026-09-25T12:00:00Z
archive-event-04422,learner-002,material_viewed,2026-09-26T12:00:00Z
archive-event-04423,learner-003,activity_submitted,2026-09-27T12:00:00Z
archive-event-04424,learner-004,material_viewed,2026-09-28T12:00:00Z
archive-event-04425,learner-005,activity_submitted,2026-09-01T12:00:00Z
archive-event-04426,learner-006,material_viewed,2026-09-02T12:00:00Z
archive-event-04427,learner-007,activity_submitted,2026-09-03T12:00:00Z
archive-event-04428,learner-008,material_viewed,2026-09-04T12:00:00Z
archive-event-04429,learner-009,activity_submitted,2026-09-05T12:00:00Z
archive-event-04430,learner-010,material_viewed,2026-09-06T12:00:00Z
archive-event-04431,learner-001,activity_submitted,2026-09-07T12:00:00Z
archive-event-04432,learner-002,material_viewed,2026-09-08T12:00:00Z
archive-event-04433,learner-003,activity_submitted,2026-09-09T12:00:00Z
archive-event-04434,learner-004,material_viewed,2026-09-10T12:00:00Z
archive-event-04435,learner-005,activity_submitted,2026-09-11T12:00:00Z
archive-event-04436,learner-006,material_viewed,2026-09-12T12:00:00Z
archive-event-04437,learner-007,activity_submitted,2026-09-13T12:00:00Z
archive-event-04438,learner-008,material_viewed,2026-09-14T12:00:00Z
archive-event-04439,learner-009,activity_submitted,2026-09-15T12:00:00Z
archive-event-04440,learner-010,material_viewed,2026-09-16T12:00:00Z
archive-event-04441,learner-001,activity_submitted,2026-09-17T12:00:00Z
archive-event-04442,learner-002,material_viewed,2026-09-18T12:00:00Z
archive-event-04443,learner-003,activity_submitted,2026-09-19T12:00:00Z
archive-event-04444,learner-004,material_viewed,2026-09-20T12:00:00Z
archive-event-04445,learner-005,activity_submitted,2026-09-21T12:00:00Z
archive-event-04446,learner-006,material_viewed,2026-09-22T12:00:00Z
archive-event-04447,learner-007,activity_submitted,2026-09-23T12:00:00Z
archive-event-04448,learner-008,material_viewed,2026-09-24T12:00:00Z
archive-event-04449,learner-009,activity_submitted,2026-09-25T12:00:00Z
archive-event-04450,learner-010,material_viewed,2026-09-26T12:00:00Z
archive-event-04451,learner-001,activity_submitted,2026-09-27T12:00:00Z
archive-event-04452,learner-002,material_viewed,2026-09-28T12:00:00Z
archive-event-04453,learner-003,activity_submitted,2026-09-01T12:00:00Z
archive-event-04454,learner-004,material_viewed,2026-09-02T12:00:00Z
archive-event-04455,learner-005,activity_submitted,2026-09-03T12:00:00Z
archive-event-04456,learner-006,material_viewed,2026-09-04T12:00:00Z
archive-event-04457,learner-007,activity_submitted,2026-09-05T12:00:00Z
archive-event-04458,learner-008,material_viewed,2026-09-06T12:00:00Z
archive-event-04459,learner-009,activity_submitted,2026-09-07T12:00:00Z
archive-event-04460,learner-010,material_viewed,2026-09-08T12:00:00Z
archive-event-04461,learner-001,activity_submitted,2026-09-09T12:00:00Z
archive-event-04462,learner-002,material_viewed,2026-09-10T12:00:00Z
archive-event-04463,learner-003,activity_submitted,2026-09-11T12:00:00Z
archive-event-04464,learner-004,material_viewed,2026-09-12T12:00:00Z
archive-event-04465,learner-005,activity_submitted,2026-09-13T12:00:00Z
archive-event-04466,learner-006,material_viewed,2026-09-14T12:00:00Z
archive-event-04467,learner-007,activity_submitted,2026-09-15T12:00:00Z
archive-event-04468,learner-008,material_viewed,2026-09-16T12:00:00Z
archive-event-04469,learner-009,activity_submitted,2026-09-17T12:00:00Z
archive-event-04470,learner-010,material_viewed,2026-09-18T12:00:00Z
archive-event-04471,learner-001,activity_submitted,2026-09-19T12:00:00Z
archive-event-04472,learner-002,material_viewed,2026-09-20T12:00:00Z
archive-event-04473,learner-003,activity_submitted,2026-09-21T12:00:00Z
archive-event-04474,learner-004,material_viewed,2026-09-22T12:00:00Z
archive-event-04475,learner-005,activity_submitted,2026-09-23T12:00:00Z
archive-event-04476,learner-006,material_viewed,2026-09-24T12:00:00Z
archive-event-04477,learner-007,activity_submitted,2026-09-25T12:00:00Z
archive-event-04478,learner-008,material_viewed,2026-09-26T12:00:00Z
archive-event-04479,learner-009,activity_submitted,2026-09-27T12:00:00Z
archive-event-04480,learner-010,material_viewed,2026-09-28T12:00:00Z
archive-event-04481,learner-001,activity_submitted,2026-09-01T12:00:00Z
archive-event-04482,learner-002,material_viewed,2026-09-02T12:00:00Z
archive-event-04483,learner-003,activity_submitted,2026-09-03T12:00:00Z
archive-event-04484,learner-004,material_viewed,2026-09-04T12:00:00Z
archive-event-04485,learner-005,activity_submitted,2026-09-05T12:00:00Z
archive-event-04486,learner-006,material_viewed,2026-09-06T12:00:00Z
archive-event-04487,learner-007,activity_submitted,2026-09-07T12:00:00Z
archive-event-04488,learner-008,material_viewed,2026-09-08T12:00:00Z
archive-event-04489,learner-009,activity_submitted,2026-09-09T12:00:00Z
archive-event-04490,learner-010,material_viewed,2026-09-10T12:00:00Z
archive-event-04491,learner-001,activity_submitted,2026-09-11T12:00:00Z
archive-event-04492,learner-002,material_viewed,2026-09-12T12:00:00Z
archive-event-04493,learner-003,activity_submitted,2026-09-13T12:00:00Z
archive-event-04494,learner-004,material_viewed,2026-09-14T12:00:00Z
archive-event-04495,learner-005,activity_submitted,2026-09-15T12:00:00Z
archive-event-04496,learner-006,material_viewed,2026-09-16T12:00:00Z
archive-event-04497,learner-007,activity_submitted,2026-09-17T12:00:00Z
archive-event-04498,learner-008,material_viewed,2026-09-18T12:00:00Z
archive-event-04499,learner-009,activity_submitted,2026-09-19T12:00:00Z
archive-event-04500,learner-010,material_viewed,2026-09-20T12:00:00Z
archive-event-04501,learner-001,activity_submitted,2026-09-21T12:00:00Z
archive-event-04502,learner-002,material_viewed,2026-09-22T12:00:00Z
archive-event-04503,learner-003,activity_submitted,2026-09-23T12:00:00Z
archive-event-04504,learner-004,material_viewed,2026-09-24T12:00:00Z
archive-event-04505,learner-005,activity_submitted,2026-09-25T12:00:00Z
archive-event-04506,learner-006,material_viewed,2026-09-26T12:00:00Z
archive-event-04507,learner-007,activity_submitted,2026-09-27T12:00:00Z
archive-event-04508,learner-008,material_viewed,2026-09-28T12:00:00Z
archive-event-04509,learner-009,activity_submitted,2026-09-01T12:00:00Z
archive-event-04510,learner-010,material_viewed,2026-09-02T12:00:00Z
archive-event-04511,learner-001,activity_submitted,2026-09-03T12:00:00Z
archive-event-04512,learner-002,material_viewed,2026-09-04T12:00:00Z
archive-event-04513,learner-003,activity_submitted,2026-09-05T12:00:00Z
archive-event-04514,learner-004,material_viewed,2026-09-06T12:00:00Z
archive-event-04515,learner-005,activity_submitted,2026-09-07T12:00:00Z
archive-event-04516,learner-006,material_viewed,2026-09-08T12:00:00Z
archive-event-04517,learner-007,activity_submitted,2026-09-09T12:00:00Z
archive-event-04518,learner-008,material_viewed,2026-09-10T12:00:00Z
archive-event-04519,learner-009,activity_submitted,2026-09-11T12:00:00Z
archive-event-04520,learner-010,material_viewed,2026-09-12T12:00:00Z
archive-event-04521,learner-001,activity_submitted,2026-09-13T12:00:00Z
archive-event-04522,learner-002,material_viewed,2026-09-14T12:00:00Z
archive-event-04523,learner-003,activity_submitted,2026-09-15T12:00:00Z
archive-event-04524,learner-004,material_viewed,2026-09-16T12:00:00Z
archive-event-04525,learner-005,activity_submitted,2026-09-17T12:00:00Z
archive-event-04526,learner-006,material_viewed,2026-09-18T12:00:00Z
archive-event-04527,learner-007,activity_submitted,2026-09-19T12:00:00Z
archive-event-04528,learner-008,material_viewed,2026-09-20T12:00:00Z
archive-event-04529,learner-009,activity_submitted,2026-09-21T12:00:00Z
archive-event-04530,learner-010,material_viewed,2026-09-22T12:00:00Z
archive-event-04531,learner-001,activity_submitted,2026-09-23T12:00:00Z
archive-event-04532,learner-002,material_viewed,2026-09-24T12:00:00Z
archive-event-04533,learner-003,activity_submitted,2026-09-25T12:00:00Z
archive-event-04534,learner-004,material_viewed,2026-09-26T12:00:00Z
archive-event-04535,learner-005,activity_submitted,2026-09-27T12:00:00Z
archive-event-04536,learner-006,material_viewed,2026-09-28T12:00:00Z
archive-event-04537,learner-007,activity_submitted,2026-09-01T12:00:00Z
archive-event-04538,learner-008,material_viewed,2026-09-02T12:00:00Z
archive-event-04539,learner-009,activity_submitted,2026-09-03T12:00:00Z
archive-event-04540,learner-010,material_viewed,2026-09-04T12:00:00Z
archive-event-04541,learner-001,activity_submitted,2026-09-05T12:00:00Z
archive-event-04542,learner-002,material_viewed,2026-09-06T12:00:00Z
archive-event-04543,learner-003,activity_submitted,2026-09-07T12:00:00Z
archive-event-04544,learner-004,material_viewed,2026-09-08T12:00:00Z
archive-event-04545,learner-005,activity_submitted,2026-09-09T12:00:00Z
archive-event-04546,learner-006,material_viewed,2026-09-10T12:00:00Z
archive-event-04547,learner-007,activity_submitted,2026-09-11T12:00:00Z
archive-event-04548,learner-008,material_viewed,2026-09-12T12:00:00Z
archive-event-04549,learner-009,activity_submitted,2026-09-13T12:00:00Z
archive-event-04550,learner-010,material_viewed,2026-09-14T12:00:00Z
archive-event-04551,learner-001,activity_submitted,2026-09-15T12:00:00Z
archive-event-04552,learner-002,material_viewed,2026-09-16T12:00:00Z
archive-event-04553,learner-003,activity_submitted,2026-09-17T12:00:00Z
archive-event-04554,learner-004,material_viewed,2026-09-18T12:00:00Z
archive-event-04555,learner-005,activity_submitted,2026-09-19T12:00:00Z
archive-event-04556,learner-006,material_viewed,2026-09-20T12:00:00Z
archive-event-04557,learner-007,activity_submitted,2026-09-21T12:00:00Z
archive-event-04558,learner-008,material_viewed,2026-09-22T12:00:00Z
archive-event-04559,learner-009,activity_submitted,2026-09-23T12:00:00Z
archive-event-04560,learner-010,material_viewed,2026-09-24T12:00:00Z
archive-event-04561,learner-001,activity_submitted,2026-09-25T12:00:00Z
archive-event-04562,learner-002,material_viewed,2026-09-26T12:00:00Z
archive-event-04563,learner-003,activity_submitted,2026-09-27T12:00:00Z
archive-event-04564,learner-004,material_viewed,2026-09-28T12:00:00Z
archive-event-04565,learner-005,activity_submitted,2026-09-01T12:00:00Z
archive-event-04566,learner-006,material_viewed,2026-09-02T12:00:00Z
archive-event-04567,learner-007,activity_submitted,2026-09-03T12:00:00Z
archive-event-04568,learner-008,material_viewed,2026-09-04T12:00:00Z
archive-event-04569,learner-009,activity_submitted,2026-09-05T12:00:00Z
archive-event-04570,learner-010,material_viewed,2026-09-06T12:00:00Z
archive-event-04571,learner-001,activity_submitted,2026-09-07T12:00:00Z
archive-event-04572,learner-002,material_viewed,2026-09-08T12:00:00Z
archive-event-04573,learner-003,activity_submitted,2026-09-09T12:00:00Z
archive-event-04574,learner-004,material_viewed,2026-09-10T12:00:00Z
archive-event-04575,learner-005,activity_submitted,2026-09-11T12:00:00Z
archive-event-04576,learner-006,material_viewed,2026-09-12T12:00:00Z
archive-event-04577,learner-007,activity_submitted,2026-09-13T12:00:00Z
archive-event-04578,learner-008,material_viewed,2026-09-14T12:00:00Z
archive-event-04579,learner-009,activity_submitted,2026-09-15T12:00:00Z
archive-event-04580,learner-010,material_viewed,2026-09-16T12:00:00Z
archive-event-04581,learner-001,activity_submitted,2026-09-17T12:00:00Z
archive-event-04582,learner-002,material_viewed,2026-09-18T12:00:00Z
archive-event-04583,learner-003,activity_submitted,2026-09-19T12:00:00Z
archive-event-04584,learner-004,material_viewed,2026-09-20T12:00:00Z
archive-event-04585,learner-005,activity_submitted,2026-09-21T12:00:00Z
archive-event-04586,learner-006,material_viewed,2026-09-22T12:00:00Z
archive-event-04587,learner-007,activity_submitted,2026-09-23T12:00:00Z
archive-event-04588,learner-008,material_viewed,2026-09-24T12:00:00Z
archive-event-04589,learner-009,activity_submitted,2026-09-25T12:00:00Z
archive-event-04590,learner-010,material_viewed,2026-09-26T12:00:00Z
archive-event-04591,learner-001,activity_submitted,2026-09-27T12:00:00Z
archive-event-04592,learner-002,material_viewed,2026-09-28T12:00:00Z
archive-event-04593,learner-003,activity_submitted,2026-09-01T12:00:00Z
archive-event-04594,learner-004,material_viewed,2026-09-02T12:00:00Z
archive-event-04595,learner-005,activity_submitted,2026-09-03T12:00:00Z
archive-event-04596,learner-006,material_viewed,2026-09-04T12:00:00Z
archive-event-04597,learner-007,activity_submitted,2026-09-05T12:00:00Z
archive-event-04598,learner-008,material_viewed,2026-09-06T12:00:00Z
archive-event-04599,learner-009,activity_submitted,2026-09-07T12:00:00Z
archive-event-04600,learner-010,material_viewed,2026-09-08T12:00:00Z
archive-event-04601,learner-001,activity_submitted,2026-09-09T12:00:00Z
archive-event-04602,learner-002,material_viewed,2026-09-10T12:00:00Z
archive-event-04603,learner-003,activity_submitted,2026-09-11T12:00:00Z
archive-event-04604,learner-004,material_viewed,2026-09-12T12:00:00Z
archive-event-04605,learner-005,activity_submitted,2026-09-13T12:00:00Z
archive-event-04606,learner-006,material_viewed,2026-09-14T12:00:00Z
archive-event-04607,learner-007,activity_submitted,2026-09-15T12:00:00Z
archive-event-04608,learner-008,material_viewed,2026-09-16T12:00:00Z
archive-event-04609,learner-009,activity_submitted,2026-09-17T12:00:00Z
archive-event-04610,learner-010,material_viewed,2026-09-18T12:00:00Z
archive-event-04611,learner-001,activity_submitted,2026-09-19T12:00:00Z
archive-event-04612,learner-002,material_viewed,2026-09-20T12:00:00Z
archive-event-04613,learner-003,activity_submitted,2026-09-21T12:00:00Z
archive-event-04614,learner-004,material_viewed,2026-09-22T12:00:00Z
archive-event-04615,learner-005,activity_submitted,2026-09-23T12:00:00Z
archive-event-04616,learner-006,material_viewed,2026-09-24T12:00:00Z
archive-event-04617,learner-007,activity_submitted,2026-09-25T12:00:00Z
archive-event-04618,learner-008,material_viewed,2026-09-26T12:00:00Z
archive-event-04619,learner-009,activity_submitted,2026-09-27T12:00:00Z
archive-event-04620,learner-010,material_viewed,2026-09-28T12:00:00Z
archive-event-04621,learner-001,activity_submitted,2026-09-01T12:00:00Z
archive-event-04622,learner-002,material_viewed,2026-09-02T12:00:00Z
archive-event-04623,learner-003,activity_submitted,2026-09-03T12:00:00Z
archive-event-04624,learner-004,material_viewed,2026-09-04T12:00:00Z
archive-event-04625,learner-005,activity_submitted,2026-09-05T12:00:00Z
archive-event-04626,learner-006,material_viewed,2026-09-06T12:00:00Z
archive-event-04627,learner-007,activity_submitted,2026-09-07T12:00:00Z
archive-event-04628,learner-008,material_viewed,2026-09-08T12:00:00Z
archive-event-04629,learner-009,activity_submitted,2026-09-09T12:00:00Z
archive-event-04630,learner-010,material_viewed,2026-09-10T12:00:00Z
archive-event-04631,learner-001,activity_submitted,2026-09-11T12:00:00Z
archive-event-04632,learner-002,material_viewed,2026-09-12T12:00:00Z
archive-event-04633,learner-003,activity_submitted,2026-09-13T12:00:00Z
archive-event-04634,learner-004,material_viewed,2026-09-14T12:00:00Z
archive-event-04635,learner-005,activity_submitted,2026-09-15T12:00:00Z
archive-event-04636,learner-006,material_viewed,2026-09-16T12:00:00Z
archive-event-04637,learner-007,activity_submitted,2026-09-17T12:00:00Z
archive-event-04638,learner-008,material_viewed,2026-09-18T12:00:00Z
archive-event-04639,learner-009,activity_submitted,2026-09-19T12:00:00Z
archive-event-04640,learner-010,material_viewed,2026-09-20T12:00:00Z
archive-event-04641,learner-001,activity_submitted,2026-09-21T12:00:00Z
archive-event-04642,learner-002,material_viewed,2026-09-22T12:00:00Z
archive-event-04643,learner-003,activity_submitted,2026-09-23T12:00:00Z
archive-event-04644,learner-004,material_viewed,2026-09-24T12:00:00Z
archive-event-04645,learner-005,activity_submitted,2026-09-25T12:00:00Z
archive-event-04646,learner-006,material_viewed,2026-09-26T12:00:00Z
archive-event-04647,learner-007,activity_submitted,2026-09-27T12:00:00Z
archive-event-04648,learner-008,material_viewed,2026-09-28T12:00:00Z
archive-event-04649,learner-009,activity_submitted,2026-09-01T12:00:00Z
archive-event-04650,learner-010,material_viewed,2026-09-02T12:00:00Z
archive-event-04651,learner-001,activity_submitted,2026-09-03T12:00:00Z
archive-event-04652,learner-002,material_viewed,2026-09-04T12:00:00Z
archive-event-04653,learner-003,activity_submitted,2026-09-05T12:00:00Z
archive-event-04654,learner-004,material_viewed,2026-09-06T12:00:00Z
archive-event-04655,learner-005,activity_submitted,2026-09-07T12:00:00Z
archive-event-04656,learner-006,material_viewed,2026-09-08T12:00:00Z
archive-event-04657,learner-007,activity_submitted,2026-09-09T12:00:00Z
archive-event-04658,learner-008,material_viewed,2026-09-10T12:00:00Z
archive-event-04659,learner-009,activity_submitted,2026-09-11T12:00:00Z
archive-event-04660,learner-010,material_viewed,2026-09-12T12:00:00Z
archive-event-04661,learner-001,activity_submitted,2026-09-13T12:00:00Z
archive-event-04662,learner-002,material_viewed,2026-09-14T12:00:00Z
archive-event-04663,learner-003,activity_submitted,2026-09-15T12:00:00Z
archive-event-04664,learner-004,material_viewed,2026-09-16T12:00:00Z
archive-event-04665,learner-005,activity_submitted,2026-09-17T12:00:00Z
archive-event-04666,learner-006,material_viewed,2026-09-18T12:00:00Z
archive-event-04667,learner-007,activity_submitted,2026-09-19T12:00:00Z
archive-event-04668,learner-008,material_viewed,2026-09-20T12:00:00Z
archive-event-04669,learner-009,activity_submitted,2026-09-21T12:00:00Z
archive-event-04670,learner-010,material_viewed,2026-09-22T12:00:00Z
archive-event-04671,learner-001,activity_submitted,2026-09-23T12:00:00Z
archive-event-04672,learner-002,material_viewed,2026-09-24T12:00:00Z
archive-event-04673,learner-003,activity_submitted,2026-09-25T12:00:00Z
archive-event-04674,learner-004,material_viewed,2026-09-26T12:00:00Z
archive-event-04675,learner-005,activity_submitted,2026-09-27T12:00:00Z
archive-event-04676,learner-006,material_viewed,2026-09-28T12:00:00Z
archive-event-04677,learner-007,activity_submitted,2026-09-01T12:00:00Z
archive-event-04678,learner-008,material_viewed,2026-09-02T12:00:00Z
archive-event-04679,learner-009,activity_submitted,2026-09-03T12:00:00Z
archive-event-04680,learner-010,material_viewed,2026-09-04T12:00:00Z
archive-event-04681,learner-001,activity_submitted,2026-09-05T12:00:00Z
archive-event-04682,learner-002,material_viewed,2026-09-06T12:00:00Z
archive-event-04683,learner-003,activity_submitted,2026-09-07T12:00:00Z
archive-event-04684,learner-004,material_viewed,2026-09-08T12:00:00Z
archive-event-04685,learner-005,activity_submitted,2026-09-09T12:00:00Z
archive-event-04686,learner-006,material_viewed,2026-09-10T12:00:00Z
archive-event-04687,learner-007,activity_submitted,2026-09-11T12:00:00Z
archive-event-04688,learner-008,material_viewed,2026-09-12T12:00:00Z
archive-event-04689,learner-009,activity_submitted,2026-09-13T12:00:00Z
archive-event-04690,learner-010,material_viewed,2026-09-14T12:00:00Z
archive-event-04691,learner-001,activity_submitted,2026-09-15T12:00:00Z
archive-event-04692,learner-002,material_viewed,2026-09-16T12:00:00Z
archive-event-04693,learner-003,activity_submitted,2026-09-17T12:00:00Z
archive-event-04694,learner-004,material_viewed,2026-09-18T12:00:00Z
archive-event-04695,learner-005,activity_submitted,2026-09-19T12:00:00Z
archive-event-04696,learner-006,material_viewed,2026-09-20T12:00:00Z
archive-event-04697,learner-007,activity_submitted,2026-09-21T12:00:00Z
archive-event-04698,learner-008,material_viewed,2026-09-22T12:00:00Z
archive-event-04699,learner-009,activity_submitted,2026-09-23T12:00:00Z
archive-event-04700,learner-010,material_viewed,2026-09-24T12:00:00Z
archive-event-04701,learner-001,activity_submitted,2026-09-25T12:00:00Z
archive-event-04702,learner-002,material_viewed,2026-09-26T12:00:00Z
archive-event-04703,learner-003,activity_submitted,2026-09-27T12:00:00Z
archive-event-04704,learner-004,material_viewed,2026-09-28T12:00:00Z
archive-event-04705,learner-005,activity_submitted,2026-09-01T12:00:00Z
archive-event-04706,learner-006,material_viewed,2026-09-02T12:00:00Z
archive-event-04707,learner-007,activity_submitted,2026-09-03T12:00:00Z
archive-event-04708,learner-008,material_viewed,2026-09-04T12:00:00Z
archive-event-04709,learner-009,activity_submitted,2026-09-05T12:00:00Z
archive-event-04710,learner-010,material_viewed,2026-09-06T12:00:00Z
archive-event-04711,learner-001,activity_submitted,2026-09-07T12:00:00Z
archive-event-04712,learner-002,material_viewed,2026-09-08T12:00:00Z
archive-event-04713,learner-003,activity_submitted,2026-09-09T12:00:00Z
archive-event-04714,learner-004,material_viewed,2026-09-10T12:00:00Z
archive-event-04715,learner-005,activity_submitted,2026-09-11T12:00:00Z
archive-event-04716,learner-006,material_viewed,2026-09-12T12:00:00Z
archive-event-04717,learner-007,activity_submitted,2026-09-13T12:00:00Z
archive-event-04718,learner-008,material_viewed,2026-09-14T12:00:00Z
archive-event-04719,learner-009,activity_submitted,2026-09-15T12:00:00Z
archive-event-04720,learner-010,material_viewed,2026-09-16T12:00:00Z
archive-event-04721,learner-001,activity_submitted,2026-09-17T12:00:00Z
archive-event-04722,learner-002,material_viewed,2026-09-18T12:00:00Z
archive-event-04723,learner-003,activity_submitted,2026-09-19T12:00:00Z
archive-event-04724,learner-004,material_viewed,2026-09-20T12:00:00Z
archive-event-04725,learner-005,activity_submitted,2026-09-21T12:00:00Z
archive-event-04726,learner-006,material_viewed,2026-09-22T12:00:00Z
archive-event-04727,learner-007,activity_submitted,2026-09-23T12:00:00Z
archive-event-04728,learner-008,material_viewed,2026-09-24T12:00:00Z
archive-event-04729,learner-009,activity_submitted,2026-09-25T12:00:00Z
archive-event-04730,learner-010,material_viewed,2026-09-26T12:00:00Z
archive-event-04731,learner-001,activity_submitted,2026-09-27T12:00:00Z
archive-event-04732,learner-002,material_viewed,2026-09-28T12:00:00Z
archive-event-04733,learner-003,activity_submitted,2026-09-01T12:00:00Z
archive-event-04734,learner-004,material_viewed,2026-09-02T12:00:00Z
archive-event-04735,learner-005,activity_submitted,2026-09-03T12:00:00Z
archive-event-04736,learner-006,material_viewed,2026-09-04T12:00:00Z
archive-event-04737,learner-007,activity_submitted,2026-09-05T12:00:00Z
archive-event-04738,learner-008,material_viewed,2026-09-06T12:00:00Z
archive-event-04739,learner-009,activity_submitted,2026-09-07T12:00:00Z
archive-event-04740,learner-010,material_viewed,2026-09-08T12:00:00Z
archive-event-04741,learner-001,activity_submitted,2026-09-09T12:00:00Z
archive-event-04742,learner-002,material_viewed,2026-09-10T12:00:00Z
archive-event-04743,learner-003,activity_submitted,2026-09-11T12:00:00Z
archive-event-04744,learner-004,material_viewed,2026-09-12T12:00:00Z
archive-event-04745,learner-005,activity_submitted,2026-09-13T12:00:00Z
archive-event-04746,learner-006,material_viewed,2026-09-14T12:00:00Z
archive-event-04747,learner-007,activity_submitted,2026-09-15T12:00:00Z
archive-event-04748,learner-008,material_viewed,2026-09-16T12:00:00Z
archive-event-04749,learner-009,activity_submitted,2026-09-17T12:00:00Z
archive-event-04750,learner-010,material_viewed,2026-09-18T12:00:00Z
archive-event-04751,learner-001,activity_submitted,2026-09-19T12:00:00Z
archive-event-04752,learner-002,material_viewed,2026-09-20T12:00:00Z
archive-event-04753,learner-003,activity_submitted,2026-09-21T12:00:00Z
archive-event-04754,learner-004,material_viewed,2026-09-22T12:00:00Z
archive-event-04755,learner-005,activity_submitted,2026-09-23T12:00:00Z
archive-event-04756,learner-006,material_viewed,2026-09-24T12:00:00Z
archive-event-04757,learner-007,activity_submitted,2026-09-25T12:00:00Z
archive-event-04758,learner-008,material_viewed,2026-09-26T12:00:00Z
archive-event-04759,learner-009,activity_submitted,2026-09-27T12:00:00Z
archive-event-04760,learner-010,material_viewed,2026-09-28T12:00:00Z
archive-event-04761,learner-001,activity_submitted,2026-09-01T12:00:00Z
archive-event-04762,learner-002,material_viewed,2026-09-02T12:00:00Z
archive-event-04763,learner-003,activity_submitted,2026-09-03T12:00:00Z
archive-event-04764,learner-004,material_viewed,2026-09-04T12:00:00Z
archive-event-04765,learner-005,activity_submitted,2026-09-05T12:00:00Z
archive-event-04766,learner-006,material_viewed,2026-09-06T12:00:00Z
archive-event-04767,learner-007,activity_submitted,2026-09-07T12:00:00Z
archive-event-04768,learner-008,material_viewed,2026-09-08T12:00:00Z
archive-event-04769,learner-009,activity_submitted,2026-09-09T12:00:00Z
archive-event-04770,learner-010,material_viewed,2026-09-10T12:00:00Z
archive-event-04771,learner-001,activity_submitted,2026-09-11T12:00:00Z
archive-event-04772,learner-002,material_viewed,2026-09-12T12:00:00Z
archive-event-04773,learner-003,activity_submitted,2026-09-13T12:00:00Z
archive-event-04774,learner-004,material_viewed,2026-09-14T12:00:00Z
archive-event-04775,learner-005,activity_submitted,2026-09-15T12:00:00Z
archive-event-04776,learner-006,material_viewed,2026-09-16T12:00:00Z
archive-event-04777,learner-007,activity_submitted,2026-09-17T12:00:00Z
archive-event-04778,learner-008,material_viewed,2026-09-18T12:00:00Z
archive-event-04779,learner-009,activity_submitted,2026-09-19T12:00:00Z
archive-event-04780,learner-010,material_viewed,2026-09-20T12:00:00Z
archive-event-04781,learner-001,activity_submitted,2026-09-21T12:00:00Z
archive-event-04782,learner-002,material_viewed,2026-09-22T12:00:00Z
archive-event-04783,learner-003,activity_submitted,2026-09-23T12:00:00Z
archive-event-04784,learner-004,material_viewed,2026-09-24T12:00:00Z
archive-event-04785,learner-005,activity_submitted,2026-09-25T12:00:00Z
archive-event-04786,learner-006,material_viewed,2026-09-26T12:00:00Z
archive-event-04787,learner-007,activity_submitted,2026-09-27T12:00:00Z
archive-event-04788,learner-008,material_viewed,2026-09-28T12:00:00Z
archive-event-04789,learner-009,activity_submitted,2026-09-01T12:00:00Z
archive-event-04790,learner-010,material_viewed,2026-09-02T12:00:00Z
archive-event-04791,learner-001,activity_submitted,2026-09-03T12:00:00Z
archive-event-04792,learner-002,material_viewed,2026-09-04T12:00:00Z
archive-event-04793,learner-003,activity_submitted,2026-09-05T12:00:00Z
archive-event-04794,learner-004,material_viewed,2026-09-06T12:00:00Z
archive-event-04795,learner-005,activity_submitted,2026-09-07T12:00:00Z
archive-event-04796,learner-006,material_viewed,2026-09-08T12:00:00Z
archive-event-04797,learner-007,activity_submitted,2026-09-09T12:00:00Z
archive-event-04798,learner-008,material_viewed,2026-09-10T12:00:00Z
archive-event-04799,learner-009,activity_submitted,2026-09-11T12:00:00Z
archive-event-04800,learner-010,material_viewed,2026-09-12T12:00:00Z
archive-event-04801,learner-001,activity_submitted,2026-09-13T12:00:00Z
archive-event-04802,learner-002,material_viewed,2026-09-14T12:00:00Z
archive-event-04803,learner-003,activity_submitted,2026-09-15T12:00:00Z
archive-event-04804,learner-004,material_viewed,2026-09-16T12:00:00Z
archive-event-04805,learner-005,activity_submitted,2026-09-17T12:00:00Z
archive-event-04806,learner-006,material_viewed,2026-09-18T12:00:00Z
archive-event-04807,learner-007,activity_submitted,2026-09-19T12:00:00Z
archive-event-04808,learner-008,material_viewed,2026-09-20T12:00:00Z
archive-event-04809,learner-009,activity_submitted,2026-09-21T12:00:00Z
archive-event-04810,learner-010,material_viewed,2026-09-22T12:00:00Z
archive-event-04811,learner-001,activity_submitted,2026-09-23T12:00:00Z
archive-event-04812,learner-002,material_viewed,2026-09-24T12:00:00Z
archive-event-04813,learner-003,activity_submitted,2026-09-25T12:00:00Z
archive-event-04814,learner-004,material_viewed,2026-09-26T12:00:00Z
archive-event-04815,learner-005,activity_submitted,2026-09-27T12:00:00Z
archive-event-04816,learner-006,material_viewed,2026-09-28T12:00:00Z
archive-event-04817,learner-007,activity_submitted,2026-09-01T12:00:00Z
archive-event-04818,learner-008,material_viewed,2026-09-02T12:00:00Z
archive-event-04819,learner-009,activity_submitted,2026-09-03T12:00:00Z
archive-event-04820,learner-010,material_viewed,2026-09-04T12:00:00Z
archive-event-04821,learner-001,activity_submitted,2026-09-05T12:00:00Z
archive-event-04822,learner-002,material_viewed,2026-09-06T12:00:00Z
archive-event-04823,learner-003,activity_submitted,2026-09-07T12:00:00Z
archive-event-04824,learner-004,material_viewed,2026-09-08T12:00:00Z
archive-event-04825,learner-005,activity_submitted,2026-09-09T12:00:00Z
archive-event-04826,learner-006,material_viewed,2026-09-10T12:00:00Z
archive-event-04827,learner-007,activity_submitted,2026-09-11T12:00:00Z
archive-event-04828,learner-008,material_viewed,2026-09-12T12:00:00Z
archive-event-04829,learner-009,activity_submitted,2026-09-13T12:00:00Z
archive-event-04830,learner-010,material_viewed,2026-09-14T12:00:00Z
archive-event-04831,learner-001,activity_submitted,2026-09-15T12:00:00Z
archive-event-04832,learner-002,material_viewed,2026-09-16T12:00:00Z
archive-event-04833,learner-003,activity_submitted,2026-09-17T12:00:00Z
archive-event-04834,learner-004,material_viewed,2026-09-18T12:00:00Z
archive-event-04835,learner-005,activity_submitted,2026-09-19T12:00:00Z
archive-event-04836,learner-006,material_viewed,2026-09-20T12:00:00Z
archive-event-04837,learner-007,activity_submitted,2026-09-21T12:00:00Z
archive-event-04838,learner-008,material_viewed,2026-09-22T12:00:00Z
archive-event-04839,learner-009,activity_submitted,2026-09-23T12:00:00Z
archive-event-04840,learner-010,material_viewed,2026-09-24T12:00:00Z
archive-event-04841,learner-001,activity_submitted,2026-09-25T12:00:00Z
archive-event-04842,learner-002,material_viewed,2026-09-26T12:00:00Z
archive-event-04843,learner-003,activity_submitted,2026-09-27T12:00:00Z
archive-event-04844,learner-004,material_viewed,2026-09-28T12:00:00Z
archive-event-04845,learner-005,activity_submitted,2026-09-01T12:00:00Z
archive-event-04846,learner-006,material_viewed,2026-09-02T12:00:00Z
archive-event-04847,learner-007,activity_submitted,2026-09-03T12:00:00Z
archive-event-04848,learner-008,material_viewed,2026-09-04T12:00:00Z
archive-event-04849,learner-009,activity_submitted,2026-09-05T12:00:00Z
archive-event-04850,learner-010,material_viewed,2026-09-06T12:00:00Z
archive-event-04851,learner-001,activity_submitted,2026-09-07T12:00:00Z
archive-event-04852,learner-002,material_viewed,2026-09-08T12:00:00Z
archive-event-04853,learner-003,activity_submitted,2026-09-09T12:00:00Z
archive-event-04854,learner-004,material_viewed,2026-09-10T12:00:00Z
archive-event-04855,learner-005,activity_submitted,2026-09-11T12:00:00Z
archive-event-04856,learner-006,material_viewed,2026-09-12T12:00:00Z
archive-event-04857,learner-007,activity_submitted,2026-09-13T12:00:00Z
archive-event-04858,learner-008,material_viewed,2026-09-14T12:00:00Z
archive-event-04859,learner-009,activity_submitted,2026-09-15T12:00:00Z
archive-event-04860,learner-010,material_viewed,2026-09-16T12:00:00Z
archive-event-04861,learner-001,activity_submitted,2026-09-17T12:00:00Z
archive-event-04862,learner-002,material_viewed,2026-09-18T12:00:00Z
archive-event-04863,learner-003,activity_submitted,2026-09-19T12:00:00Z
archive-event-04864,learner-004,material_viewed,2026-09-20T12:00:00Z
archive-event-04865,learner-005,activity_submitted,2026-09-21T12:00:00Z
archive-event-04866,learner-006,material_viewed,2026-09-22T12:00:00Z
archive-event-04867,learner-007,activity_submitted,2026-09-23T12:00:00Z
archive-event-04868,learner-008,material_viewed,2026-09-24T12:00:00Z
archive-event-04869,learner-009,activity_submitted,2026-09-25T12:00:00Z
archive-event-04870,learner-010,material_viewed,2026-09-26T12:00:00Z
archive-event-04871,learner-001,activity_submitted,2026-09-27T12:00:00Z
archive-event-04872,learner-002,material_viewed,2026-09-28T12:00:00Z
archive-event-04873,learner-003,activity_submitted,2026-09-01T12:00:00Z
archive-event-04874,learner-004,material_viewed,2026-09-02T12:00:00Z
archive-event-04875,learner-005,activity_submitted,2026-09-03T12:00:00Z
archive-event-04876,learner-006,material_viewed,2026-09-04T12:00:00Z
archive-event-04877,learner-007,activity_submitted,2026-09-05T12:00:00Z
archive-event-04878,learner-008,material_viewed,2026-09-06T12:00:00Z
archive-event-04879,learner-009,activity_submitted,2026-09-07T12:00:00Z
archive-event-04880,learner-010,material_viewed,2026-09-08T12:00:00Z
archive-event-04881,learner-001,activity_submitted,2026-09-09T12:00:00Z
archive-event-04882,learner-002,material_viewed,2026-09-10T12:00:00Z
archive-event-04883,learner-003,activity_submitted,2026-09-11T12:00:00Z
archive-event-04884,learner-004,material_viewed,2026-09-12T12:00:00Z
archive-event-04885,learner-005,activity_submitted,2026-09-13T12:00:00Z
archive-event-04886,learner-006,material_viewed,2026-09-14T12:00:00Z
archive-event-04887,learner-007,activity_submitted,2026-09-15T12:00:00Z
archive-event-04888,learner-008,material_viewed,2026-09-16T12:00:00Z
archive-event-04889,learner-009,activity_submitted,2026-09-17T12:00:00Z
archive-event-04890,learner-010,material_viewed,2026-09-18T12:00:00Z
archive-event-04891,learner-001,activity_submitted,2026-09-19T12:00:00Z
archive-event-04892,learner-002,material_viewed,2026-09-20T12:00:00Z
archive-event-04893,learner-003,activity_submitted,2026-09-21T12:00:00Z
archive-event-04894,learner-004,material_viewed,2026-09-22T12:00:00Z
archive-event-04895,learner-005,activity_submitted,2026-09-23T12:00:00Z
archive-event-04896,learner-006,material_viewed,2026-09-24T12:00:00Z
archive-event-04897,learner-007,activity_submitted,2026-09-25T12:00:00Z
archive-event-04898,learner-008,material_viewed,2026-09-26T12:00:00Z
archive-event-04899,learner-009,activity_submitted,2026-09-27T12:00:00Z
archive-event-04900,learner-010,material_viewed,2026-09-28T12:00:00Z
archive-event-04901,learner-001,activity_submitted,2026-09-01T12:00:00Z
archive-event-04902,learner-002,material_viewed,2026-09-02T12:00:00Z
archive-event-04903,learner-003,activity_submitted,2026-09-03T12:00:00Z
archive-event-04904,learner-004,material_viewed,2026-09-04T12:00:00Z
archive-event-04905,learner-005,activity_submitted,2026-09-05T12:00:00Z
archive-event-04906,learner-006,material_viewed,2026-09-06T12:00:00Z
archive-event-04907,learner-007,activity_submitted,2026-09-07T12:00:00Z
archive-event-04908,learner-008,material_viewed,2026-09-08T12:00:00Z
archive-event-04909,learner-009,activity_submitted,2026-09-09T12:00:00Z
archive-event-04910,learner-010,material_viewed,2026-09-10T12:00:00Z
archive-event-04911,learner-001,activity_submitted,2026-09-11T12:00:00Z
archive-event-04912,learner-002,material_viewed,2026-09-12T12:00:00Z
archive-event-04913,learner-003,activity_submitted,2026-09-13T12:00:00Z
archive-event-04914,learner-004,material_viewed,2026-09-14T12:00:00Z
archive-event-04915,learner-005,activity_submitted,2026-09-15T12:00:00Z
archive-event-04916,learner-006,material_viewed,2026-09-16T12:00:00Z
archive-event-04917,learner-007,activity_submitted,2026-09-17T12:00:00Z
archive-event-04918,learner-008,material_viewed,2026-09-18T12:00:00Z
archive-event-04919,learner-009,activity_submitted,2026-09-19T12:00:00Z
archive-event-04920,learner-010,material_viewed,2026-09-20T12:00:00Z
archive-event-04921,learner-001,activity_submitted,2026-09-21T12:00:00Z
archive-event-04922,learner-002,material_viewed,2026-09-22T12:00:00Z
archive-event-04923,learner-003,activity_submitted,2026-09-23T12:00:00Z
archive-event-04924,learner-004,material_viewed,2026-09-24T12:00:00Z
archive-event-04925,learner-005,activity_submitted,2026-09-25T12:00:00Z
archive-event-04926,learner-006,material_viewed,2026-09-26T12:00:00Z
archive-event-04927,learner-007,activity_submitted,2026-09-27T12:00:00Z
archive-event-04928,learner-008,material_viewed,2026-09-28T12:00:00Z
archive-event-04929,learner-009,activity_submitted,2026-09-01T12:00:00Z
archive-event-04930,learner-010,material_viewed,2026-09-02T12:00:00Z
archive-event-04931,learner-001,activity_submitted,2026-09-03T12:00:00Z
archive-event-04932,learner-002,material_viewed,2026-09-04T12:00:00Z
archive-event-04933,learner-003,activity_submitted,2026-09-05T12:00:00Z
archive-event-04934,learner-004,material_viewed,2026-09-06T12:00:00Z
archive-event-04935,learner-005,activity_submitted,2026-09-07T12:00:00Z
archive-event-04936,learner-006,material_viewed,2026-09-08T12:00:00Z
archive-event-04937,learner-007,activity_submitted,2026-09-09T12:00:00Z
archive-event-04938,learner-008,material_viewed,2026-09-10T12:00:00Z
archive-event-04939,learner-009,activity_submitted,2026-09-11T12:00:00Z
archive-event-04940,learner-010,material_viewed,2026-09-12T12:00:00Z
archive-event-04941,learner-001,activity_submitted,2026-09-13T12:00:00Z
archive-event-04942,learner-002,material_viewed,2026-09-14T12:00:00Z
archive-event-04943,learner-003,activity_submitted,2026-09-15T12:00:00Z
archive-event-04944,learner-004,material_viewed,2026-09-16T12:00:00Z
archive-event-04945,learner-005,activity_submitted,2026-09-17T12:00:00Z
archive-event-04946,learner-006,material_viewed,2026-09-18T12:00:00Z
archive-event-04947,learner-007,activity_submitted,2026-09-19T12:00:00Z
archive-event-04948,learner-008,material_viewed,2026-09-20T12:00:00Z
archive-event-04949,learner-009,activity_submitted,2026-09-21T12:00:00Z
archive-event-04950,learner-010,material_viewed,2026-09-22T12:00:00Z
archive-event-04951,learner-001,activity_submitted,2026-09-23T12:00:00Z
archive-event-04952,learner-002,material_viewed,2026-09-24T12:00:00Z
archive-event-04953,learner-003,activity_submitted,2026-09-25T12:00:00Z
archive-event-04954,learner-004,material_viewed,2026-09-26T12:00:00Z
archive-event-04955,learner-005,activity_submitted,2026-09-27T12:00:00Z
archive-event-04956,learner-006,material_viewed,2026-09-28T12:00:00Z
archive-event-04957,learner-007,activity_submitted,2026-09-01T12:00:00Z
archive-event-04958,learner-008,material_viewed,2026-09-02T12:00:00Z
archive-event-04959,learner-009,activity_submitted,2026-09-03T12:00:00Z
archive-event-04960,learner-010,material_viewed,2026-09-04T12:00:00Z
archive-event-04961,learner-001,activity_submitted,2026-09-05T12:00:00Z
archive-event-04962,learner-002,material_viewed,2026-09-06T12:00:00Z
archive-event-04963,learner-003,activity_submitted,2026-09-07T12:00:00Z
archive-event-04964,learner-004,material_viewed,2026-09-08T12:00:00Z
archive-event-04965,learner-005,activity_submitted,2026-09-09T12:00:00Z
archive-event-04966,learner-006,material_viewed,2026-09-10T12:00:00Z
archive-event-04967,learner-007,activity_submitted,2026-09-11T12:00:00Z
archive-event-04968,learner-008,material_viewed,2026-09-12T12:00:00Z
archive-event-04969,learner-009,activity_submitted,2026-09-13T12:00:00Z
archive-event-04970,learner-010,material_viewed,2026-09-14T12:00:00Z
archive-event-04971,learner-001,activity_submitted,2026-09-15T12:00:00Z
archive-event-04972,learner-002,material_viewed,2026-09-16T12:00:00Z
archive-event-04973,learner-003,activity_submitted,2026-09-17T12:00:00Z
archive-event-04974,learner-004,material_viewed,2026-09-18T12:00:00Z
archive-event-04975,learner-005,activity_submitted,2026-09-19T12:00:00Z
archive-event-04976,learner-006,material_viewed,2026-09-20T12:00:00Z
archive-event-04977,learner-007,activity_submitted,2026-09-21T12:00:00Z
archive-event-04978,learner-008,material_viewed,2026-09-22T12:00:00Z
archive-event-04979,learner-009,activity_submitted,2026-09-23T12:00:00Z
archive-event-04980,learner-010,material_viewed,2026-09-24T12:00:00Z
archive-event-04981,learner-001,activity_submitted,2026-09-25T12:00:00Z
archive-event-04982,learner-002,material_viewed,2026-09-26T12:00:00Z
archive-event-04983,learner-003,activity_submitted,2026-09-27T12:00:00Z
archive-event-04984,learner-004,material_viewed,2026-09-28T12:00:00Z
archive-event-04985,learner-005,activity_submitted,2026-09-01T12:00:00Z
archive-event-04986,learner-006,material_viewed,2026-09-02T12:00:00Z
archive-event-04987,learner-007,activity_submitted,2026-09-03T12:00:00Z
archive-event-04988,learner-008,material_viewed,2026-09-04T12:00:00Z
archive-event-04989,learner-009,activity_submitted,2026-09-05T12:00:00Z
archive-event-04990,learner-010,material_viewed,2026-09-06T12:00:00Z
archive-event-04991,learner-001,activity_submitted,2026-09-07T12:00:00Z
archive-event-04992,learner-002,material_viewed,2026-09-08T12:00:00Z
archive-event-04993,learner-003,activity_submitted,2026-09-09T12:00:00Z
archive-event-04994,learner-004,material_viewed,2026-09-10T12:00:00Z
archive-event-04995,learner-005,activity_submitted,2026-09-11T12:00:00Z
archive-event-04996,learner-006,material_viewed,2026-09-12T12:00:00Z
archive-event-04997,learner-007,activity_submitted,2026-09-13T12:00:00Z
archive-event-04998,learner-008,material_viewed,2026-09-14T12:00:00Z
archive-event-04999,learner-009,activity_submitted,2026-09-15T12:00:00Z
archive-event-05000,learner-010,material_viewed,2026-09-16T12:00:00Z
archive-event-05001,learner-001,activity_submitted,2026-09-17T12:00:00Z
archive-event-05002,learner-002,material_viewed,2026-09-18T12:00:00Z
archive-event-05003,learner-003,activity_submitted,2026-09-19T12:00:00Z
archive-event-05004,learner-004,material_viewed,2026-09-20T12:00:00Z
archive-event-05005,learner-005,activity_submitted,2026-09-21T12:00:00Z
archive-event-05006,learner-006,material_viewed,2026-09-22T12:00:00Z
archive-event-05007,learner-007,activity_submitted,2026-09-23T12:00:00Z
archive-event-05008,learner-008,material_viewed,2026-09-24T12:00:00Z
archive-event-05009,learner-009,activity_submitted,2026-09-25T12:00:00Z
archive-event-05010,learner-010,material_viewed,2026-09-26T12:00:00Z
archive-event-05011,learner-001,activity_submitted,2026-09-27T12:00:00Z
archive-event-05012,learner-002,material_viewed,2026-09-28T12:00:00Z
archive-event-05013,learner-003,activity_submitted,2026-09-01T12:00:00Z
archive-event-05014,learner-004,material_viewed,2026-09-02T12:00:00Z
archive-event-05015,learner-005,activity_submitted,2026-09-03T12:00:00Z
archive-event-05016,learner-006,material_viewed,2026-09-04T12:00:00Z
archive-event-05017,learner-007,activity_submitted,2026-09-05T12:00:00Z
archive-event-05018,learner-008,material_viewed,2026-09-06T12:00:00Z
archive-event-05019,learner-009,activity_submitted,2026-09-07T12:00:00Z
archive-event-05020,learner-010,material_viewed,2026-09-08T12:00:00Z
archive-event-05021,learner-001,activity_submitted,2026-09-09T12:00:00Z
archive-event-05022,learner-002,material_viewed,2026-09-10T12:00:00Z
archive-event-05023,learner-003,activity_submitted,2026-09-11T12:00:00Z
archive-event-05024,learner-004,material_viewed,2026-09-12T12:00:00Z
archive-event-05025,learner-005,activity_submitted,2026-09-13T12:00:00Z
archive-event-05026,learner-006,material_viewed,2026-09-14T12:00:00Z
archive-event-05027,learner-007,activity_submitted,2026-09-15T12:00:00Z
archive-event-05028,learner-008,material_viewed,2026-09-16T12:00:00Z
archive-event-05029,learner-009,activity_submitted,2026-09-17T12:00:00Z
archive-event-05030,learner-010,material_viewed,2026-09-18T12:00:00Z
archive-event-05031,learner-001,activity_submitted,2026-09-19T12:00:00Z
archive-event-05032,learner-002,material_viewed,2026-09-20T12:00:00Z
archive-event-05033,learner-003,activity_submitted,2026-09-21T12:00:00Z
archive-event-05034,learner-004,material_viewed,2026-09-22T12:00:00Z
archive-event-05035,learner-005,activity_submitted,2026-09-23T12:00:00Z
archive-event-05036,learner-006,material_viewed,2026-09-24T12:00:00Z
archive-event-05037,learner-007,activity_submitted,2026-09-25T12:00:00Z
archive-event-05038,learner-008,material_viewed,2026-09-26T12:00:00Z
archive-event-05039,learner-009,activity_submitted,2026-09-27T12:00:00Z
archive-event-05040,learner-010,material_viewed,2026-09-28T12:00:00Z
archive-event-05041,learner-001,activity_submitted,2026-09-01T12:00:00Z
archive-event-05042,learner-002,material_viewed,2026-09-02T12:00:00Z
archive-event-05043,learner-003,activity_submitted,2026-09-03T12:00:00Z
archive-event-05044,learner-004,material_viewed,2026-09-04T12:00:00Z
archive-event-05045,learner-005,activity_submitted,2026-09-05T12:00:00Z
archive-event-05046,learner-006,material_viewed,2026-09-06T12:00:00Z
archive-event-05047,learner-007,activity_submitted,2026-09-07T12:00:00Z
archive-event-05048,learner-008,material_viewed,2026-09-08T12:00:00Z
archive-event-05049,learner-009,activity_submitted,2026-09-09T12:00:00Z
archive-event-05050,learner-010,material_viewed,2026-09-10T12:00:00Z
archive-event-05051,learner-001,activity_submitted,2026-09-11T12:00:00Z
archive-event-05052,learner-002,material_viewed,2026-09-12T12:00:00Z
archive-event-05053,learner-003,activity_submitted,2026-09-13T12:00:00Z
archive-event-05054,learner-004,material_viewed,2026-09-14T12:00:00Z
archive-event-05055,learner-005,activity_submitted,2026-09-15T12:00:00Z
archive-event-05056,learner-006,material_viewed,2026-09-16T12:00:00Z
archive-event-05057,learner-007,activity_submitted,2026-09-17T12:00:00Z
archive-event-05058,learner-008,material_viewed,2026-09-18T12:00:00Z
archive-event-05059,learner-009,activity_submitted,2026-09-19T12:00:00Z
archive-event-05060,learner-010,material_viewed,2026-09-20T12:00:00Z
archive-event-05061,learner-001,activity_submitted,2026-09-21T12:00:00Z
archive-event-05062,learner-002,material_viewed,2026-09-22T12:00:00Z
archive-event-05063,learner-003,activity_submitted,2026-09-23T12:00:00Z
archive-event-05064,learner-004,material_viewed,2026-09-24T12:00:00Z
archive-event-05065,learner-005,activity_submitted,2026-09-25T12:00:00Z
archive-event-05066,learner-006,material_viewed,2026-09-26T12:00:00Z
archive-event-05067,learner-007,activity_submitted,2026-09-27T12:00:00Z
archive-event-05068,learner-008,material_viewed,2026-09-28T12:00:00Z
archive-event-05069,learner-009,activity_submitted,2026-09-01T12:00:00Z
archive-event-05070,learner-010,material_viewed,2026-09-02T12:00:00Z
archive-event-05071,learner-001,activity_submitted,2026-09-03T12:00:00Z
archive-event-05072,learner-002,material_viewed,2026-09-04T12:00:00Z
archive-event-05073,learner-003,activity_submitted,2026-09-05T12:00:00Z
archive-event-05074,learner-004,material_viewed,2026-09-06T12:00:00Z
archive-event-05075,learner-005,activity_submitted,2026-09-07T12:00:00Z
archive-event-05076,learner-006,material_viewed,2026-09-08T12:00:00Z
archive-event-05077,learner-007,activity_submitted,2026-09-09T12:00:00Z
archive-event-05078,learner-008,material_viewed,2026-09-10T12:00:00Z
archive-event-05079,learner-009,activity_submitted,2026-09-11T12:00:00Z
archive-event-05080,learner-010,material_viewed,2026-09-12T12:00:00Z
archive-event-05081,learner-001,activity_submitted,2026-09-13T12:00:00Z
archive-event-05082,learner-002,material_viewed,2026-09-14T12:00:00Z
archive-event-05083,learner-003,activity_submitted,2026-09-15T12:00:00Z
archive-event-05084,learner-004,material_viewed,2026-09-16T12:00:00Z
archive-event-05085,learner-005,activity_submitted,2026-09-17T12:00:00Z
archive-event-05086,learner-006,material_viewed,2026-09-18T12:00:00Z
archive-event-05087,learner-007,activity_submitted,2026-09-19T12:00:00Z
archive-event-05088,learner-008,material_viewed,2026-09-20T12:00:00Z
archive-event-05089,learner-009,activity_submitted,2026-09-21T12:00:00Z
archive-event-05090,learner-010,material_viewed,2026-09-22T12:00:00Z
archive-event-05091,learner-001,activity_submitted,2026-09-23T12:00:00Z
archive-event-05092,learner-002,material_viewed,2026-09-24T12:00:00Z
archive-event-05093,learner-003,activity_submitted,2026-09-25T12:00:00Z
archive-event-05094,learner-004,material_viewed,2026-09-26T12:00:00Z
archive-event-05095,learner-005,activity_submitted,2026-09-27T12:00:00Z
archive-event-05096,learner-006,material_viewed,2026-09-28T12:00:00Z
archive-event-05097,learner-007,activity_submitted,2026-09-01T12:00:00Z
archive-event-05098,learner-008,material_viewed,2026-09-02T12:00:00Z
archive-event-05099,learner-009,activity_submitted,2026-09-03T12:00:00Z
archive-event-05100,learner-010,material_viewed,2026-09-04T12:00:00Z
archive-event-05101,learner-001,activity_submitted,2026-09-05T12:00:00Z
archive-event-05102,learner-002,material_viewed,2026-09-06T12:00:00Z
archive-event-05103,learner-003,activity_submitted,2026-09-07T12:00:00Z
archive-event-05104,learner-004,material_viewed,2026-09-08T12:00:00Z
archive-event-05105,learner-005,activity_submitted,2026-09-09T12:00:00Z
archive-event-05106,learner-006,material_viewed,2026-09-10T12:00:00Z
archive-event-05107,learner-007,activity_submitted,2026-09-11T12:00:00Z
archive-event-05108,learner-008,material_viewed,2026-09-12T12:00:00Z
archive-event-05109,learner-009,activity_submitted,2026-09-13T12:00:00Z
archive-event-05110,learner-010,material_viewed,2026-09-14T12:00:00Z
archive-event-05111,learner-001,activity_submitted,2026-09-15T12:00:00Z
archive-event-05112,learner-002,material_viewed,2026-09-16T12:00:00Z
archive-event-05113,learner-003,activity_submitted,2026-09-17T12:00:00Z
archive-event-05114,learner-004,material_viewed,2026-09-18T12:00:00Z
archive-event-05115,learner-005,activity_submitted,2026-09-19T12:00:00Z
archive-event-05116,learner-006,material_viewed,2026-09-20T12:00:00Z
archive-event-05117,learner-007,activity_submitted,2026-09-21T12:00:00Z
archive-event-05118,learner-008,material_viewed,2026-09-22T12:00:00Z
archive-event-05119,learner-009,activity_submitted,2026-09-23T12:00:00Z
archive-event-05120,learner-010,material_viewed,2026-09-24T12:00:00Z
archive-event-05121,learner-001,activity_submitted,2026-09-25T12:00:00Z
archive-event-05122,learner-002,material_viewed,2026-09-26T12:00:00Z
archive-event-05123,learner-003,activity_submitted,2026-09-27T12:00:00Z
archive-event-05124,learner-004,material_viewed,2026-09-28T12:00:00Z
archive-event-05125,learner-005,activity_submitted,2026-09-01T12:00:00Z
archive-event-05126,learner-006,material_viewed,2026-09-02T12:00:00Z
archive-event-05127,learner-007,activity_submitted,2026-09-03T12:00:00Z
archive-event-05128,learner-008,material_viewed,2026-09-04T12:00:00Z
archive-event-05129,learner-009,activity_submitted,2026-09-05T12:00:00Z
archive-event-05130,learner-010,material_viewed,2026-09-06T12:00:00Z
archive-event-05131,learner-001,activity_submitted,2026-09-07T12:00:00Z
archive-event-05132,learner-002,material_viewed,2026-09-08T12:00:00Z
archive-event-05133,learner-003,activity_submitted,2026-09-09T12:00:00Z
archive-event-05134,learner-004,material_viewed,2026-09-10T12:00:00Z
archive-event-05135,learner-005,activity_submitted,2026-09-11T12:00:00Z
archive-event-05136,learner-006,material_viewed,2026-09-12T12:00:00Z
archive-event-05137,learner-007,activity_submitted,2026-09-13T12:00:00Z
archive-event-05138,learner-008,material_viewed,2026-09-14T12:00:00Z
archive-event-05139,learner-009,activity_submitted,2026-09-15T12:00:00Z
archive-event-05140,learner-010,material_viewed,2026-09-16T12:00:00Z
archive-event-05141,learner-001,activity_submitted,2026-09-17T12:00:00Z
archive-event-05142,learner-002,material_viewed,2026-09-18T12:00:00Z
archive-event-05143,learner-003,activity_submitted,2026-09-19T12:00:00Z
archive-event-05144,learner-004,material_viewed,2026-09-20T12:00:00Z
archive-event-05145,learner-005,activity_submitted,2026-09-21T12:00:00Z
archive-event-05146,learner-006,material_viewed,2026-09-22T12:00:00Z
archive-event-05147,learner-007,activity_submitted,2026-09-23T12:00:00Z
archive-event-05148,learner-008,material_viewed,2026-09-24T12:00:00Z
archive-event-05149,learner-009,activity_submitted,2026-09-25T12:00:00Z
archive-event-05150,learner-010,material_viewed,2026-09-26T12:00:00Z
archive-event-05151,learner-001,activity_submitted,2026-09-27T12:00:00Z
archive-event-05152,learner-002,material_viewed,2026-09-28T12:00:00Z
archive-event-05153,learner-003,activity_submitted,2026-09-01T12:00:00Z
archive-event-05154,learner-004,material_viewed,2026-09-02T12:00:00Z
archive-event-05155,learner-005,activity_submitted,2026-09-03T12:00:00Z
archive-event-05156,learner-006,material_viewed,2026-09-04T12:00:00Z
archive-event-05157,learner-007,activity_submitted,2026-09-05T12:00:00Z
archive-event-05158,learner-008,material_viewed,2026-09-06T12:00:00Z
archive-event-05159,learner-009,activity_submitted,2026-09-07T12:00:00Z
archive-event-05160,learner-010,material_viewed,2026-09-08T12:00:00Z
archive-event-05161,learner-001,activity_submitted,2026-09-09T12:00:00Z
archive-event-05162,learner-002,material_viewed,2026-09-10T12:00:00Z
archive-event-05163,learner-003,activity_submitted,2026-09-11T12:00:00Z
archive-event-05164,learner-004,material_viewed,2026-09-12T12:00:00Z
archive-event-05165,learner-005,activity_submitted,2026-09-13T12:00:00Z
archive-event-05166,learner-006,material_viewed,2026-09-14T12:00:00Z
archive-event-05167,learner-007,activity_submitted,2026-09-15T12:00:00Z
archive-event-05168,learner-008,material_viewed,2026-09-16T12:00:00Z
archive-event-05169,learner-009,activity_submitted,2026-09-17T12:00:00Z
archive-event-05170,learner-010,material_viewed,2026-09-18T12:00:00Z
archive-event-05171,learner-001,activity_submitted,2026-09-19T12:00:00Z
archive-event-05172,learner-002,material_viewed,2026-09-20T12:00:00Z
archive-event-05173,learner-003,activity_submitted,2026-09-21T12:00:00Z
archive-event-05174,learner-004,material_viewed,2026-09-22T12:00:00Z
archive-event-05175,learner-005,activity_submitted,2026-09-23T12:00:00Z
archive-event-05176,learner-006,material_viewed,2026-09-24T12:00:00Z
archive-event-05177,learner-007,activity_submitted,2026-09-25T12:00:00Z
archive-event-05178,learner-008,material_viewed,2026-09-26T12:00:00Z
archive-event-05179,learner-009,activity_submitted,2026-09-27T12:00:00Z
archive-event-05180,learner-010,material_viewed,2026-09-28T12:00:00Z
archive-event-05181,learner-001,activity_submitted,2026-09-01T12:00:00Z
archive-event-05182,learner-002,material_viewed,2026-09-02T12:00:00Z
archive-event-05183,learner-003,activity_submitted,2026-09-03T12:00:00Z
archive-event-05184,learner-004,material_viewed,2026-09-04T12:00:00Z
archive-event-05185,learner-005,activity_submitted,2026-09-05T12:00:00Z
archive-event-05186,learner-006,material_viewed,2026-09-06T12:00:00Z
archive-event-05187,learner-007,activity_submitted,2026-09-07T12:00:00Z
archive-event-05188,learner-008,material_viewed,2026-09-08T12:00:00Z
archive-event-05189,learner-009,activity_submitted,2026-09-09T12:00:00Z
archive-event-05190,learner-010,material_viewed,2026-09-10T12:00:00Z
archive-event-05191,learner-001,activity_submitted,2026-09-11T12:00:00Z
archive-event-05192,learner-002,material_viewed,2026-09-12T12:00:00Z
archive-event-05193,learner-003,activity_submitted,2026-09-13T12:00:00Z
archive-event-05194,learner-004,material_viewed,2026-09-14T12:00:00Z
archive-event-05195,learner-005,activity_submitted,2026-09-15T12:00:00Z
archive-event-05196,learner-006,material_viewed,2026-09-16T12:00:00Z
archive-event-05197,learner-007,activity_submitted,2026-09-17T12:00:00Z
archive-event-05198,learner-008,material_viewed,2026-09-18T12:00:00Z
archive-event-05199,learner-009,activity_submitted,2026-09-19T12:00:00Z
archive-event-05200,learner-010,material_viewed,2026-09-20T12:00:00Z
archive-event-05201,learner-001,activity_submitted,2026-09-21T12:00:00Z
archive-event-05202,learner-002,material_viewed,2026-09-22T12:00:00Z
archive-event-05203,learner-003,activity_submitted,2026-09-23T12:00:00Z
archive-event-05204,learner-004,material_viewed,2026-09-24T12:00:00Z
archive-event-05205,learner-005,activity_submitted,2026-09-25T12:00:00Z
archive-event-05206,learner-006,material_viewed,2026-09-26T12:00:00Z
archive-event-05207,learner-007,activity_submitted,2026-09-27T12:00:00Z
archive-event-05208,learner-008,material_viewed,2026-09-28T12:00:00Z
archive-event-05209,learner-009,activity_submitted,2026-09-01T12:00:00Z
archive-event-05210,learner-010,material_viewed,2026-09-02T12:00:00Z
archive-event-05211,learner-001,activity_submitted,2026-09-03T12:00:00Z
archive-event-05212,learner-002,material_viewed,2026-09-04T12:00:00Z
archive-event-05213,learner-003,activity_submitted,2026-09-05T12:00:00Z
archive-event-05214,learner-004,material_viewed,2026-09-06T12:00:00Z
archive-event-05215,learner-005,activity_submitted,2026-09-07T12:00:00Z
archive-event-05216,learner-006,material_viewed,2026-09-08T12:00:00Z
archive-event-05217,learner-007,activity_submitted,2026-09-09T12:00:00Z
archive-event-05218,learner-008,material_viewed,2026-09-10T12:00:00Z
archive-event-05219,learner-009,activity_submitted,2026-09-11T12:00:00Z
archive-event-05220,learner-010,material_viewed,2026-09-12T12:00:00Z
archive-event-05221,learner-001,activity_submitted,2026-09-13T12:00:00Z
archive-event-05222,learner-002,material_viewed,2026-09-14T12:00:00Z
archive-event-05223,learner-003,activity_submitted,2026-09-15T12:00:00Z
archive-event-05224,learner-004,material_viewed,2026-09-16T12:00:00Z
archive-event-05225,learner-005,activity_submitted,2026-09-17T12:00:00Z
archive-event-05226,learner-006,material_viewed,2026-09-18T12:00:00Z
archive-event-05227,learner-007,activity_submitted,2026-09-19T12:00:00Z
archive-event-05228,learner-008,material_viewed,2026-09-20T12:00:00Z
archive-event-05229,learner-009,activity_submitted,2026-09-21T12:00:00Z
archive-event-05230,learner-010,material_viewed,2026-09-22T12:00:00Z
archive-event-05231,learner-001,activity_submitted,2026-09-23T12:00:00Z
archive-event-05232,learner-002,material_viewed,2026-09-24T12:00:00Z
archive-event-05233,learner-003,activity_submitted,2026-09-25T12:00:00Z
archive-event-05234,learner-004,material_viewed,2026-09-26T12:00:00Z
archive-event-05235,learner-005,activity_submitted,2026-09-27T12:00:00Z
archive-event-05236,learner-006,material_viewed,2026-09-28T12:00:00Z
archive-event-05237,learner-007,activity_submitted,2026-09-01T12:00:00Z
archive-event-05238,learner-008,material_viewed,2026-09-02T12:00:00Z
archive-event-05239,learner-009,activity_submitted,2026-09-03T12:00:00Z
archive-event-05240,learner-010,material_viewed,2026-09-04T12:00:00Z
archive-event-05241,learner-001,activity_submitted,2026-09-05T12:00:00Z
archive-event-05242,learner-002,material_viewed,2026-09-06T12:00:00Z
archive-event-05243,learner-003,activity_submitted,2026-09-07T12:00:00Z
archive-event-05244,learner-004,material_viewed,2026-09-08T12:00:00Z
archive-event-05245,learner-005,activity_submitted,2026-09-09T12:00:00Z
archive-event-05246,learner-006,material_viewed,2026-09-10T12:00:00Z
archive-event-05247,learner-007,activity_submitted,2026-09-11T12:00:00Z
archive-event-05248,learner-008,material_viewed,2026-09-12T12:00:00Z
archive-event-05249,learner-009,activity_submitted,2026-09-13T12:00:00Z
archive-event-05250,learner-010,material_viewed,2026-09-14T12:00:00Z
archive-event-05251,learner-001,activity_submitted,2026-09-15T12:00:00Z
archive-event-05252,learner-002,material_viewed,2026-09-16T12:00:00Z
archive-event-05253,learner-003,activity_submitted,2026-09-17T12:00:00Z
archive-event-05254,learner-004,material_viewed,2026-09-18T12:00:00Z
archive-event-05255,learner-005,activity_submitted,2026-09-19T12:00:00Z
archive-event-05256,learner-006,material_viewed,2026-09-20T12:00:00Z
archive-event-05257,learner-007,activity_submitted,2026-09-21T12:00:00Z
archive-event-05258,learner-008,material_viewed,2026-09-22T12:00:00Z
archive-event-05259,learner-009,activity_submitted,2026-09-23T12:00:00Z
archive-event-05260,learner-010,material_viewed,2026-09-24T12:00:00Z
archive-event-05261,learner-001,activity_submitted,2026-09-25T12:00:00Z
archive-event-05262,learner-002,material_viewed,2026-09-26T12:00:00Z
archive-event-05263,learner-003,activity_submitted,2026-09-27T12:00:00Z
archive-event-05264,learner-004,material_viewed,2026-09-28T12:00:00Z
archive-event-05265,learner-005,activity_submitted,2026-09-01T12:00:00Z
archive-event-05266,learner-006,material_viewed,2026-09-02T12:00:00Z
archive-event-05267,learner-007,activity_submitted,2026-09-03T12:00:00Z
archive-event-05268,learner-008,material_viewed,2026-09-04T12:00:00Z
archive-event-05269,learner-009,activity_submitted,2026-09-05T12:00:00Z
archive-event-05270,learner-010,material_viewed,2026-09-06T12:00:00Z
archive-event-05271,learner-001,activity_submitted,2026-09-07T12:00:00Z
archive-event-05272,learner-002,material_viewed,2026-09-08T12:00:00Z
archive-event-05273,learner-003,activity_submitted,2026-09-09T12:00:00Z
archive-event-05274,learner-004,material_viewed,2026-09-10T12:00:00Z
archive-event-05275,learner-005,activity_submitted,2026-09-11T12:00:00Z
archive-event-05276,learner-006,material_viewed,2026-09-12T12:00:00Z
archive-event-05277,learner-007,activity_submitted,2026-09-13T12:00:00Z
archive-event-05278,learner-008,material_viewed,2026-09-14T12:00:00Z
archive-event-05279,learner-009,activity_submitted,2026-09-15T12:00:00Z
archive-event-05280,learner-010,material_viewed,2026-09-16T12:00:00Z
archive-event-05281,learner-001,activity_submitted,2026-09-17T12:00:00Z
archive-event-05282,learner-002,material_viewed,2026-09-18T12:00:00Z
archive-event-05283,learner-003,activity_submitted,2026-09-19T12:00:00Z
archive-event-05284,learner-004,material_viewed,2026-09-20T12:00:00Z
archive-event-05285,learner-005,activity_submitted,2026-09-21T12:00:00Z
archive-event-05286,learner-006,material_viewed,2026-09-22T12:00:00Z
archive-event-05287,learner-007,activity_submitted,2026-09-23T12:00:00Z
archive-event-05288,learner-008,material_viewed,2026-09-24T12:00:00Z
archive-event-05289,learner-009,activity_submitted,2026-09-25T12:00:00Z
archive-event-05290,learner-010,material_viewed,2026-09-26T12:00:00Z
archive-event-05291,learner-001,activity_submitted,2026-09-27T12:00:00Z
archive-event-05292,learner-002,material_viewed,2026-09-28T12:00:00Z
archive-event-05293,learner-003,activity_submitted,2026-09-01T12:00:00Z
archive-event-05294,learner-004,material_viewed,2026-09-02T12:00:00Z
archive-event-05295,learner-005,activity_submitted,2026-09-03T12:00:00Z
archive-event-05296,learner-006,material_viewed,2026-09-04T12:00:00Z
archive-event-05297,learner-007,activity_submitted,2026-09-05T12:00:00Z
archive-event-05298,learner-008,material_viewed,2026-09-06T12:00:00Z
archive-event-05299,learner-009,activity_submitted,2026-09-07T12:00:00Z
archive-event-05300,learner-010,material_viewed,2026-09-08T12:00:00Z
archive-event-05301,learner-001,activity_submitted,2026-09-09T12:00:00Z
archive-event-05302,learner-002,material_viewed,2026-09-10T12:00:00Z
archive-event-05303,learner-003,activity_submitted,2026-09-11T12:00:00Z
archive-event-05304,learner-004,material_viewed,2026-09-12T12:00:00Z
archive-event-05305,learner-005,activity_submitted,2026-09-13T12:00:00Z
archive-event-05306,learner-006,material_viewed,2026-09-14T12:00:00Z
archive-event-05307,learner-007,activity_submitted,2026-09-15T12:00:00Z
archive-event-05308,learner-008,material_viewed,2026-09-16T12:00:00Z
archive-event-05309,learner-009,activity_submitted,2026-09-17T12:00:00Z
archive-event-05310,learner-010,material_viewed,2026-09-18T12:00:00Z
archive-event-05311,learner-001,activity_submitted,2026-09-19T12:00:00Z
archive-event-05312,learner-002,material_viewed,2026-09-20T12:00:00Z
archive-event-05313,learner-003,activity_submitted,2026-09-21T12:00:00Z
archive-event-05314,learner-004,material_viewed,2026-09-22T12:00:00Z
archive-event-05315,learner-005,activity_submitted,2026-09-23T12:00:00Z
archive-event-05316,learner-006,material_viewed,2026-09-24T12:00:00Z
archive-event-05317,learner-007,activity_submitted,2026-09-25T12:00:00Z
archive-event-05318,learner-008,material_viewed,2026-09-26T12:00:00Z
archive-event-05319,learner-009,activity_submitted,2026-09-27T12:00:00Z
archive-event-05320,learner-010,material_viewed,2026-09-28T12:00:00Z
archive-event-05321,learner-001,activity_submitted,2026-09-01T12:00:00Z
archive-event-05322,learner-002,material_viewed,2026-09-02T12:00:00Z
archive-event-05323,learner-003,activity_submitted,2026-09-03T12:00:00Z
archive-event-05324,learner-004,material_viewed,2026-09-04T12:00:00Z
archive-event-05325,learner-005,activity_submitted,2026-09-05T12:00:00Z
archive-event-05326,learner-006,material_viewed,2026-09-06T12:00:00Z
archive-event-05327,learner-007,activity_submitted,2026-09-07T12:00:00Z
archive-event-05328,learner-008,material_viewed,2026-09-08T12:00:00Z
archive-event-05329,learner-009,activity_submitted,2026-09-09T12:00:00Z
archive-event-05330,learner-010,material_viewed,2026-09-10T12:00:00Z
archive-event-05331,learner-001,activity_submitted,2026-09-11T12:00:00Z
archive-event-05332,learner-002,material_viewed,2026-09-12T12:00:00Z
archive-event-05333,learner-003,activity_submitted,2026-09-13T12:00:00Z
archive-event-05334,learner-004,material_viewed,2026-09-14T12:00:00Z
archive-event-05335,learner-005,activity_submitted,2026-09-15T12:00:00Z
archive-event-05336,learner-006,material_viewed,2026-09-16T12:00:00Z
archive-event-05337,learner-007,activity_submitted,2026-09-17T12:00:00Z
archive-event-05338,learner-008,material_viewed,2026-09-18T12:00:00Z
archive-event-05339,learner-009,activity_submitted,2026-09-19T12:00:00Z
archive-event-05340,learner-010,material_viewed,2026-09-20T12:00:00Z
archive-event-05341,learner-001,activity_submitted,2026-09-21T12:00:00Z
archive-event-05342,learner-002,material_viewed,2026-09-22T12:00:00Z
archive-event-05343,learner-003,activity_submitted,2026-09-23T12:00:00Z
archive-event-05344,learner-004,material_viewed,2026-09-24T12:00:00Z
archive-event-05345,learner-005,activity_submitted,2026-09-25T12:00:00Z
archive-event-05346,learner-006,material_viewed,2026-09-26T12:00:00Z
archive-event-05347,learner-007,activity_submitted,2026-09-27T12:00:00Z
archive-event-05348,learner-008,material_viewed,2026-09-28T12:00:00Z
archive-event-05349,learner-009,activity_submitted,2026-09-01T12:00:00Z
archive-event-05350,learner-010,material_viewed,2026-09-02T12:00:00Z
archive-event-05351,learner-001,activity_submitted,2026-09-03T12:00:00Z
archive-event-05352,learner-002,material_viewed,2026-09-04T12:00:00Z
archive-event-05353,learner-003,activity_submitted,2026-09-05T12:00:00Z
archive-event-05354,learner-004,material_viewed,2026-09-06T12:00:00Z
archive-event-05355,learner-005,activity_submitted,2026-09-07T12:00:00Z
archive-event-05356,learner-006,material_viewed,2026-09-08T12:00:00Z
archive-event-05357,learner-007,activity_submitted,2026-09-09T12:00:00Z
archive-event-05358,learner-008,material_viewed,2026-09-10T12:00:00Z
archive-event-05359,learner-009,activity_submitted,2026-09-11T12:00:00Z
archive-event-05360,learner-010,material_viewed,2026-09-12T12:00:00Z
archive-event-05361,learner-001,activity_submitted,2026-09-13T12:00:00Z
archive-event-05362,learner-002,material_viewed,2026-09-14T12:00:00Z
archive-event-05363,learner-003,activity_submitted,2026-09-15T12:00:00Z
archive-event-05364,learner-004,material_viewed,2026-09-16T12:00:00Z
archive-event-05365,learner-005,activity_submitted,2026-09-17T12:00:00Z
archive-event-05366,learner-006,material_viewed,2026-09-18T12:00:00Z
archive-event-05367,learner-007,activity_submitted,2026-09-19T12:00:00Z
archive-event-05368,learner-008,material_viewed,2026-09-20T12:00:00Z
archive-event-05369,learner-009,activity_submitted,2026-09-21T12:00:00Z
archive-event-05370,learner-010,material_viewed,2026-09-22T12:00:00Z
archive-event-05371,learner-001,activity_submitted,2026-09-23T12:00:00Z
archive-event-05372,learner-002,material_viewed,2026-09-24T12:00:00Z
archive-event-05373,learner-003,activity_submitted,2026-09-25T12:00:00Z
archive-event-05374,learner-004,material_viewed,2026-09-26T12:00:00Z
archive-event-05375,learner-005,activity_submitted,2026-09-27T12:00:00Z
archive-event-05376,learner-006,material_viewed,2026-09-28T12:00:00Z
archive-event-05377,learner-007,activity_submitted,2026-09-01T12:00:00Z
archive-event-05378,learner-008,material_viewed,2026-09-02T12:00:00Z
archive-event-05379,learner-009,activity_submitted,2026-09-03T12:00:00Z
archive-event-05380,learner-010,material_viewed,2026-09-04T12:00:00Z
archive-event-05381,learner-001,activity_submitted,2026-09-05T12:00:00Z
archive-event-05382,learner-002,material_viewed,2026-09-06T12:00:00Z
archive-event-05383,learner-003,activity_submitted,2026-09-07T12:00:00Z
archive-event-05384,learner-004,material_viewed,2026-09-08T12:00:00Z
archive-event-05385,learner-005,activity_submitted,2026-09-09T12:00:00Z
archive-event-05386,learner-006,material_viewed,2026-09-10T12:00:00Z
archive-event-05387,learner-007,activity_submitted,2026-09-11T12:00:00Z
archive-event-05388,learner-008,material_viewed,2026-09-12T12:00:00Z
archive-event-05389,learner-009,activity_submitted,2026-09-13T12:00:00Z
archive-event-05390,learner-010,material_viewed,2026-09-14T12:00:00Z
archive-event-05391,learner-001,activity_submitted,2026-09-15T12:00:00Z
archive-event-05392,learner-002,material_viewed,2026-09-16T12:00:00Z
archive-event-05393,learner-003,activity_submitted,2026-09-17T12:00:00Z
archive-event-05394,learner-004,material_viewed,2026-09-18T12:00:00Z
archive-event-05395,learner-005,activity_submitted,2026-09-19T12:00:00Z
archive-event-05396,learner-006,material_viewed,2026-09-20T12:00:00Z
archive-event-05397,learner-007,activity_submitted,2026-09-21T12:00:00Z
archive-event-05398,learner-008,material_viewed,2026-09-22T12:00:00Z
archive-event-05399,learner-009,activity_submitted,2026-09-23T12:00:00Z
archive-event-05400,learner-010,material_viewed,2026-09-24T12:00:00Z
archive-event-05401,learner-001,activity_submitted,2026-09-25T12:00:00Z
archive-event-05402,learner-002,material_viewed,2026-09-26T12:00:00Z
archive-event-05403,learner-003,activity_submitted,2026-09-27T12:00:00Z
archive-event-05404,learner-004,material_viewed,2026-09-28T12:00:00Z
archive-event-05405,learner-005,activity_submitted,2026-09-01T12:00:00Z
archive-event-05406,learner-006,material_viewed,2026-09-02T12:00:00Z
archive-event-05407,learner-007,activity_submitted,2026-09-03T12:00:00Z
archive-event-05408,learner-008,material_viewed,2026-09-04T12:00:00Z
archive-event-05409,learner-009,activity_submitted,2026-09-05T12:00:00Z
archive-event-05410,learner-010,material_viewed,2026-09-06T12:00:00Z
archive-event-05411,learner-001,activity_submitted,2026-09-07T12:00:00Z
archive-event-05412,learner-002,material_viewed,2026-09-08T12:00:00Z
archive-event-05413,learner-003,activity_submitted,2026-09-09T12:00:00Z
archive-event-05414,learner-004,material_viewed,2026-09-10T12:00:00Z
archive-event-05415,learner-005,activity_submitted,2026-09-11T12:00:00Z
archive-event-05416,learner-006,material_viewed,2026-09-12T12:00:00Z
archive-event-05417,learner-007,activity_submitted,2026-09-13T12:00:00Z
archive-event-05418,learner-008,material_viewed,2026-09-14T12:00:00Z
archive-event-05419,learner-009,activity_submitted,2026-09-15T12:00:00Z
archive-event-05420,learner-010,material_viewed,2026-09-16T12:00:00Z
archive-event-05421,learner-001,activity_submitted,2026-09-17T12:00:00Z
archive-event-05422,learner-002,material_viewed,2026-09-18T12:00:00Z
archive-event-05423,learner-003,activity_submitted,2026-09-19T12:00:00Z
archive-event-05424,learner-004,material_viewed,2026-09-20T12:00:00Z
archive-event-05425,learner-005,activity_submitted,2026-09-21T12:00:00Z
archive-event-05426,learner-006,material_viewed,2026-09-22T12:00:00Z
archive-event-05427,learner-007,activity_submitted,2026-09-23T12:00:00Z
archive-event-05428,learner-008,material_viewed,2026-09-24T12:00:00Z
archive-event-05429,learner-009,activity_submitted,2026-09-25T12:00:00Z
archive-event-05430,learner-010,material_viewed,2026-09-26T12:00:00Z
archive-event-05431,learner-001,activity_submitted,2026-09-27T12:00:00Z
archive-event-05432,learner-002,material_viewed,2026-09-28T12:00:00Z
archive-event-05433,learner-003,activity_submitted,2026-09-01T12:00:00Z
archive-event-05434,learner-004,material_viewed,2026-09-02T12:00:00Z
archive-event-05435,learner-005,activity_submitted,2026-09-03T12:00:00Z
archive-event-05436,learner-006,material_viewed,2026-09-04T12:00:00Z
archive-event-05437,learner-007,activity_submitted,2026-09-05T12:00:00Z
archive-event-05438,learner-008,material_viewed,2026-09-06T12:00:00Z
archive-event-05439,learner-009,activity_submitted,2026-09-07T12:00:00Z
archive-event-05440,learner-010,material_viewed,2026-09-08T12:00:00Z
archive-event-05441,learner-001,activity_submitted,2026-09-09T12:00:00Z
archive-event-05442,learner-002,material_viewed,2026-09-10T12:00:00Z
archive-event-05443,learner-003,activity_submitted,2026-09-11T12:00:00Z
archive-event-05444,learner-004,material_viewed,2026-09-12T12:00:00Z
archive-event-05445,learner-005,activity_submitted,2026-09-13T12:00:00Z
archive-event-05446,learner-006,material_viewed,2026-09-14T12:00:00Z
archive-event-05447,learner-007,activity_submitted,2026-09-15T12:00:00Z
archive-event-05448,learner-008,material_viewed,2026-09-16T12:00:00Z
archive-event-05449,learner-009,activity_submitted,2026-09-17T12:00:00Z
archive-event-05450,learner-010,material_viewed,2026-09-18T12:00:00Z
archive-event-05451,learner-001,activity_submitted,2026-09-19T12:00:00Z
archive-event-05452,learner-002,material_viewed,2026-09-20T12:00:00Z
archive-event-05453,learner-003,activity_submitted,2026-09-21T12:00:00Z
archive-event-05454,learner-004,material_viewed,2026-09-22T12:00:00Z
archive-event-05455,learner-005,activity_submitted,2026-09-23T12:00:00Z
archive-event-05456,learner-006,material_viewed,2026-09-24T12:00:00Z
archive-event-05457,learner-007,activity_submitted,2026-09-25T12:00:00Z
archive-event-05458,learner-008,material_viewed,2026-09-26T12:00:00Z
archive-event-05459,learner-009,activity_submitted,2026-09-27T12:00:00Z
archive-event-05460,learner-010,material_viewed,2026-09-28T12:00:00Z
archive-event-05461,learner-001,activity_submitted,2026-09-01T12:00:00Z
archive-event-05462,learner-002,material_viewed,2026-09-02T12:00:00Z
archive-event-05463,learner-003,activity_submitted,2026-09-03T12:00:00Z
archive-event-05464,learner-004,material_viewed,2026-09-04T12:00:00Z
archive-event-05465,learner-005,activity_submitted,2026-09-05T12:00:00Z
archive-event-05466,learner-006,material_viewed,2026-09-06T12:00:00Z
archive-event-05467,learner-007,activity_submitted,2026-09-07T12:00:00Z
archive-event-05468,learner-008,material_viewed,2026-09-08T12:00:00Z
archive-event-05469,learner-009,activity_submitted,2026-09-09T12:00:00Z
archive-event-05470,learner-010,material_viewed,2026-09-10T12:00:00Z
archive-event-05471,learner-001,activity_submitted,2026-09-11T12:00:00Z
archive-event-05472,learner-002,material_viewed,2026-09-12T12:00:00Z
archive-event-05473,learner-003,activity_submitted,2026-09-13T12:00:00Z
archive-event-05474,learner-004,material_viewed,2026-09-14T12:00:00Z
archive-event-05475,learner-005,activity_submitted,2026-09-15T12:00:00Z
archive-event-05476,learner-006,material_viewed,2026-09-16T12:00:00Z
archive-event-05477,learner-007,activity_submitted,2026-09-17T12:00:00Z
archive-event-05478,learner-008,material_viewed,2026-09-18T12:00:00Z
archive-event-05479,learner-009,activity_submitted,2026-09-19T12:00:00Z
archive-event-05480,learner-010,material_viewed,2026-09-20T12:00:00Z
archive-event-05481,learner-001,activity_submitted,2026-09-21T12:00:00Z
archive-event-05482,learner-002,material_viewed,2026-09-22T12:00:00Z
archive-event-05483,learner-003,activity_submitted,2026-09-23T12:00:00Z
archive-event-05484,learner-004,material_viewed,2026-09-24T12:00:00Z
archive-event-05485,learner-005,activity_submitted,2026-09-25T12:00:00Z
archive-event-05486,learner-006,material_viewed,2026-09-26T12:00:00Z
archive-event-05487,learner-007,activity_submitted,2026-09-27T12:00:00Z
archive-event-05488,learner-008,material_viewed,2026-09-28T12:00:00Z
archive-event-05489,learner-009,activity_submitted,2026-09-01T12:00:00Z
archive-event-05490,learner-010,material_viewed,2026-09-02T12:00:00Z
archive-event-05491,learner-001,activity_submitted,2026-09-03T12:00:00Z
archive-event-05492,learner-002,material_viewed,2026-09-04T12:00:00Z
archive-event-05493,learner-003,activity_submitted,2026-09-05T12:00:00Z
archive-event-05494,learner-004,material_viewed,2026-09-06T12:00:00Z
archive-event-05495,learner-005,activity_submitted,2026-09-07T12:00:00Z
archive-event-05496,learner-006,material_viewed,2026-09-08T12:00:00Z
archive-event-05497,learner-007,activity_submitted,2026-09-09T12:00:00Z
archive-event-05498,learner-008,material_viewed,2026-09-10T12:00:00Z
archive-event-05499,learner-009,activity_submitted,2026-09-11T12:00:00Z
archive-event-05500,learner-010,material_viewed,2026-09-12T12:00:00Z
archive-event-05501,learner-001,activity_submitted,2026-09-13T12:00:00Z
archive-event-05502,learner-002,material_viewed,2026-09-14T12:00:00Z
archive-event-05503,learner-003,activity_submitted,2026-09-15T12:00:00Z
archive-event-05504,learner-004,material_viewed,2026-09-16T12:00:00Z
archive-event-05505,learner-005,activity_submitted,2026-09-17T12:00:00Z
archive-event-05506,learner-006,material_viewed,2026-09-18T12:00:00Z
archive-event-05507,learner-007,activity_submitted,2026-09-19T12:00:00Z
archive-event-05508,learner-008,material_viewed,2026-09-20T12:00:00Z
archive-event-05509,learner-009,activity_submitted,2026-09-21T12:00:00Z
archive-event-05510,learner-010,material_viewed,2026-09-22T12:00:00Z
archive-event-05511,learner-001,activity_submitted,2026-09-23T12:00:00Z
archive-event-05512,learner-002,material_viewed,2026-09-24T12:00:00Z
archive-event-05513,learner-003,activity_submitted,2026-09-25T12:00:00Z
archive-event-05514,learner-004,material_viewed,2026-09-26T12:00:00Z
archive-event-05515,learner-005,activity_submitted,2026-09-27T12:00:00Z
archive-event-05516,learner-006,material_viewed,2026-09-28T12:00:00Z
archive-event-05517,learner-007,activity_submitted,2026-09-01T12:00:00Z
archive-event-05518,learner-008,material_viewed,2026-09-02T12:00:00Z
archive-event-05519,learner-009,activity_submitted,2026-09-03T12:00:00Z
archive-event-05520,learner-010,material_viewed,2026-09-04T12:00:00Z
archive-event-05521,learner-001,activity_submitted,2026-09-05T12:00:00Z
archive-event-05522,learner-002,material_viewed,2026-09-06T12:00:00Z
archive-event-05523,learner-003,activity_submitted,2026-09-07T12:00:00Z
archive-event-05524,learner-004,material_viewed,2026-09-08T12:00:00Z
archive-event-05525,learner-005,activity_submitted,2026-09-09T12:00:00Z
archive-event-05526,learner-006,material_viewed,2026-09-10T12:00:00Z
archive-event-05527,learner-007,activity_submitted,2026-09-11T12:00:00Z
archive-event-05528,learner-008,material_viewed,2026-09-12T12:00:00Z
archive-event-05529,learner-009,activity_submitted,2026-09-13T12:00:00Z
archive-event-05530,learner-010,material_viewed,2026-09-14T12:00:00Z
archive-event-05531,learner-001,activity_submitted,2026-09-15T12:00:00Z
archive-event-05532,learner-002,material_viewed,2026-09-16T12:00:00Z
archive-event-05533,learner-003,activity_submitted,2026-09-17T12:00:00Z
archive-event-05534,learner-004,material_viewed,2026-09-18T12:00:00Z
archive-event-05535,learner-005,activity_submitted,2026-09-19T12:00:00Z
archive-event-05536,learner-006,material_viewed,2026-09-20T12:00:00Z
archive-event-05537,learner-007,activity_submitted,2026-09-21T12:00:00Z
archive-event-05538,learner-008,material_viewed,2026-09-22T12:00:00Z
archive-event-05539,learner-009,activity_submitted,2026-09-23T12:00:00Z
archive-event-05540,learner-010,material_viewed,2026-09-24T12:00:00Z
archive-event-05541,learner-001,activity_submitted,2026-09-25T12:00:00Z
archive-event-05542,learner-002,material_viewed,2026-09-26T12:00:00Z
archive-event-05543,learner-003,activity_submitted,2026-09-27T12:00:00Z
archive-event-05544,learner-004,material_viewed,2026-09-28T12:00:00Z
archive-event-05545,learner-005,activity_submitted,2026-09-01T12:00:00Z
archive-event-05546,learner-006,material_viewed,2026-09-02T12:00:00Z
archive-event-05547,learner-007,activity_submitted,2026-09-03T12:00:00Z
archive-event-05548,learner-008,material_viewed,2026-09-04T12:00:00Z
archive-event-05549,learner-009,activity_submitted,2026-09-05T12:00:00Z
archive-event-05550,learner-010,material_viewed,2026-09-06T12:00:00Z
archive-event-05551,learner-001,activity_submitted,2026-09-07T12:00:00Z
archive-event-05552,learner-002,material_viewed,2026-09-08T12:00:00Z
archive-event-05553,learner-003,activity_submitted,2026-09-09T12:00:00Z
archive-event-05554,learner-004,material_viewed,2026-09-10T12:00:00Z
archive-event-05555,learner-005,activity_submitted,2026-09-11T12:00:00Z
archive-event-05556,learner-006,material_viewed,2026-09-12T12:00:00Z
archive-event-05557,learner-007,activity_submitted,2026-09-13T12:00:00Z
archive-event-05558,learner-008,material_viewed,2026-09-14T12:00:00Z
archive-event-05559,learner-009,activity_submitted,2026-09-15T12:00:00Z
archive-event-05560,learner-010,material_viewed,2026-09-16T12:00:00Z
archive-event-05561,learner-001,activity_submitted,2026-09-17T12:00:00Z
archive-event-05562,learner-002,material_viewed,2026-09-18T12:00:00Z
archive-event-05563,learner-003,activity_submitted,2026-09-19T12:00:00Z
archive-event-05564,learner-004,material_viewed,2026-09-20T12:00:00Z
archive-event-05565,learner-005,activity_submitted,2026-09-21T12:00:00Z
archive-event-05566,learner-006,material_viewed,2026-09-22T12:00:00Z
archive-event-05567,learner-007,activity_submitted,2026-09-23T12:00:00Z
archive-event-05568,learner-008,material_viewed,2026-09-24T12:00:00Z
archive-event-05569,learner-009,activity_submitted,2026-09-25T12:00:00Z
archive-event-05570,learner-010,material_viewed,2026-09-26T12:00:00Z
archive-event-05571,learner-001,activity_submitted,2026-09-27T12:00:00Z
archive-event-05572,learner-002,material_viewed,2026-09-28T12:00:00Z
archive-event-05573,learner-003,activity_submitted,2026-09-01T12:00:00Z
archive-event-05574,learner-004,material_viewed,2026-09-02T12:00:00Z
archive-event-05575,learner-005,activity_submitted,2026-09-03T12:00:00Z
archive-event-05576,learner-006,material_viewed,2026-09-04T12:00:00Z
archive-event-05577,learner-007,activity_submitted,2026-09-05T12:00:00Z
archive-event-05578,learner-008,material_viewed,2026-09-06T12:00:00Z
archive-event-05579,learner-009,activity_submitted,2026-09-07T12:00:00Z
archive-event-05580,learner-010,material_viewed,2026-09-08T12:00:00Z
archive-event-05581,learner-001,activity_submitted,2026-09-09T12:00:00Z
archive-event-05582,learner-002,material_viewed,2026-09-10T12:00:00Z
archive-event-05583,learner-003,activity_submitted,2026-09-11T12:00:00Z
archive-event-05584,learner-004,material_viewed,2026-09-12T12:00:00Z
archive-event-05585,learner-005,activity_submitted,2026-09-13T12:00:00Z
archive-event-05586,learner-006,material_viewed,2026-09-14T12:00:00Z
archive-event-05587,learner-007,activity_submitted,2026-09-15T12:00:00Z
archive-event-05588,learner-008,material_viewed,2026-09-16T12:00:00Z
archive-event-05589,learner-009,activity_submitted,2026-09-17T12:00:00Z
archive-event-05590,learner-010,material_viewed,2026-09-18T12:00:00Z
archive-event-05591,learner-001,activity_submitted,2026-09-19T12:00:00Z
archive-event-05592,learner-002,material_viewed,2026-09-20T12:00:00Z
archive-event-05593,learner-003,activity_submitted,2026-09-21T12:00:00Z
archive-event-05594,learner-004,material_viewed,2026-09-22T12:00:00Z
archive-event-05595,learner-005,activity_submitted,2026-09-23T12:00:00Z
archive-event-05596,learner-006,material_viewed,2026-09-24T12:00:00Z
archive-event-05597,learner-007,activity_submitted,2026-09-25T12:00:00Z
archive-event-05598,learner-008,material_viewed,2026-09-26T12:00:00Z
archive-event-05599,learner-009,activity_submitted,2026-09-27T12:00:00Z
archive-event-05600,learner-010,material_viewed,2026-09-28T12:00:00Z
archive-event-05601,learner-001,activity_submitted,2026-09-01T12:00:00Z
archive-event-05602,learner-002,material_viewed,2026-09-02T12:00:00Z
archive-event-05603,learner-003,activity_submitted,2026-09-03T12:00:00Z
archive-event-05604,learner-004,material_viewed,2026-09-04T12:00:00Z
archive-event-05605,learner-005,activity_submitted,2026-09-05T12:00:00Z
archive-event-05606,learner-006,material_viewed,2026-09-06T12:00:00Z
archive-event-05607,learner-007,activity_submitted,2026-09-07T12:00:00Z
archive-event-05608,learner-008,material_viewed,2026-09-08T12:00:00Z
archive-event-05609,learner-009,activity_submitted,2026-09-09T12:00:00Z
archive-event-05610,learner-010,material_viewed,2026-09-10T12:00:00Z
archive-event-05611,learner-001,activity_submitted,2026-09-11T12:00:00Z
archive-event-05612,learner-002,material_viewed,2026-09-12T12:00:00Z
archive-event-05613,learner-003,activity_submitted,2026-09-13T12:00:00Z
archive-event-05614,learner-004,material_viewed,2026-09-14T12:00:00Z
archive-event-05615,learner-005,activity_submitted,2026-09-15T12:00:00Z
archive-event-05616,learner-006,material_viewed,2026-09-16T12:00:00Z
archive-event-05617,learner-007,activity_submitted,2026-09-17T12:00:00Z
archive-event-05618,learner-008,material_viewed,2026-09-18T12:00:00Z
archive-event-05619,learner-009,activity_submitted,2026-09-19T12:00:00Z
archive-event-05620,learner-010,material_viewed,2026-09-20T12:00:00Z
archive-event-05621,learner-001,activity_submitted,2026-09-21T12:00:00Z
archive-event-05622,learner-002,material_viewed,2026-09-22T12:00:00Z
archive-event-05623,learner-003,activity_submitted,2026-09-23T12:00:00Z
archive-event-05624,learner-004,material_viewed,2026-09-24T12:00:00Z
archive-event-05625,learner-005,activity_submitted,2026-09-25T12:00:00Z
archive-event-05626,learner-006,material_viewed,2026-09-26T12:00:00Z
archive-event-05627,learner-007,activity_submitted,2026-09-27T12:00:00Z
archive-event-05628,learner-008,material_viewed,2026-09-28T12:00:00Z
archive-event-05629,learner-009,activity_submitted,2026-09-01T12:00:00Z
archive-event-05630,learner-010,material_viewed,2026-09-02T12:00:00Z
archive-event-05631,learner-001,activity_submitted,2026-09-03T12:00:00Z
archive-event-05632,learner-002,material_viewed,2026-09-04T12:00:00Z
archive-event-05633,learner-003,activity_submitted,2026-09-05T12:00:00Z
archive-event-05634,learner-004,material_viewed,2026-09-06T12:00:00Z
archive-event-05635,learner-005,activity_submitted,2026-09-07T12:00:00Z
archive-event-05636,learner-006,material_viewed,2026-09-08T12:00:00Z
archive-event-05637,learner-007,activity_submitted,2026-09-09T12:00:00Z
archive-event-05638,learner-008,material_viewed,2026-09-10T12:00:00Z
archive-event-05639,learner-009,activity_submitted,2026-09-11T12:00:00Z
archive-event-05640,learner-010,material_viewed,2026-09-12T12:00:00Z
archive-event-05641,learner-001,activity_submitted,2026-09-13T12:00:00Z
archive-event-05642,learner-002,material_viewed,2026-09-14T12:00:00Z
archive-event-05643,learner-003,activity_submitted,2026-09-15T12:00:00Z
archive-event-05644,learner-004,material_viewed,2026-09-16T12:00:00Z
archive-event-05645,learner-005,activity_submitted,2026-09-17T12:00:00Z
archive-event-05646,learner-006,material_viewed,2026-09-18T12:00:00Z
archive-event-05647,learner-007,activity_submitted,2026-09-19T12:00:00Z
archive-event-05648,learner-008,material_viewed,2026-09-20T12:00:00Z
archive-event-05649,learner-009,activity_submitted,2026-09-21T12:00:00Z
archive-event-05650,learner-010,material_viewed,2026-09-22T12:00:00Z
archive-event-05651,learner-001,activity_submitted,2026-09-23T12:00:00Z
archive-event-05652,learner-002,material_viewed,2026-09-24T12:00:00Z
archive-event-05653,learner-003,activity_submitted,2026-09-25T12:00:00Z
archive-event-05654,learner-004,material_viewed,2026-09-26T12:00:00Z
archive-event-05655,learner-005,activity_submitted,2026-09-27T12:00:00Z
archive-event-05656,learner-006,material_viewed,2026-09-28T12:00:00Z
archive-event-05657,learner-007,activity_submitted,2026-09-01T12:00:00Z
archive-event-05658,learner-008,material_viewed,2026-09-02T12:00:00Z
archive-event-05659,learner-009,activity_submitted,2026-09-03T12:00:00Z
archive-event-05660,learner-010,material_viewed,2026-09-04T12:00:00Z
archive-event-05661,learner-001,activity_submitted,2026-09-05T12:00:00Z
archive-event-05662,learner-002,material_viewed,2026-09-06T12:00:00Z
archive-event-05663,learner-003,activity_submitted,2026-09-07T12:00:00Z
archive-event-05664,learner-004,material_viewed,2026-09-08T12:00:00Z
archive-event-05665,learner-005,activity_submitted,2026-09-09T12:00:00Z
archive-event-05666,learner-006,material_viewed,2026-09-10T12:00:00Z
archive-event-05667,learner-007,activity_submitted,2026-09-11T12:00:00Z
archive-event-05668,learner-008,material_viewed,2026-09-12T12:00:00Z
archive-event-05669,learner-009,activity_submitted,2026-09-13T12:00:00Z
archive-event-05670,learner-010,material_viewed,2026-09-14T12:00:00Z
archive-event-05671,learner-001,activity_submitted,2026-09-15T12:00:00Z
archive-event-05672,learner-002,material_viewed,2026-09-16T12:00:00Z
archive-event-05673,learner-003,activity_submitted,2026-09-17T12:00:00Z
archive-event-05674,learner-004,material_viewed,2026-09-18T12:00:00Z
archive-event-05675,learner-005,activity_submitted,2026-09-19T12:00:00Z
archive-event-05676,learner-006,material_viewed,2026-09-20T12:00:00Z
archive-event-05677,learner-007,activity_submitted,2026-09-21T12:00:00Z
archive-event-05678,learner-008,material_viewed,2026-09-22T12:00:00Z
archive-event-05679,learner-009,activity_submitted,2026-09-23T12:00:00Z
archive-event-05680,learner-010,material_viewed,2026-09-24T12:00:00Z
archive-event-05681,learner-001,activity_submitted,2026-09-25T12:00:00Z
archive-event-05682,learner-002,material_viewed,2026-09-26T12:00:00Z
archive-event-05683,learner-003,activity_submitted,2026-09-27T12:00:00Z
archive-event-05684,learner-004,material_viewed,2026-09-28T12:00:00Z
archive-event-05685,learner-005,activity_submitted,2026-09-01T12:00:00Z
archive-event-05686,learner-006,material_viewed,2026-09-02T12:00:00Z
archive-event-05687,learner-007,activity_submitted,2026-09-03T12:00:00Z
archive-event-05688,learner-008,material_viewed,2026-09-04T12:00:00Z
archive-event-05689,learner-009,activity_submitted,2026-09-05T12:00:00Z
archive-event-05690,learner-010,material_viewed,2026-09-06T12:00:00Z
archive-event-05691,learner-001,activity_submitted,2026-09-07T12:00:00Z
archive-event-05692,learner-002,material_viewed,2026-09-08T12:00:00Z
archive-event-05693,learner-003,activity_submitted,2026-09-09T12:00:00Z
archive-event-05694,learner-004,material_viewed,2026-09-10T12:00:00Z
archive-event-05695,learner-005,activity_submitted,2026-09-11T12:00:00Z
archive-event-05696,learner-006,material_viewed,2026-09-12T12:00:00Z
archive-event-05697,learner-007,activity_submitted,2026-09-13T12:00:00Z
archive-event-05698,learner-008,material_viewed,2026-09-14T12:00:00Z
archive-event-05699,learner-009,activity_submitted,2026-09-15T12:00:00Z
archive-event-05700,learner-010,material_viewed,2026-09-16T12:00:00Z
archive-event-05701,learner-001,activity_submitted,2026-09-17T12:00:00Z
archive-event-05702,learner-002,material_viewed,2026-09-18T12:00:00Z
archive-event-05703,learner-003,activity_submitted,2026-09-19T12:00:00Z
archive-event-05704,learner-004,material_viewed,2026-09-20T12:00:00Z
archive-event-05705,learner-005,activity_submitted,2026-09-21T12:00:00Z
archive-event-05706,learner-006,material_viewed,2026-09-22T12:00:00Z
archive-event-05707,learner-007,activity_submitted,2026-09-23T12:00:00Z
archive-event-05708,learner-008,material_viewed,2026-09-24T12:00:00Z
archive-event-05709,learner-009,activity_submitted,2026-09-25T12:00:00Z
archive-event-05710,learner-010,material_viewed,2026-09-26T12:00:00Z
archive-event-05711,learner-001,activity_submitted,2026-09-27T12:00:00Z
archive-event-05712,learner-002,material_viewed,2026-09-28T12:00:00Z
archive-event-05713,learner-003,activity_submitted,2026-09-01T12:00:00Z
archive-event-05714,learner-004,material_viewed,2026-09-02T12:00:00Z
archive-event-05715,learner-005,activity_submitted,2026-09-03T12:00:00Z
archive-event-05716,learner-006,material_viewed,2026-09-04T12:00:00Z
archive-event-05717,learner-007,activity_submitted,2026-09-05T12:00:00Z
archive-event-05718,learner-008,material_viewed,2026-09-06T12:00:00Z
archive-event-05719,learner-009,activity_submitted,2026-09-07T12:00:00Z
archive-event-05720,learner-010,material_viewed,2026-09-08T12:00:00Z
archive-event-05721,learner-001,activity_submitted,2026-09-09T12:00:00Z
archive-event-05722,learner-002,material_viewed,2026-09-10T12:00:00Z
archive-event-05723,learner-003,activity_submitted,2026-09-11T12:00:00Z
archive-event-05724,learner-004,material_viewed,2026-09-12T12:00:00Z
archive-event-05725,learner-005,activity_submitted,2026-09-13T12:00:00Z
archive-event-05726,learner-006,material_viewed,2026-09-14T12:00:00Z
archive-event-05727,learner-007,activity_submitted,2026-09-15T12:00:00Z
archive-event-05728,learner-008,material_viewed,2026-09-16T12:00:00Z
archive-event-05729,learner-009,activity_submitted,2026-09-17T12:00:00Z
archive-event-05730,learner-010,material_viewed,2026-09-18T12:00:00Z
archive-event-05731,learner-001,activity_submitted,2026-09-19T12:00:00Z
archive-event-05732,learner-002,material_viewed,2026-09-20T12:00:00Z
archive-event-05733,learner-003,activity_submitted,2026-09-21T12:00:00Z
archive-event-05734,learner-004,material_viewed,2026-09-22T12:00:00Z
archive-event-05735,learner-005,activity_submitted,2026-09-23T12:00:00Z
archive-event-05736,learner-006,material_viewed,2026-09-24T12:00:00Z
archive-event-05737,learner-007,activity_submitted,2026-09-25T12:00:00Z
archive-event-05738,learner-008,material_viewed,2026-09-26T12:00:00Z
archive-event-05739,learner-009,activity_submitted,2026-09-27T12:00:00Z
archive-event-05740,learner-010,material_viewed,2026-09-28T12:00:00Z
archive-event-05741,learner-001,activity_submitted,2026-09-01T12:00:00Z
archive-event-05742,learner-002,material_viewed,2026-09-02T12:00:00Z
archive-event-05743,learner-003,activity_submitted,2026-09-03T12:00:00Z
archive-event-05744,learner-004,material_viewed,2026-09-04T12:00:00Z
archive-event-05745,learner-005,activity_submitted,2026-09-05T12:00:00Z
archive-event-05746,learner-006,material_viewed,2026-09-06T12:00:00Z
archive-event-05747,learner-007,activity_submitted,2026-09-07T12:00:00Z
archive-event-05748,learner-008,material_viewed,2026-09-08T12:00:00Z
archive-event-05749,learner-009,activity_submitted,2026-09-09T12:00:00Z
archive-event-05750,learner-010,material_viewed,2026-09-10T12:00:00Z
archive-event-05751,learner-001,activity_submitted,2026-09-11T12:00:00Z
archive-event-05752,learner-002,material_viewed,2026-09-12T12:00:00Z
archive-event-05753,learner-003,activity_submitted,2026-09-13T12:00:00Z
archive-event-05754,learner-004,material_viewed,2026-09-14T12:00:00Z
archive-event-05755,learner-005,activity_submitted,2026-09-15T12:00:00Z
archive-event-05756,learner-006,material_viewed,2026-09-16T12:00:00Z
archive-event-05757,learner-007,activity_submitted,2026-09-17T12:00:00Z
archive-event-05758,learner-008,material_viewed,2026-09-18T12:00:00Z
archive-event-05759,learner-009,activity_submitted,2026-09-19T12:00:00Z
archive-event-05760,learner-010,material_viewed,2026-09-20T12:00:00Z
archive-event-05761,learner-001,activity_submitted,2026-09-21T12:00:00Z
archive-event-05762,learner-002,material_viewed,2026-09-22T12:00:00Z
archive-event-05763,learner-003,activity_submitted,2026-09-23T12:00:00Z
archive-event-05764,learner-004,material_viewed,2026-09-24T12:00:00Z
archive-event-05765,learner-005,activity_submitted,2026-09-25T12:00:00Z
archive-event-05766,learner-006,material_viewed,2026-09-26T12:00:00Z
archive-event-05767,learner-007,activity_submitted,2026-09-27T12:00:00Z
archive-event-05768,learner-008,material_viewed,2026-09-28T12:00:00Z
archive-event-05769,learner-009,activity_submitted,2026-09-01T12:00:00Z
archive-event-05770,learner-010,material_viewed,2026-09-02T12:00:00Z
archive-event-05771,learner-001,activity_submitted,2026-09-03T12:00:00Z
archive-event-05772,learner-002,material_viewed,2026-09-04T12:00:00Z
archive-event-05773,learner-003,activity_submitted,2026-09-05T12:00:00Z
archive-event-05774,learner-004,material_viewed,2026-09-06T12:00:00Z
archive-event-05775,learner-005,activity_submitted,2026-09-07T12:00:00Z
archive-event-05776,learner-006,material_viewed,2026-09-08T12:00:00Z
archive-event-05777,learner-007,activity_submitted,2026-09-09T12:00:00Z
archive-event-05778,learner-008,material_viewed,2026-09-10T12:00:00Z
archive-event-05779,learner-009,activity_submitted,2026-09-11T12:00:00Z
archive-event-05780,learner-010,material_viewed,2026-09-12T12:00:00Z
archive-event-05781,learner-001,activity_submitted,2026-09-13T12:00:00Z
archive-event-05782,learner-002,material_viewed,2026-09-14T12:00:00Z
archive-event-05783,learner-003,activity_submitted,2026-09-15T12:00:00Z
archive-event-05784,learner-004,material_viewed,2026-09-16T12:00:00Z
archive-event-05785,learner-005,activity_submitted,2026-09-17T12:00:00Z
archive-event-05786,learner-006,material_viewed,2026-09-18T12:00:00Z
archive-event-05787,learner-007,activity_submitted,2026-09-19T12:00:00Z
archive-event-05788,learner-008,material_viewed,2026-09-20T12:00:00Z
archive-event-05789,learner-009,activity_submitted,2026-09-21T12:00:00Z
archive-event-05790,learner-010,material_viewed,2026-09-22T12:00:00Z
archive-event-05791,learner-001,activity_submitted,2026-09-23T12:00:00Z
archive-event-05792,learner-002,material_viewed,2026-09-24T12:00:00Z
archive-event-05793,learner-003,activity_submitted,2026-09-25T12:00:00Z
archive-event-05794,learner-004,material_viewed,2026-09-26T12:00:00Z
archive-event-05795,learner-005,activity_submitted,2026-09-27T12:00:00Z
archive-event-05796,learner-006,material_viewed,2026-09-28T12:00:00Z
archive-event-05797,learner-007,activity_submitted,2026-09-01T12:00:00Z
archive-event-05798,learner-008,material_viewed,2026-09-02T12:00:00Z
archive-event-05799,learner-009,activity_submitted,2026-09-03T12:00:00Z
archive-event-05800,learner-010,material_viewed,2026-09-04T12:00:00Z
archive-event-05801,learner-001,activity_submitted,2026-09-05T12:00:00Z
archive-event-05802,learner-002,material_viewed,2026-09-06T12:00:00Z
archive-event-05803,learner-003,activity_submitted,2026-09-07T12:00:00Z
archive-event-05804,learner-004,material_viewed,2026-09-08T12:00:00Z
archive-event-05805,learner-005,activity_submitted,2026-09-09T12:00:00Z
archive-event-05806,learner-006,material_viewed,2026-09-10T12:00:00Z
archive-event-05807,learner-007,activity_submitted,2026-09-11T12:00:00Z
archive-event-05808,learner-008,material_viewed,2026-09-12T12:00:00Z
archive-event-05809,learner-009,activity_submitted,2026-09-13T12:00:00Z
archive-event-05810,learner-010,material_viewed,2026-09-14T12:00:00Z
archive-event-05811,learner-001,activity_submitted,2026-09-15T12:00:00Z
archive-event-05812,learner-002,material_viewed,2026-09-16T12:00:00Z
archive-event-05813,learner-003,activity_submitted,2026-09-17T12:00:00Z
archive-event-05814,learner-004,material_viewed,2026-09-18T12:00:00Z
archive-event-05815,learner-005,activity_submitted,2026-09-19T12:00:00Z
archive-event-05816,learner-006,material_viewed,2026-09-20T12:00:00Z
archive-event-05817,learner-007,activity_submitted,2026-09-21T12:00:00Z
archive-event-05818,learner-008,material_viewed,2026-09-22T12:00:00Z
archive-event-05819,learner-009,activity_submitted,2026-09-23T12:00:00Z
archive-event-05820,learner-010,material_viewed,2026-09-24T12:00:00Z
archive-event-05821,learner-001,activity_submitted,2026-09-25T12:00:00Z
archive-event-05822,learner-002,material_viewed,2026-09-26T12:00:00Z
archive-event-05823,learner-003,activity_submitted,2026-09-27T12:00:00Z
archive-event-05824,learner-004,material_viewed,2026-09-28T12:00:00Z
archive-event-05825,learner-005,activity_submitted,2026-09-01T12:00:00Z
archive-event-05826,learner-006,material_viewed,2026-09-02T12:00:00Z
archive-event-05827,learner-007,activity_submitted,2026-09-03T12:00:00Z
archive-event-05828,learner-008,material_viewed,2026-09-04T12:00:00Z
archive-event-05829,learner-009,activity_submitted,2026-09-05T12:00:00Z
archive-event-05830,learner-010,material_viewed,2026-09-06T12:00:00Z
archive-event-05831,learner-001,activity_submitted,2026-09-07T12:00:00Z
archive-event-05832,learner-002,material_viewed,2026-09-08T12:00:00Z
archive-event-05833,learner-003,activity_submitted,2026-09-09T12:00:00Z
archive-event-05834,learner-004,material_viewed,2026-09-10T12:00:00Z
archive-event-05835,learner-005,activity_submitted,2026-09-11T12:00:00Z
archive-event-05836,learner-006,material_viewed,2026-09-12T12:00:00Z
archive-event-05837,learner-007,activity_submitted,2026-09-13T12:00:00Z
archive-event-05838,learner-008,material_viewed,2026-09-14T12:00:00Z
archive-event-05839,learner-009,activity_submitted,2026-09-15T12:00:00Z
archive-event-05840,learner-010,material_viewed,2026-09-16T12:00:00Z
archive-event-05841,learner-001,activity_submitted,2026-09-17T12:00:00Z
archive-event-05842,learner-002,material_viewed,2026-09-18T12:00:00Z
archive-event-05843,learner-003,activity_submitted,2026-09-19T12:00:00Z
archive-event-05844,learner-004,material_viewed,2026-09-20T12:00:00Z
archive-event-05845,learner-005,activity_submitted,2026-09-21T12:00:00Z
archive-event-05846,learner-006,material_viewed,2026-09-22T12:00:00Z
archive-event-05847,learner-007,activity_submitted,2026-09-23T12:00:00Z
archive-event-05848,learner-008,material_viewed,2026-09-24T12:00:00Z
archive-event-05849,learner-009,activity_submitted,2026-09-25T12:00:00Z
archive-event-05850,learner-010,material_viewed,2026-09-26T12:00:00Z
archive-event-05851,learner-001,activity_submitted,2026-09-27T12:00:00Z
archive-event-05852,learner-002,material_viewed,2026-09-28T12:00:00Z
archive-event-05853,learner-003,activity_submitted,2026-09-01T12:00:00Z
archive-event-05854,learner-004,material_viewed,2026-09-02T12:00:00Z
archive-event-05855,learner-005,activity_submitted,2026-09-03T12:00:00Z
archive-event-05856,learner-006,material_viewed,2026-09-04T12:00:00Z
archive-event-05857,learner-007,activity_submitted,2026-09-05T12:00:00Z
archive-event-05858,learner-008,material_viewed,2026-09-06T12:00:00Z
archive-event-05859,learner-009,activity_submitted,2026-09-07T12:00:00Z
archive-event-05860,learner-010,material_viewed,2026-09-08T12:00:00Z
archive-event-05861,learner-001,activity_submitted,2026-09-09T12:00:00Z
archive-event-05862,learner-002,material_viewed,2026-09-10T12:00:00Z
archive-event-05863,learner-003,activity_submitted,2026-09-11T12:00:00Z
archive-event-05864,learner-004,material_viewed,2026-09-12T12:00:00Z
archive-event-05865,learner-005,activity_submitted,2026-09-13T12:00:00Z
archive-event-05866,learner-006,material_viewed,2026-09-14T12:00:00Z
archive-event-05867,learner-007,activity_submitted,2026-09-15T12:00:00Z
archive-event-05868,learner-008,material_viewed,2026-09-16T12:00:00Z
archive-event-05869,learner-009,activity_submitted,2026-09-17T12:00:00Z
archive-event-05870,learner-010,material_viewed,2026-09-18T12:00:00Z
archive-event-05871,learner-001,activity_submitted,2026-09-19T12:00:00Z
archive-event-05872,learner-002,material_viewed,2026-09-20T12:00:00Z
archive-event-05873,learner-003,activity_submitted,2026-09-21T12:00:00Z
archive-event-05874,learner-004,material_viewed,2026-09-22T12:00:00Z
archive-event-05875,learner-005,activity_submitted,2026-09-23T12:00:00Z
archive-event-05876,learner-006,material_viewed,2026-09-24T12:00:00Z
archive-event-05877,learner-007,activity_submitted,2026-09-25T12:00:00Z
archive-event-05878,learner-008,material_viewed,2026-09-26T12:00:00Z
archive-event-05879,learner-009,activity_submitted,2026-09-27T12:00:00Z
archive-event-05880,learner-010,material_viewed,2026-09-28T12:00:00Z
archive-event-05881,learner-001,activity_submitted,2026-09-01T12:00:00Z
archive-event-05882,learner-002,material_viewed,2026-09-02T12:00:00Z
archive-event-05883,learner-003,activity_submitted,2026-09-03T12:00:00Z
archive-event-05884,learner-004,material_viewed,2026-09-04T12:00:00Z
archive-event-05885,learner-005,activity_submitted,2026-09-05T12:00:00Z
archive-event-05886,learner-006,material_viewed,2026-09-06T12:00:00Z
archive-event-05887,learner-007,activity_submitted,2026-09-07T12:00:00Z
archive-event-05888,learner-008,material_viewed,2026-09-08T12:00:00Z
archive-event-05889,learner-009,activity_submitted,2026-09-09T12:00:00Z
archive-event-05890,learner-010,material_viewed,2026-09-10T12:00:00Z
archive-event-05891,learner-001,activity_submitted,2026-09-11T12:00:00Z
archive-event-05892,learner-002,material_viewed,2026-09-12T12:00:00Z
archive-event-05893,learner-003,activity_submitted,2026-09-13T12:00:00Z
archive-event-05894,learner-004,material_viewed,2026-09-14T12:00:00Z
archive-event-05895,learner-005,activity_submitted,2026-09-15T12:00:00Z
archive-event-05896,learner-006,material_viewed,2026-09-16T12:00:00Z
archive-event-05897,learner-007,activity_submitted,2026-09-17T12:00:00Z
archive-event-05898,learner-008,material_viewed,2026-09-18T12:00:00Z
archive-event-05899,learner-009,activity_submitted,2026-09-19T12:00:00Z
archive-event-05900,learner-010,material_viewed,2026-09-20T12:00:00Z
archive-event-05901,learner-001,activity_submitted,2026-09-21T12:00:00Z
archive-event-05902,learner-002,material_viewed,2026-09-22T12:00:00Z
archive-event-05903,learner-003,activity_submitted,2026-09-23T12:00:00Z
archive-event-05904,learner-004,material_viewed,2026-09-24T12:00:00Z
archive-event-05905,learner-005,activity_submitted,2026-09-25T12:00:00Z
archive-event-05906,learner-006,material_viewed,2026-09-26T12:00:00Z
archive-event-05907,learner-007,activity_submitted,2026-09-27T12:00:00Z
archive-event-05908,learner-008,material_viewed,2026-09-28T12:00:00Z
archive-event-05909,learner-009,activity_submitted,2026-09-01T12:00:00Z
archive-event-05910,learner-010,material_viewed,2026-09-02T12:00:00Z
archive-event-05911,learner-001,activity_submitted,2026-09-03T12:00:00Z
archive-event-05912,learner-002,material_viewed,2026-09-04T12:00:00Z
archive-event-05913,learner-003,activity_submitted,2026-09-05T12:00:00Z
archive-event-05914,learner-004,material_viewed,2026-09-06T12:00:00Z
archive-event-05915,learner-005,activity_submitted,2026-09-07T12:00:00Z
archive-event-05916,learner-006,material_viewed,2026-09-08T12:00:00Z
archive-event-05917,learner-007,activity_submitted,2026-09-09T12:00:00Z
archive-event-05918,learner-008,material_viewed,2026-09-10T12:00:00Z
archive-event-05919,learner-009,activity_submitted,2026-09-11T12:00:00Z
archive-event-05920,learner-010,material_viewed,2026-09-12T12:00:00Z
archive-event-05921,learner-001,activity_submitted,2026-09-13T12:00:00Z
archive-event-05922,learner-002,material_viewed,2026-09-14T12:00:00Z
archive-event-05923,learner-003,activity_submitted,2026-09-15T12:00:00Z
archive-event-05924,learner-004,material_viewed,2026-09-16T12:00:00Z
archive-event-05925,learner-005,activity_submitted,2026-09-17T12:00:00Z
archive-event-05926,learner-006,material_viewed,2026-09-18T12:00:00Z
archive-event-05927,learner-007,activity_submitted,2026-09-19T12:00:00Z
archive-event-05928,learner-008,material_viewed,2026-09-20T12:00:00Z
archive-event-05929,learner-009,activity_submitted,2026-09-21T12:00:00Z
archive-event-05930,learner-010,material_viewed,2026-09-22T12:00:00Z
archive-event-05931,learner-001,activity_submitted,2026-09-23T12:00:00Z
archive-event-05932,learner-002,material_viewed,2026-09-24T12:00:00Z
archive-event-05933,learner-003,activity_submitted,2026-09-25T12:00:00Z
archive-event-05934,learner-004,material_viewed,2026-09-26T12:00:00Z
archive-event-05935,learner-005,activity_submitted,2026-09-27T12:00:00Z
archive-event-05936,learner-006,material_viewed,2026-09-28T12:00:00Z
archive-event-05937,learner-007,activity_submitted,2026-09-01T12:00:00Z
archive-event-05938,learner-008,material_viewed,2026-09-02T12:00:00Z
archive-event-05939,learner-009,activity_submitted,2026-09-03T12:00:00Z
archive-event-05940,learner-010,material_viewed,2026-09-04T12:00:00Z
archive-event-05941,learner-001,activity_submitted,2026-09-05T12:00:00Z
archive-event-05942,learner-002,material_viewed,2026-09-06T12:00:00Z
archive-event-05943,learner-003,activity_submitted,2026-09-07T12:00:00Z
archive-event-05944,learner-004,material_viewed,2026-09-08T12:00:00Z
archive-event-05945,learner-005,activity_submitted,2026-09-09T12:00:00Z
archive-event-05946,learner-006,material_viewed,2026-09-10T12:00:00Z
archive-event-05947,learner-007,activity_submitted,2026-09-11T12:00:00Z
archive-event-05948,learner-008,material_viewed,2026-09-12T12:00:00Z
archive-event-05949,learner-009,activity_submitted,2026-09-13T12:00:00Z
archive-event-05950,learner-010,material_viewed,2026-09-14T12:00:00Z
archive-event-05951,learner-001,activity_submitted,2026-09-15T12:00:00Z
archive-event-05952,learner-002,material_viewed,2026-09-16T12:00:00Z
archive-event-05953,learner-003,activity_submitted,2026-09-17T12:00:00Z
archive-event-05954,learner-004,material_viewed,2026-09-18T12:00:00Z
archive-event-05955,learner-005,activity_submitted,2026-09-19T12:00:00Z
archive-event-05956,learner-006,material_viewed,2026-09-20T12:00:00Z
archive-event-05957,learner-007,activity_submitted,2026-09-21T12:00:00Z
archive-event-05958,learner-008,material_viewed,2026-09-22T12:00:00Z
archive-event-05959,learner-009,activity_submitted,2026-09-23T12:00:00Z
archive-event-05960,learner-010,material_viewed,2026-09-24T12:00:00Z
archive-event-05961,learner-001,activity_submitted,2026-09-25T12:00:00Z
archive-event-05962,learner-002,material_viewed,2026-09-26T12:00:00Z
archive-event-05963,learner-003,activity_submitted,2026-09-27T12:00:00Z
archive-event-05964,learner-004,material_viewed,2026-09-28T12:00:00Z
archive-event-05965,learner-005,activity_submitted,2026-09-01T12:00:00Z
archive-event-05966,learner-006,material_viewed,2026-09-02T12:00:00Z
archive-event-05967,learner-007,activity_submitted,2026-09-03T12:00:00Z
archive-event-05968,learner-008,material_viewed,2026-09-04T12:00:00Z
archive-event-05969,learner-009,activity_submitted,2026-09-05T12:00:00Z
archive-event-05970,learner-010,material_viewed,2026-09-06T12:00:00Z
archive-event-05971,learner-001,activity_submitted,2026-09-07T12:00:00Z
archive-event-05972,learner-002,material_viewed,2026-09-08T12:00:00Z
archive-event-05973,learner-003,activity_submitted,2026-09-09T12:00:00Z
archive-event-05974,learner-004,material_viewed,2026-09-10T12:00:00Z
archive-event-05975,learner-005,activity_submitted,2026-09-11T12:00:00Z
archive-event-05976,learner-006,material_viewed,2026-09-12T12:00:00Z
archive-event-05977,learner-007,activity_submitted,2026-09-13T12:00:00Z
archive-event-05978,learner-008,material_viewed,2026-09-14T12:00:00Z
archive-event-05979,learner-009,activity_submitted,2026-09-15T12:00:00Z
archive-event-05980,learner-010,material_viewed,2026-09-16T12:00:00Z
archive-event-05981,learner-001,activity_submitted,2026-09-17T12:00:00Z
archive-event-05982,learner-002,material_viewed,2026-09-18T12:00:00Z
archive-event-05983,learner-003,activity_submitted,2026-09-19T12:00:00Z
archive-event-05984,learner-004,material_viewed,2026-09-20T12:00:00Z
archive-event-05985,learner-005,activity_submitted,2026-09-21T12:00:00Z
archive-event-05986,learner-006,material_viewed,2026-09-22T12:00:00Z
archive-event-05987,learner-007,activity_submitted,2026-09-23T12:00:00Z
archive-event-05988,learner-008,material_viewed,2026-09-24T12:00:00Z
archive-event-05989,learner-009,activity_submitted,2026-09-25T12:00:00Z
archive-event-05990,learner-010,material_viewed,2026-09-26T12:00:00Z
archive-event-05991,learner-001,activity_submitted,2026-09-27T12:00:00Z
archive-event-05992,learner-002,material_viewed,2026-09-28T12:00:00Z
archive-event-05993,learner-003,activity_submitted,2026-09-01T12:00:00Z
archive-event-05994,learner-004,material_viewed,2026-09-02T12:00:00Z
archive-event-05995,learner-005,activity_submitted,2026-09-03T12:00:00Z
archive-event-05996,learner-006,material_viewed,2026-09-04T12:00:00Z
archive-event-05997,learner-007,activity_submitted,2026-09-05T12:00:00Z
archive-event-05998,learner-008,material_viewed,2026-09-06T12:00:00Z
archive-event-05999,learner-009,activity_submitted,2026-09-07T12:00:00Z
archive-event-06000,learner-010,material_viewed,2026-09-08T12:00:00Z
archive-event-06001,learner-001,activity_submitted,2026-09-09T12:00:00Z
archive-event-06002,learner-002,material_viewed,2026-09-10T12:00:00Z
archive-event-06003,learner-003,activity_submitted,2026-09-11T12:00:00Z
archive-event-06004,learner-004,material_viewed,2026-09-12T12:00:00Z
archive-event-06005,learner-005,activity_submitted,2026-09-13T12:00:00Z
archive-event-06006,learner-006,material_viewed,2026-09-14T12:00:00Z
archive-event-06007,learner-007,activity_submitted,2026-09-15T12:00:00Z
archive-event-06008,learner-008,material_viewed,2026-09-16T12:00:00Z
archive-event-06009,learner-009,activity_submitted,2026-09-17T12:00:00Z
archive-event-06010,learner-010,material_viewed,2026-09-18T12:00:00Z
archive-event-06011,learner-001,activity_submitted,2026-09-19T12:00:00Z
archive-event-06012,learner-002,material_viewed,2026-09-20T12:00:00Z
archive-event-06013,learner-003,activity_submitted,2026-09-21T12:00:00Z
archive-event-06014,learner-004,material_viewed,2026-09-22T12:00:00Z
archive-event-06015,learner-005,activity_submitted,2026-09-23T12:00:00Z
archive-event-06016,learner-006,material_viewed,2026-09-24T12:00:00Z
archive-event-06017,learner-007,activity_submitted,2026-09-25T12:00:00Z
archive-event-06018,learner-008,material_viewed,2026-09-26T12:00:00Z
archive-event-06019,learner-009,activity_submitted,2026-09-27T12:00:00Z
archive-event-06020,learner-010,material_viewed,2026-09-28T12:00:00Z
archive-event-06021,learner-001,activity_submitted,2026-09-01T12:00:00Z
archive-event-06022,learner-002,material_viewed,2026-09-02T12:00:00Z
archive-event-06023,learner-003,activity_submitted,2026-09-03T12:00:00Z
archive-event-06024,learner-004,material_viewed,2026-09-04T12:00:00Z
archive-event-06025,learner-005,activity_submitted,2026-09-05T12:00:00Z
archive-event-06026,learner-006,material_viewed,2026-09-06T12:00:00Z
archive-event-06027,learner-007,activity_submitted,2026-09-07T12:00:00Z
archive-event-06028,learner-008,material_viewed,2026-09-08T12:00:00Z
archive-event-06029,learner-009,activity_submitted,2026-09-09T12:00:00Z
archive-event-06030,learner-010,material_viewed,2026-09-10T12:00:00Z
archive-event-06031,learner-001,activity_submitted,2026-09-11T12:00:00Z
archive-event-06032,learner-002,material_viewed,2026-09-12T12:00:00Z
archive-event-06033,learner-003,activity_submitted,2026-09-13T12:00:00Z
archive-event-06034,learner-004,material_viewed,2026-09-14T12:00:00Z
archive-event-06035,learner-005,activity_submitted,2026-09-15T12:00:00Z
archive-event-06036,learner-006,material_viewed,2026-09-16T12:00:00Z
archive-event-06037,learner-007,activity_submitted,2026-09-17T12:00:00Z
archive-event-06038,learner-008,material_viewed,2026-09-18T12:00:00Z
archive-event-06039,learner-009,activity_submitted,2026-09-19T12:00:00Z
archive-event-06040,learner-010,material_viewed,2026-09-20T12:00:00Z
archive-event-06041,learner-001,activity_submitted,2026-09-21T12:00:00Z
archive-event-06042,learner-002,material_viewed,2026-09-22T12:00:00Z
archive-event-06043,learner-003,activity_submitted,2026-09-23T12:00:00Z
archive-event-06044,learner-004,material_viewed,2026-09-24T12:00:00Z
archive-event-06045,learner-005,activity_submitted,2026-09-25T12:00:00Z
archive-event-06046,learner-006,material_viewed,2026-09-26T12:00:00Z
archive-event-06047,learner-007,activity_submitted,2026-09-27T12:00:00Z
archive-event-06048,learner-008,material_viewed,2026-09-28T12:00:00Z
archive-event-06049,learner-009,activity_submitted,2026-09-01T12:00:00Z
archive-event-06050,learner-010,material_viewed,2026-09-02T12:00:00Z
archive-event-06051,learner-001,activity_submitted,2026-09-03T12:00:00Z
archive-event-06052,learner-002,material_viewed,2026-09-04T12:00:00Z
archive-event-06053,learner-003,activity_submitted,2026-09-05T12:00:00Z
archive-event-06054,learner-004,material_viewed,2026-09-06T12:00:00Z
archive-event-06055,learner-005,activity_submitted,2026-09-07T12:00:00Z
archive-event-06056,learner-006,material_viewed,2026-09-08T12:00:00Z
archive-event-06057,learner-007,activity_submitted,2026-09-09T12:00:00Z
archive-event-06058,learner-008,material_viewed,2026-09-10T12:00:00Z
archive-event-06059,learner-009,activity_submitted,2026-09-11T12:00:00Z
archive-event-06060,learner-010,material_viewed,2026-09-12T12:00:00Z
archive-event-06061,learner-001,activity_submitted,2026-09-13T12:00:00Z
archive-event-06062,learner-002,material_viewed,2026-09-14T12:00:00Z
archive-event-06063,learner-003,activity_submitted,2026-09-15T12:00:00Z
archive-event-06064,learner-004,material_viewed,2026-09-16T12:00:00Z
archive-event-06065,learner-005,activity_submitted,2026-09-17T12:00:00Z
archive-event-06066,learner-006,material_viewed,2026-09-18T12:00:00Z
archive-event-06067,learner-007,activity_submitted,2026-09-19T12:00:00Z
archive-event-06068,learner-008,material_viewed,2026-09-20T12:00:00Z
archive-event-06069,learner-009,activity_submitted,2026-09-21T12:00:00Z
archive-event-06070,learner-010,material_viewed,2026-09-22T12:00:00Z
archive-event-06071,learner-001,activity_submitted,2026-09-23T12:00:00Z
archive-event-06072,learner-002,material_viewed,2026-09-24T12:00:00Z
archive-event-06073,learner-003,activity_submitted,2026-09-25T12:00:00Z
archive-event-06074,learner-004,material_viewed,2026-09-26T12:00:00Z
archive-event-06075,learner-005,activity_submitted,2026-09-27T12:00:00Z
archive-event-06076,learner-006,material_viewed,2026-09-28T12:00:00Z
archive-event-06077,learner-007,activity_submitted,2026-09-01T12:00:00Z
archive-event-06078,learner-008,material_viewed,2026-09-02T12:00:00Z
archive-event-06079,learner-009,activity_submitted,2026-09-03T12:00:00Z
archive-event-06080,learner-010,material_viewed,2026-09-04T12:00:00Z
archive-event-06081,learner-001,activity_submitted,2026-09-05T12:00:00Z
archive-event-06082,learner-002,material_viewed,2026-09-06T12:00:00Z
archive-event-06083,learner-003,activity_submitted,2026-09-07T12:00:00Z
archive-event-06084,learner-004,material_viewed,2026-09-08T12:00:00Z
archive-event-06085,learner-005,activity_submitted,2026-09-09T12:00:00Z
archive-event-06086,learner-006,material_viewed,2026-09-10T12:00:00Z
archive-event-06087,learner-007,activity_submitted,2026-09-11T12:00:00Z
archive-event-06088,learner-008,material_viewed,2026-09-12T12:00:00Z
archive-event-06089,learner-009,activity_submitted,2026-09-13T12:00:00Z
archive-event-06090,learner-010,material_viewed,2026-09-14T12:00:00Z
archive-event-06091,learner-001,activity_submitted,2026-09-15T12:00:00Z
archive-event-06092,learner-002,material_viewed,2026-09-16T12:00:00Z
archive-event-06093,learner-003,activity_submitted,2026-09-17T12:00:00Z
archive-event-06094,learner-004,material_viewed,2026-09-18T12:00:00Z
archive-event-06095,learner-005,activity_submitted,2026-09-19T12:00:00Z
archive-event-06096,learner-006,material_viewed,2026-09-20T12:00:00Z
archive-event-06097,learner-007,activity_submitted,2026-09-21T12:00:00Z
archive-event-06098,learner-008,material_viewed,2026-09-22T12:00:00Z
archive-event-06099,learner-009,activity_submitted,2026-09-23T12:00:00Z
archive-event-06100,learner-010,material_viewed,2026-09-24T12:00:00Z
archive-event-06101,learner-001,activity_submitted,2026-09-25T12:00:00Z
archive-event-06102,learner-002,material_viewed,2026-09-26T12:00:00Z
archive-event-06103,learner-003,activity_submitted,2026-09-27T12:00:00Z
archive-event-06104,learner-004,material_viewed,2026-09-28T12:00:00Z
archive-event-06105,learner-005,activity_submitted,2026-09-01T12:00:00Z
archive-event-06106,learner-006,material_viewed,2026-09-02T12:00:00Z
archive-event-06107,learner-007,activity_submitted,2026-09-03T12:00:00Z
archive-event-06108,learner-008,material_viewed,2026-09-04T12:00:00Z
archive-event-06109,learner-009,activity_submitted,2026-09-05T12:00:00Z
archive-event-06110,learner-010,material_viewed,2026-09-06T12:00:00Z
archive-event-06111,learner-001,activity_submitted,2026-09-07T12:00:00Z
archive-event-06112,learner-002,material_viewed,2026-09-08T12:00:00Z
archive-event-06113,learner-003,activity_submitted,2026-09-09T12:00:00Z
archive-event-06114,learner-004,material_viewed,2026-09-10T12:00:00Z
archive-event-06115,learner-005,activity_submitted,2026-09-11T12:00:00Z
archive-event-06116,learner-006,material_viewed,2026-09-12T12:00:00Z
archive-event-06117,learner-007,activity_submitted,2026-09-13T12:00:00Z
archive-event-06118,learner-008,material_viewed,2026-09-14T12:00:00Z
archive-event-06119,learner-009,activity_submitted,2026-09-15T12:00:00Z
archive-event-06120,learner-010,material_viewed,2026-09-16T12:00:00Z
archive-event-06121,learner-001,activity_submitted,2026-09-17T12:00:00Z
archive-event-06122,learner-002,material_viewed,2026-09-18T12:00:00Z
archive-event-06123,learner-003,activity_submitted,2026-09-19T12:00:00Z
archive-event-06124,learner-004,material_viewed,2026-09-20T12:00:00Z
archive-event-06125,learner-005,activity_submitted,2026-09-21T12:00:00Z
archive-event-06126,learner-006,material_viewed,2026-09-22T12:00:00Z
archive-event-06127,learner-007,activity_submitted,2026-09-23T12:00:00Z
archive-event-06128,learner-008,material_viewed,2026-09-24T12:00:00Z
archive-event-06129,learner-009,activity_submitted,2026-09-25T12:00:00Z
archive-event-06130,learner-010,material_viewed,2026-09-26T12:00:00Z
archive-event-06131,learner-001,activity_submitted,2026-09-27T12:00:00Z
archive-event-06132,learner-002,material_viewed,2026-09-28T12:00:00Z
archive-event-06133,learner-003,activity_submitted,2026-09-01T12:00:00Z
archive-event-06134,learner-004,material_viewed,2026-09-02T12:00:00Z
archive-event-06135,learner-005,activity_submitted,2026-09-03T12:00:00Z
archive-event-06136,learner-006,material_viewed,2026-09-04T12:00:00Z
archive-event-06137,learner-007,activity_submitted,2026-09-05T12:00:00Z
archive-event-06138,learner-008,material_viewed,2026-09-06T12:00:00Z
archive-event-06139,learner-009,activity_submitted,2026-09-07T12:00:00Z
archive-event-06140,learner-010,material_viewed,2026-09-08T12:00:00Z
archive-event-06141,learner-001,activity_submitted,2026-09-09T12:00:00Z
archive-event-06142,learner-002,material_viewed,2026-09-10T12:00:00Z
archive-event-06143,learner-003,activity_submitted,2026-09-11T12:00:00Z
archive-event-06144,learner-004,material_viewed,2026-09-12T12:00:00Z
archive-event-06145,learner-005,activity_submitted,2026-09-13T12:00:00Z
archive-event-06146,learner-006,material_viewed,2026-09-14T12:00:00Z
archive-event-06147,learner-007,activity_submitted,2026-09-15T12:00:00Z
archive-event-06148,learner-008,material_viewed,2026-09-16T12:00:00Z
archive-event-06149,learner-009,activity_submitted,2026-09-17T12:00:00Z
archive-event-06150,learner-010,material_viewed,2026-09-18T12:00:00Z
archive-event-06151,learner-001,activity_submitted,2026-09-19T12:00:00Z
archive-event-06152,learner-002,material_viewed,2026-09-20T12:00:00Z
archive-event-06153,learner-003,activity_submitted,2026-09-21T12:00:00Z
archive-event-06154,learner-004,material_viewed,2026-09-22T12:00:00Z
archive-event-06155,learner-005,activity_submitted,2026-09-23T12:00:00Z
archive-event-06156,learner-006,material_viewed,2026-09-24T12:00:00Z
archive-event-06157,learner-007,activity_submitted,2026-09-25T12:00:00Z
archive-event-06158,learner-008,material_viewed,2026-09-26T12:00:00Z
archive-event-06159,learner-009,activity_submitted,2026-09-27T12:00:00Z
archive-event-06160,learner-010,material_viewed,2026-09-28T12:00:00Z
archive-event-06161,learner-001,activity_submitted,2026-09-01T12:00:00Z
archive-event-06162,learner-002,material_viewed,2026-09-02T12:00:00Z
archive-event-06163,learner-003,activity_submitted,2026-09-03T12:00:00Z
archive-event-06164,learner-004,material_viewed,2026-09-04T12:00:00Z
archive-event-06165,learner-005,activity_submitted,2026-09-05T12:00:00Z
archive-event-06166,learner-006,material_viewed,2026-09-06T12:00:00Z
archive-event-06167,learner-007,activity_submitted,2026-09-07T12:00:00Z
archive-event-06168,learner-008,material_viewed,2026-09-08T12:00:00Z
archive-event-06169,learner-009,activity_submitted,2026-09-09T12:00:00Z
archive-event-06170,learner-010,material_viewed,2026-09-10T12:00:00Z
archive-event-06171,learner-001,activity_submitted,2026-09-11T12:00:00Z
archive-event-06172,learner-002,material_viewed,2026-09-12T12:00:00Z
archive-event-06173,learner-003,activity_submitted,2026-09-13T12:00:00Z
archive-event-06174,learner-004,material_viewed,2026-09-14T12:00:00Z
archive-event-06175,learner-005,activity_submitted,2026-09-15T12:00:00Z
archive-event-06176,learner-006,material_viewed,2026-09-16T12:00:00Z
archive-event-06177,learner-007,activity_submitted,2026-09-17T12:00:00Z
archive-event-06178,learner-008,material_viewed,2026-09-18T12:00:00Z
archive-event-06179,learner-009,activity_submitted,2026-09-19T12:00:00Z
archive-event-06180,learner-010,material_viewed,2026-09-20T12:00:00Z
archive-event-06181,learner-001,activity_submitted,2026-09-21T12:00:00Z
archive-event-06182,learner-002,material_viewed,2026-09-22T12:00:00Z
archive-event-06183,learner-003,activity_submitted,2026-09-23T12:00:00Z
archive-event-06184,learner-004,material_viewed,2026-09-24T12:00:00Z
archive-event-06185,learner-005,activity_submitted,2026-09-25T12:00:00Z
archive-event-06186,learner-006,material_viewed,2026-09-26T12:00:00Z
archive-event-06187,learner-007,activity_submitted,2026-09-27T12:00:00Z
archive-event-06188,learner-008,material_viewed,2026-09-28T12:00:00Z
archive-event-06189,learner-009,activity_submitted,2026-09-01T12:00:00Z
archive-event-06190,learner-010,material_viewed,2026-09-02T12:00:00Z
archive-event-06191,learner-001,activity_submitted,2026-09-03T12:00:00Z
archive-event-06192,learner-002,material_viewed,2026-09-04T12:00:00Z
archive-event-06193,learner-003,activity_submitted,2026-09-05T12:00:00Z
archive-event-06194,learner-004,material_viewed,2026-09-06T12:00:00Z
archive-event-06195,learner-005,activity_submitted,2026-09-07T12:00:00Z
archive-event-06196,learner-006,material_viewed,2026-09-08T12:00:00Z
archive-event-06197,learner-007,activity_submitted,2026-09-09T12:00:00Z
archive-event-06198,learner-008,material_viewed,2026-09-10T12:00:00Z
archive-event-06199,learner-009,activity_submitted,2026-09-11T12:00:00Z
archive-event-06200,learner-010,material_viewed,2026-09-12T12:00:00Z
archive-event-06201,learner-001,activity_submitted,2026-09-13T12:00:00Z
archive-event-06202,learner-002,material_viewed,2026-09-14T12:00:00Z
archive-event-06203,learner-003,activity_submitted,2026-09-15T12:00:00Z
archive-event-06204,learner-004,material_viewed,2026-09-16T12:00:00Z
archive-event-06205,learner-005,activity_submitted,2026-09-17T12:00:00Z
archive-event-06206,learner-006,material_viewed,2026-09-18T12:00:00Z
archive-event-06207,learner-007,activity_submitted,2026-09-19T12:00:00Z
archive-event-06208,learner-008,material_viewed,2026-09-20T12:00:00Z
archive-event-06209,learner-009,activity_submitted,2026-09-21T12:00:00Z
archive-event-06210,learner-010,material_viewed,2026-09-22T12:00:00Z
archive-event-06211,learner-001,activity_submitted,2026-09-23T12:00:00Z
archive-event-06212,learner-002,material_viewed,2026-09-24T12:00:00Z
archive-event-06213,learner-003,activity_submitted,2026-09-25T12:00:00Z
archive-event-06214,learner-004,material_viewed,2026-09-26T12:00:00Z
archive-event-06215,learner-005,activity_submitted,2026-09-27T12:00:00Z
archive-event-06216,learner-006,material_viewed,2026-09-28T12:00:00Z
archive-event-06217,learner-007,activity_submitted,2026-09-01T12:00:00Z
archive-event-06218,learner-008,material_viewed,2026-09-02T12:00:00Z
archive-event-06219,learner-009,activity_submitted,2026-09-03T12:00:00Z
archive-event-06220,learner-010,material_viewed,2026-09-04T12:00:00Z
archive-event-06221,learner-001,activity_submitted,2026-09-05T12:00:00Z
archive-event-06222,learner-002,material_viewed,2026-09-06T12:00:00Z
archive-event-06223,learner-003,activity_submitted,2026-09-07T12:00:00Z
archive-event-06224,learner-004,material_viewed,2026-09-08T12:00:00Z
archive-event-06225,learner-005,activity_submitted,2026-09-09T12:00:00Z
archive-event-06226,learner-006,material_viewed,2026-09-10T12:00:00Z
archive-event-06227,learner-007,activity_submitted,2026-09-11T12:00:00Z
archive-event-06228,learner-008,material_viewed,2026-09-12T12:00:00Z
archive-event-06229,learner-009,activity_submitted,2026-09-13T12:00:00Z
archive-event-06230,learner-010,material_viewed,2026-09-14T12:00:00Z
archive-event-06231,learner-001,activity_submitted,2026-09-15T12:00:00Z
archive-event-06232,learner-002,material_viewed,2026-09-16T12:00:00Z
archive-event-06233,learner-003,activity_submitted,2026-09-17T12:00:00Z
archive-event-06234,learner-004,material_viewed,2026-09-18T12:00:00Z
archive-event-06235,learner-005,activity_submitted,2026-09-19T12:00:00Z
archive-event-06236,learner-006,material_viewed,2026-09-20T12:00:00Z
archive-event-06237,learner-007,activity_submitted,2026-09-21T12:00:00Z
archive-event-06238,learner-008,material_viewed,2026-09-22T12:00:00Z
archive-event-06239,learner-009,activity_submitted,2026-09-23T12:00:00Z
archive-event-06240,learner-010,material_viewed,2026-09-24T12:00:00Z
archive-event-06241,learner-001,activity_submitted,2026-09-25T12:00:00Z
archive-event-06242,learner-002,material_viewed,2026-09-26T12:00:00Z
archive-event-06243,learner-003,activity_submitted,2026-09-27T12:00:00Z
archive-event-06244,learner-004,material_viewed,2026-09-28T12:00:00Z
archive-event-06245,learner-005,activity_submitted,2026-09-01T12:00:00Z
archive-event-06246,learner-006,material_viewed,2026-09-02T12:00:00Z
archive-event-06247,learner-007,activity_submitted,2026-09-03T12:00:00Z
archive-event-06248,learner-008,material_viewed,2026-09-04T12:00:00Z
archive-event-06249,learner-009,activity_submitted,2026-09-05T12:00:00Z
archive-event-06250,learner-010,material_viewed,2026-09-06T12:00:00Z
archive-event-06251,learner-001,activity_submitted,2026-09-07T12:00:00Z
archive-event-06252,learner-002,material_viewed,2026-09-08T12:00:00Z
archive-event-06253,learner-003,activity_submitted,2026-09-09T12:00:00Z
archive-event-06254,learner-004,material_viewed,2026-09-10T12:00:00Z
archive-event-06255,learner-005,activity_submitted,2026-09-11T12:00:00Z
archive-event-06256,learner-006,material_viewed,2026-09-12T12:00:00Z
archive-event-06257,learner-007,activity_submitted,2026-09-13T12:00:00Z
archive-event-06258,learner-008,material_viewed,2026-09-14T12:00:00Z
archive-event-06259,learner-009,activity_submitted,2026-09-15T12:00:00Z
archive-event-06260,learner-010,material_viewed,2026-09-16T12:00:00Z
archive-event-06261,learner-001,activity_submitted,2026-09-17T12:00:00Z
archive-event-06262,learner-002,material_viewed,2026-09-18T12:00:00Z
archive-event-06263,learner-003,activity_submitted,2026-09-19T12:00:00Z
archive-event-06264,learner-004,material_viewed,2026-09-20T12:00:00Z
archive-event-06265,learner-005,activity_submitted,2026-09-21T12:00:00Z
archive-event-06266,learner-006,material_viewed,2026-09-22T12:00:00Z
archive-event-06267,learner-007,activity_submitted,2026-09-23T12:00:00Z
archive-event-06268,learner-008,material_viewed,2026-09-24T12:00:00Z
archive-event-06269,learner-009,activity_submitted,2026-09-25T12:00:00Z
archive-event-06270,learner-010,material_viewed,2026-09-26T12:00:00Z
archive-event-06271,learner-001,activity_submitted,2026-09-27T12:00:00Z
archive-event-06272,learner-002,material_viewed,2026-09-28T12:00:00Z
archive-event-06273,learner-003,activity_submitted,2026-09-01T12:00:00Z
archive-event-06274,learner-004,material_viewed,2026-09-02T12:00:00Z
archive-event-06275,learner-005,activity_submitted,2026-09-03T12:00:00Z
archive-event-06276,learner-006,material_viewed,2026-09-04T12:00:00Z
archive-event-06277,learner-007,activity_submitted,2026-09-05T12:00:00Z
archive-event-06278,learner-008,material_viewed,2026-09-06T12:00:00Z
archive-event-06279,learner-009,activity_submitted,2026-09-07T12:00:00Z
archive-event-06280,learner-010,material_viewed,2026-09-08T12:00:00Z
archive-event-06281,learner-001,activity_submitted,2026-09-09T12:00:00Z
archive-event-06282,learner-002,material_viewed,2026-09-10T12:00:00Z
archive-event-06283,learner-003,activity_submitted,2026-09-11T12:00:00Z
archive-event-06284,learner-004,material_viewed,2026-09-12T12:00:00Z
archive-event-06285,learner-005,activity_submitted,2026-09-13T12:00:00Z
archive-event-06286,learner-006,material_viewed,2026-09-14T12:00:00Z
archive-event-06287,learner-007,activity_submitted,2026-09-15T12:00:00Z
archive-event-06288,learner-008,material_viewed,2026-09-16T12:00:00Z
archive-event-06289,learner-009,activity_submitted,2026-09-17T12:00:00Z
archive-event-06290,learner-010,material_viewed,2026-09-18T12:00:00Z
archive-event-06291,learner-001,activity_submitted,2026-09-19T12:00:00Z
archive-event-06292,learner-002,material_viewed,2026-09-20T12:00:00Z
archive-event-06293,learner-003,activity_submitted,2026-09-21T12:00:00Z
archive-event-06294,learner-004,material_viewed,2026-09-22T12:00:00Z
archive-event-06295,learner-005,activity_submitted,2026-09-23T12:00:00Z
archive-event-06296,learner-006,material_viewed,2026-09-24T12:00:00Z
archive-event-06297,learner-007,activity_submitted,2026-09-25T12:00:00Z
archive-event-06298,learner-008,material_viewed,2026-09-26T12:00:00Z
archive-event-06299,learner-009,activity_submitted,2026-09-27T12:00:00Z
archive-event-06300,learner-010,material_viewed,2026-09-28T12:00:00Z
archive-event-06301,learner-001,activity_submitted,2026-09-01T12:00:00Z
archive-event-06302,learner-002,material_viewed,2026-09-02T12:00:00Z
archive-event-06303,learner-003,activity_submitted,2026-09-03T12:00:00Z
archive-event-06304,learner-004,material_viewed,2026-09-04T12:00:00Z
archive-event-06305,learner-005,activity_submitted,2026-09-05T12:00:00Z
archive-event-06306,learner-006,material_viewed,2026-09-06T12:00:00Z
archive-event-06307,learner-007,activity_submitted,2026-09-07T12:00:00Z
archive-event-06308,learner-008,material_viewed,2026-09-08T12:00:00Z
archive-event-06309,learner-009,activity_submitted,2026-09-09T12:00:00Z
archive-event-06310,learner-010,material_viewed,2026-09-10T12:00:00Z
archive-event-06311,learner-001,activity_submitted,2026-09-11T12:00:00Z
archive-event-06312,learner-002,material_viewed,2026-09-12T12:00:00Z
archive-event-06313,learner-003,activity_submitted,2026-09-13T12:00:00Z
archive-event-06314,learner-004,material_viewed,2026-09-14T12:00:00Z
archive-event-06315,learner-005,activity_submitted,2026-09-15T12:00:00Z
archive-event-06316,learner-006,material_viewed,2026-09-16T12:00:00Z
archive-event-06317,learner-007,activity_submitted,2026-09-17T12:00:00Z
archive-event-06318,learner-008,material_viewed,2026-09-18T12:00:00Z
archive-event-06319,learner-009,activity_submitted,2026-09-19T12:00:00Z
archive-event-06320,learner-010,material_viewed,2026-09-20T12:00:00Z
archive-event-06321,learner-001,activity_submitted,2026-09-21T12:00:00Z
archive-event-06322,learner-002,material_viewed,2026-09-22T12:00:00Z
archive-event-06323,learner-003,activity_submitted,2026-09-23T12:00:00Z
archive-event-06324,learner-004,material_viewed,2026-09-24T12:00:00Z
archive-event-06325,learner-005,activity_submitted,2026-09-25T12:00:00Z
archive-event-06326,learner-006,material_viewed,2026-09-26T12:00:00Z
archive-event-06327,learner-007,activity_submitted,2026-09-27T12:00:00Z
archive-event-06328,learner-008,material_viewed,2026-09-28T12:00:00Z
archive-event-06329,learner-009,activity_submitted,2026-09-01T12:00:00Z
archive-event-06330,learner-010,material_viewed,2026-09-02T12:00:00Z
archive-event-06331,learner-001,activity_submitted,2026-09-03T12:00:00Z
archive-event-06332,learner-002,material_viewed,2026-09-04T12:00:00Z
archive-event-06333,learner-003,activity_submitted,2026-09-05T12:00:00Z
archive-event-06334,learner-004,material_viewed,2026-09-06T12:00:00Z
archive-event-06335,learner-005,activity_submitted,2026-09-07T12:00:00Z
archive-event-06336,learner-006,material_viewed,2026-09-08T12:00:00Z
archive-event-06337,learner-007,activity_submitted,2026-09-09T12:00:00Z
archive-event-06338,learner-008,material_viewed,2026-09-10T12:00:00Z
archive-event-06339,learner-009,activity_submitted,2026-09-11T12:00:00Z
archive-event-06340,learner-010,material_viewed,2026-09-12T12:00:00Z
archive-event-06341,learner-001,activity_submitted,2026-09-13T12:00:00Z
archive-event-06342,learner-002,material_viewed,2026-09-14T12:00:00Z
archive-event-06343,learner-003,activity_submitted,2026-09-15T12:00:00Z
archive-event-06344,learner-004,material_viewed,2026-09-16T12:00:00Z
archive-event-06345,learner-005,activity_submitted,2026-09-17T12:00:00Z
archive-event-06346,learner-006,material_viewed,2026-09-18T12:00:00Z
archive-event-06347,learner-007,activity_submitted,2026-09-19T12:00:00Z
archive-event-06348,learner-008,material_viewed,2026-09-20T12:00:00Z
archive-event-06349,learner-009,activity_submitted,2026-09-21T12:00:00Z
archive-event-06350,learner-010,material_viewed,2026-09-22T12:00:00Z
archive-event-06351,learner-001,activity_submitted,2026-09-23T12:00:00Z
archive-event-06352,learner-002,material_viewed,2026-09-24T12:00:00Z
archive-event-06353,learner-003,activity_submitted,2026-09-25T12:00:00Z
archive-event-06354,learner-004,material_viewed,2026-09-26T12:00:00Z
archive-event-06355,learner-005,activity_submitted,2026-09-27T12:00:00Z
archive-event-06356,learner-006,material_viewed,2026-09-28T12:00:00Z
archive-event-06357,learner-007,activity_submitted,2026-09-01T12:00:00Z
archive-event-06358,learner-008,material_viewed,2026-09-02T12:00:00Z
archive-event-06359,learner-009,activity_submitted,2026-09-03T12:00:00Z
archive-event-06360,learner-010,material_viewed,2026-09-04T12:00:00Z
archive-event-06361,learner-001,activity_submitted,2026-09-05T12:00:00Z
archive-event-06362,learner-002,material_viewed,2026-09-06T12:00:00Z
archive-event-06363,learner-003,activity_submitted,2026-09-07T12:00:00Z
archive-event-06364,learner-004,material_viewed,2026-09-08T12:00:00Z
archive-event-06365,learner-005,activity_submitted,2026-09-09T12:00:00Z
archive-event-06366,learner-006,material_viewed,2026-09-10T12:00:00Z
archive-event-06367,learner-007,activity_submitted,2026-09-11T12:00:00Z
archive-event-06368,learner-008,material_viewed,2026-09-12T12:00:00Z
archive-event-06369,learner-009,activity_submitted,2026-09-13T12:00:00Z
archive-event-06370,learner-010,material_viewed,2026-09-14T12:00:00Z
archive-event-06371,learner-001,activity_submitted,2026-09-15T12:00:00Z
archive-event-06372,learner-002,material_viewed,2026-09-16T12:00:00Z
archive-event-06373,learner-003,activity_submitted,2026-09-17T12:00:00Z
archive-event-06374,learner-004,material_viewed,2026-09-18T12:00:00Z
archive-event-06375,learner-005,activity_submitted,2026-09-19T12:00:00Z
archive-event-06376,learner-006,material_viewed,2026-09-20T12:00:00Z
archive-event-06377,learner-007,activity_submitted,2026-09-21T12:00:00Z
archive-event-06378,learner-008,material_viewed,2026-09-22T12:00:00Z
archive-event-06379,learner-009,activity_submitted,2026-09-23T12:00:00Z
archive-event-06380,learner-010,material_viewed,2026-09-24T12:00:00Z
archive-event-06381,learner-001,activity_submitted,2026-09-25T12:00:00Z
archive-event-06382,learner-002,material_viewed,2026-09-26T12:00:00Z
archive-event-06383,learner-003,activity_submitted,2026-09-27T12:00:00Z
archive-event-06384,learner-004,material_viewed,2026-09-28T12:00:00Z
archive-event-06385,learner-005,activity_submitted,2026-09-01T12:00:00Z
archive-event-06386,learner-006,material_viewed,2026-09-02T12:00:00Z
archive-event-06387,learner-007,activity_submitted,2026-09-03T12:00:00Z
archive-event-06388,learner-008,material_viewed,2026-09-04T12:00:00Z
archive-event-06389,learner-009,activity_submitted,2026-09-05T12:00:00Z
archive-event-06390,learner-010,material_viewed,2026-09-06T12:00:00Z
archive-event-06391,learner-001,activity_submitted,2026-09-07T12:00:00Z
archive-event-06392,learner-002,material_viewed,2026-09-08T12:00:00Z
archive-event-06393,learner-003,activity_submitted,2026-09-09T12:00:00Z
archive-event-06394,learner-004,material_viewed,2026-09-10T12:00:00Z
archive-event-06395,learner-005,activity_submitted,2026-09-11T12:00:00Z
archive-event-06396,learner-006,material_viewed,2026-09-12T12:00:00Z
archive-event-06397,learner-007,activity_submitted,2026-09-13T12:00:00Z
archive-event-06398,learner-008,material_viewed,2026-09-14T12:00:00Z
archive-event-06399,learner-009,activity_submitted,2026-09-15T12:00:00Z
archive-event-06400,learner-010,material_viewed,2026-09-16T12:00:00Z
archive-event-06401,learner-001,activity_submitted,2026-09-17T12:00:00Z
archive-event-06402,learner-002,material_viewed,2026-09-18T12:00:00Z
archive-event-06403,learner-003,activity_submitted,2026-09-19T12:00:00Z
archive-event-06404,learner-004,material_viewed,2026-09-20T12:00:00Z
archive-event-06405,learner-005,activity_submitted,2026-09-21T12:00:00Z
archive-event-06406,learner-006,material_viewed,2026-09-22T12:00:00Z
archive-event-06407,learner-007,activity_submitted,2026-09-23T12:00:00Z
archive-event-06408,learner-008,material_viewed,2026-09-24T12:00:00Z
archive-event-06409,learner-009,activity_submitted,2026-09-25T12:00:00Z
archive-event-06410,learner-010,material_viewed,2026-09-26T12:00:00Z
archive-event-06411,learner-001,activity_submitted,2026-09-27T12:00:00Z
archive-event-06412,learner-002,material_viewed,2026-09-28T12:00:00Z
archive-event-06413,learner-003,activity_submitted,2026-09-01T12:00:00Z
archive-event-06414,learner-004,material_viewed,2026-09-02T12:00:00Z
archive-event-06415,learner-005,activity_submitted,2026-09-03T12:00:00Z
archive-event-06416,learner-006,material_viewed,2026-09-04T12:00:00Z
archive-event-06417,learner-007,activity_submitted,2026-09-05T12:00:00Z
archive-event-06418,learner-008,material_viewed,2026-09-06T12:00:00Z
archive-event-06419,learner-009,activity_submitted,2026-09-07T12:00:00Z
archive-event-06420,learner-010,material_viewed,2026-09-08T12:00:00Z
archive-event-06421,learner-001,activity_submitted,2026-09-09T12:00:00Z
archive-event-06422,learner-002,material_viewed,2026-09-10T12:00:00Z
archive-event-06423,learner-003,activity_submitted,2026-09-11T12:00:00Z
archive-event-06424,learner-004,material_viewed,2026-09-12T12:00:00Z
archive-event-06425,learner-005,activity_submitted,2026-09-13T12:00:00Z
archive-event-06426,learner-006,material_viewed,2026-09-14T12:00:00Z
archive-event-06427,learner-007,activity_submitted,2026-09-15T12:00:00Z
archive-event-06428,learner-008,material_viewed,2026-09-16T12:00:00Z
archive-event-06429,learner-009,activity_submitted,2026-09-17T12:00:00Z
archive-event-06430,learner-010,material_viewed,2026-09-18T12:00:00Z
archive-event-06431,learner-001,activity_submitted,2026-09-19T12:00:00Z
archive-event-06432,learner-002,material_viewed,2026-09-20T12:00:00Z
archive-event-06433,learner-003,activity_submitted,2026-09-21T12:00:00Z
archive-event-06434,learner-004,material_viewed,2026-09-22T12:00:00Z
archive-event-06435,learner-005,activity_submitted,2026-09-23T12:00:00Z
archive-event-06436,learner-006,material_viewed,2026-09-24T12:00:00Z
archive-event-06437,learner-007,activity_submitted,2026-09-25T12:00:00Z
archive-event-06438,learner-008,material_viewed,2026-09-26T12:00:00Z
archive-event-06439,learner-009,activity_submitted,2026-09-27T12:00:00Z
archive-event-06440,learner-010,material_viewed,2026-09-28T12:00:00Z
archive-event-06441,learner-001,activity_submitted,2026-09-01T12:00:00Z
archive-event-06442,learner-002,material_viewed,2026-09-02T12:00:00Z
archive-event-06443,learner-003,activity_submitted,2026-09-03T12:00:00Z
archive-event-06444,learner-004,material_viewed,2026-09-04T12:00:00Z
archive-event-06445,learner-005,activity_submitted,2026-09-05T12:00:00Z
archive-event-06446,learner-006,material_viewed,2026-09-06T12:00:00Z
archive-event-06447,learner-007,activity_submitted,2026-09-07T12:00:00Z
archive-event-06448,learner-008,material_viewed,2026-09-08T12:00:00Z
archive-event-06449,learner-009,activity_submitted,2026-09-09T12:00:00Z
archive-event-06450,learner-010,material_viewed,2026-09-10T12:00:00Z
archive-event-06451,learner-001,activity_submitted,2026-09-11T12:00:00Z
archive-event-06452,learner-002,material_viewed,2026-09-12T12:00:00Z
archive-event-06453,learner-003,activity_submitted,2026-09-13T12:00:00Z
archive-event-06454,learner-004,material_viewed,2026-09-14T12:00:00Z
archive-event-06455,learner-005,activity_submitted,2026-09-15T12:00:00Z
archive-event-06456,learner-006,material_viewed,2026-09-16T12:00:00Z
archive-event-06457,learner-007,activity_submitted,2026-09-17T12:00:00Z
archive-event-06458,learner-008,material_viewed,2026-09-18T12:00:00Z
archive-event-06459,learner-009,activity_submitted,2026-09-19T12:00:00Z
archive-event-06460,learner-010,material_viewed,2026-09-20T12:00:00Z
archive-event-06461,learner-001,activity_submitted,2026-09-21T12:00:00Z
archive-event-06462,learner-002,material_viewed,2026-09-22T12:00:00Z
archive-event-06463,learner-003,activity_submitted,2026-09-23T12:00:00Z
archive-event-06464,learner-004,material_viewed,2026-09-24T12:00:00Z
archive-event-06465,learner-005,activity_submitted,2026-09-25T12:00:00Z
archive-event-06466,learner-006,material_viewed,2026-09-26T12:00:00Z
archive-event-06467,learner-007,activity_submitted,2026-09-27T12:00:00Z
archive-event-06468,learner-008,material_viewed,2026-09-28T12:00:00Z
archive-event-06469,learner-009,activity_submitted,2026-09-01T12:00:00Z
archive-event-06470,learner-010,material_viewed,2026-09-02T12:00:00Z
archive-event-06471,learner-001,activity_submitted,2026-09-03T12:00:00Z
archive-event-06472,learner-002,material_viewed,2026-09-04T12:00:00Z
archive-event-06473,learner-003,activity_submitted,2026-09-05T12:00:00Z
archive-event-06474,learner-004,material_viewed,2026-09-06T12:00:00Z
archive-event-06475,learner-005,activity_submitted,2026-09-07T12:00:00Z
archive-event-06476,learner-006,material_viewed,2026-09-08T12:00:00Z
archive-event-06477,learner-007,activity_submitted,2026-09-09T12:00:00Z
archive-event-06478,learner-008,material_viewed,2026-09-10T12:00:00Z
archive-event-06479,learner-009,activity_submitted,2026-09-11T12:00:00Z
archive-event-06480,learner-010,material_viewed,2026-09-12T12:00:00Z
archive-event-06481,learner-001,activity_submitted,2026-09-13T12:00:00Z
archive-event-06482,learner-002,material_viewed,2026-09-14T12:00:00Z
archive-event-06483,learner-003,activity_submitted,2026-09-15T12:00:00Z
archive-event-06484,learner-004,material_viewed,2026-09-16T12:00:00Z
archive-event-06485,learner-005,activity_submitted,2026-09-17T12:00:00Z
archive-event-06486,learner-006,material_viewed,2026-09-18T12:00:00Z
archive-event-06487,learner-007,activity_submitted,2026-09-19T12:00:00Z
archive-event-06488,learner-008,material_viewed,2026-09-20T12:00:00Z
archive-event-06489,learner-009,activity_submitted,2026-09-21T12:00:00Z
archive-event-06490,learner-010,material_viewed,2026-09-22T12:00:00Z
archive-event-06491,learner-001,activity_submitted,2026-09-23T12:00:00Z
archive-event-06492,learner-002,material_viewed,2026-09-24T12:00:00Z
archive-event-06493,learner-003,activity_submitted,2026-09-25T12:00:00Z
archive-event-06494,learner-004,material_viewed,2026-09-26T12:00:00Z
archive-event-06495,learner-005,activity_submitted,2026-09-27T12:00:00Z
archive-event-06496,learner-006,material_viewed,2026-09-28T12:00:00Z
archive-event-06497,learner-007,activity_submitted,2026-09-01T12:00:00Z
archive-event-06498,learner-008,material_viewed,2026-09-02T12:00:00Z
archive-event-06499,learner-009,activity_submitted,2026-09-03T12:00:00Z
archive-event-06500,learner-010,material_viewed,2026-09-04T12:00:00Z
archive-event-06501,learner-001,activity_submitted,2026-09-05T12:00:00Z
archive-event-06502,learner-002,material_viewed,2026-09-06T12:00:00Z
archive-event-06503,learner-003,activity_submitted,2026-09-07T12:00:00Z
archive-event-06504,learner-004,material_viewed,2026-09-08T12:00:00Z
archive-event-06505,learner-005,activity_submitted,2026-09-09T12:00:00Z
archive-event-06506,learner-006,material_viewed,2026-09-10T12:00:00Z
archive-event-06507,learner-007,activity_submitted,2026-09-11T12:00:00Z
archive-event-06508,learner-008,material_viewed,2026-09-12T12:00:00Z
archive-event-06509,learner-009,activity_submitted,2026-09-13T12:00:00Z
archive-event-06510,learner-010,material_viewed,2026-09-14T12:00:00Z
archive-event-06511,learner-001,activity_submitted,2026-09-15T12:00:00Z
archive-event-06512,learner-002,material_viewed,2026-09-16T12:00:00Z
archive-event-06513,learner-003,activity_submitted,2026-09-17T12:00:00Z
archive-event-06514,learner-004,material_viewed,2026-09-18T12:00:00Z
archive-event-06515,learner-005,activity_submitted,2026-09-19T12:00:00Z
archive-event-06516,learner-006,material_viewed,2026-09-20T12:00:00Z
archive-event-06517,learner-007,activity_submitted,2026-09-21T12:00:00Z
archive-event-06518,learner-008,material_viewed,2026-09-22T12:00:00Z
archive-event-06519,learner-009,activity_submitted,2026-09-23T12:00:00Z
archive-event-06520,learner-010,material_viewed,2026-09-24T12:00:00Z
archive-event-06521,learner-001,activity_submitted,2026-09-25T12:00:00Z
archive-event-06522,learner-002,material_viewed,2026-09-26T12:00:00Z
archive-event-06523,learner-003,activity_submitted,2026-09-27T12:00:00Z
archive-event-06524,learner-004,material_viewed,2026-09-28T12:00:00Z
archive-event-06525,learner-005,activity_submitted,2026-09-01T12:00:00Z
archive-event-06526,learner-006,material_viewed,2026-09-02T12:00:00Z
archive-event-06527,learner-007,activity_submitted,2026-09-03T12:00:00Z
archive-event-06528,learner-008,material_viewed,2026-09-04T12:00:00Z
archive-event-06529,learner-009,activity_submitted,2026-09-05T12:00:00Z
archive-event-06530,learner-010,material_viewed,2026-09-06T12:00:00Z
archive-event-06531,learner-001,activity_submitted,2026-09-07T12:00:00Z
archive-event-06532,learner-002,material_viewed,2026-09-08T12:00:00Z
archive-event-06533,learner-003,activity_submitted,2026-09-09T12:00:00Z
archive-event-06534,learner-004,material_viewed,2026-09-10T12:00:00Z
archive-event-06535,learner-005,activity_submitted,2026-09-11T12:00:00Z
archive-event-06536,learner-006,material_viewed,2026-09-12T12:00:00Z
archive-event-06537,learner-007,activity_submitted,2026-09-13T12:00:00Z
archive-event-06538,learner-008,material_viewed,2026-09-14T12:00:00Z
archive-event-06539,learner-009,activity_submitted,2026-09-15T12:00:00Z
archive-event-06540,learner-010,material_viewed,2026-09-16T12:00:00Z
archive-event-06541,learner-001,activity_submitted,2026-09-17T12:00:00Z
archive-event-06542,learner-002,material_viewed,2026-09-18T12:00:00Z
archive-event-06543,learner-003,activity_submitted,2026-09-19T12:00:00Z
archive-event-06544,learner-004,material_viewed,2026-09-20T12:00:00Z
archive-event-06545,learner-005,activity_submitted,2026-09-21T12:00:00Z
archive-event-06546,learner-006,material_viewed,2026-09-22T12:00:00Z
archive-event-06547,learner-007,activity_submitted,2026-09-23T12:00:00Z
archive-event-06548,learner-008,material_viewed,2026-09-24T12:00:00Z
archive-event-06549,learner-009,activity_submitted,2026-09-25T12:00:00Z
archive-event-06550,learner-010,material_viewed,2026-09-26T12:00:00Z
archive-event-06551,learner-001,activity_submitted,2026-09-27T12:00:00Z
archive-event-06552,learner-002,material_viewed,2026-09-28T12:00:00Z
archive-event-06553,learner-003,activity_submitted,2026-09-01T12:00:00Z
archive-event-06554,learner-004,material_viewed,2026-09-02T12:00:00Z
archive-event-06555,learner-005,activity_submitted,2026-09-03T12:00:00Z
archive-event-06556,learner-006,material_viewed,2026-09-04T12:00:00Z
archive-event-06557,learner-007,activity_submitted,2026-09-05T12:00:00Z
archive-event-06558,learner-008,material_viewed,2026-09-06T12:00:00Z
archive-event-06559,learner-009,activity_submitted,2026-09-07T12:00:00Z
archive-event-06560,learner-010,material_viewed,2026-09-08T12:00:00Z
archive-event-06561,learner-001,activity_submitted,2026-09-09T12:00:00Z
archive-event-06562,learner-002,material_viewed,2026-09-10T12:00:00Z
archive-event-06563,learner-003,activity_submitted,2026-09-11T12:00:00Z
archive-event-06564,learner-004,material_viewed,2026-09-12T12:00:00Z
archive-event-06565,learner-005,activity_submitted,2026-09-13T12:00:00Z
archive-event-06566,learner-006,material_viewed,2026-09-14T12:00:00Z
archive-event-06567,learner-007,activity_submitted,2026-09-15T12:00:00Z
archive-event-06568,learner-008,material_viewed,2026-09-16T12:00:00Z
archive-event-06569,learner-009,activity_submitted,2026-09-17T12:00:00Z
archive-event-06570,learner-010,material_viewed,2026-09-18T12:00:00Z
archive-event-06571,learner-001,activity_submitted,2026-09-19T12:00:00Z
archive-event-06572,learner-002,material_viewed,2026-09-20T12:00:00Z
archive-event-06573,learner-003,activity_submitted,2026-09-21T12:00:00Z
archive-event-06574,learner-004,material_viewed,2026-09-22T12:00:00Z
archive-event-06575,learner-005,activity_submitted,2026-09-23T12:00:00Z
archive-event-06576,learner-006,material_viewed,2026-09-24T12:00:00Z
archive-event-06577,learner-007,activity_submitted,2026-09-25T12:00:00Z
archive-event-06578,learner-008,material_viewed,2026-09-26T12:00:00Z
archive-event-06579,learner-009,activity_submitted,2026-09-27T12:00:00Z
archive-event-06580,learner-010,material_viewed,2026-09-28T12:00:00Z
archive-event-06581,learner-001,activity_submitted,2026-09-01T12:00:00Z
archive-event-06582,learner-002,material_viewed,2026-09-02T12:00:00Z
archive-event-06583,learner-003,activity_submitted,2026-09-03T12:00:00Z
archive-event-06584,learner-004,material_viewed,2026-09-04T12:00:00Z
archive-event-06585,learner-005,activity_submitted,2026-09-05T12:00:00Z
archive-event-06586,learner-006,material_viewed,2026-09-06T12:00:00Z
archive-event-06587,learner-007,activity_submitted,2026-09-07T12:00:00Z
archive-event-06588,learner-008,material_viewed,2026-09-08T12:00:00Z
archive-event-06589,learner-009,activity_submitted,2026-09-09T12:00:00Z
archive-event-06590,learner-010,material_viewed,2026-09-10T12:00:00Z
archive-event-06591,learner-001,activity_submitted,2026-09-11T12:00:00Z
archive-event-06592,learner-002,material_viewed,2026-09-12T12:00:00Z
archive-event-06593,learner-003,activity_submitted,2026-09-13T12:00:00Z
archive-event-06594,learner-004,material_viewed,2026-09-14T12:00:00Z
archive-event-06595,learner-005,activity_submitted,2026-09-15T12:00:00Z
archive-event-06596,learner-006,material_viewed,2026-09-16T12:00:00Z
archive-event-06597,learner-007,activity_submitted,2026-09-17T12:00:00Z
archive-event-06598,learner-008,material_viewed,2026-09-18T12:00:00Z
archive-event-06599,learner-009,activity_submitted,2026-09-19T12:00:00Z
archive-event-06600,learner-010,material_viewed,2026-09-20T12:00:00Z
archive-event-06601,learner-001,activity_submitted,2026-09-21T12:00:00Z
archive-event-06602,learner-002,material_viewed,2026-09-22T12:00:00Z
archive-event-06603,learner-003,activity_submitted,2026-09-23T12:00:00Z
archive-event-06604,learner-004,material_viewed,2026-09-24T12:00:00Z
archive-event-06605,learner-005,activity_submitted,2026-09-25T12:00:00Z
archive-event-06606,learner-006,material_viewed,2026-09-26T12:00:00Z
archive-event-06607,learner-007,activity_submitted,2026-09-27T12:00:00Z
archive-event-06608,learner-008,material_viewed,2026-09-28T12:00:00Z
archive-event-06609,learner-009,activity_submitted,2026-09-01T12:00:00Z
archive-event-06610,learner-010,material_viewed,2026-09-02T12:00:00Z
archive-event-06611,learner-001,activity_submitted,2026-09-03T12:00:00Z
archive-event-06612,learner-002,material_viewed,2026-09-04T12:00:00Z
archive-event-06613,learner-003,activity_submitted,2026-09-05T12:00:00Z
archive-event-06614,learner-004,material_viewed,2026-09-06T12:00:00Z
archive-event-06615,learner-005,activity_submitted,2026-09-07T12:00:00Z
archive-event-06616,learner-006,material_viewed,2026-09-08T12:00:00Z
archive-event-06617,learner-007,activity_submitted,2026-09-09T12:00:00Z
archive-event-06618,learner-008,material_viewed,2026-09-10T12:00:00Z
archive-event-06619,learner-009,activity_submitted,2026-09-11T12:00:00Z
archive-event-06620,learner-010,material_viewed,2026-09-12T12:00:00Z
archive-event-06621,learner-001,activity_submitted,2026-09-13T12:00:00Z
archive-event-06622,learner-002,material_viewed,2026-09-14T12:00:00Z
archive-event-06623,learner-003,activity_submitted,2026-09-15T12:00:00Z
archive-event-06624,learner-004,material_viewed,2026-09-16T12:00:00Z
archive-event-06625,learner-005,activity_submitted,2026-09-17T12:00:00Z
archive-event-06626,learner-006,material_viewed,2026-09-18T12:00:00Z
archive-event-06627,learner-007,activity_submitted,2026-09-19T12:00:00Z
archive-event-06628,learner-008,material_viewed,2026-09-20T12:00:00Z
archive-event-06629,learner-009,activity_submitted,2026-09-21T12:00:00Z
archive-event-06630,learner-010,material_viewed,2026-09-22T12:00:00Z
archive-event-06631,learner-001,activity_submitted,2026-09-23T12:00:00Z
archive-event-06632,learner-002,material_viewed,2026-09-24T12:00:00Z
archive-event-06633,learner-003,activity_submitted,2026-09-25T12:00:00Z
archive-event-06634,learner-004,material_viewed,2026-09-26T12:00:00Z
archive-event-06635,learner-005,activity_submitted,2026-09-27T12:00:00Z
archive-event-06636,learner-006,material_viewed,2026-09-28T12:00:00Z
archive-event-06637,learner-007,activity_submitted,2026-09-01T12:00:00Z
archive-event-06638,learner-008,material_viewed,2026-09-02T12:00:00Z
archive-event-06639,learner-009,activity_submitted,2026-09-03T12:00:00Z
archive-event-06640,learner-010,material_viewed,2026-09-04T12:00:00Z
archive-event-06641,learner-001,activity_submitted,2026-09-05T12:00:00Z
archive-event-06642,learner-002,material_viewed,2026-09-06T12:00:00Z
archive-event-06643,learner-003,activity_submitted,2026-09-07T12:00:00Z
archive-event-06644,learner-004,material_viewed,2026-09-08T12:00:00Z
archive-event-06645,learner-005,activity_submitted,2026-09-09T12:00:00Z
archive-event-06646,learner-006,material_viewed,2026-09-10T12:00:00Z
archive-event-06647,learner-007,activity_submitted,2026-09-11T12:00:00Z
archive-event-06648,learner-008,material_viewed,2026-09-12T12:00:00Z
archive-event-06649,learner-009,activity_submitted,2026-09-13T12:00:00Z
archive-event-06650,learner-010,material_viewed,2026-09-14T12:00:00Z
archive-event-06651,learner-001,activity_submitted,2026-09-15T12:00:00Z
archive-event-06652,learner-002,material_viewed,2026-09-16T12:00:00Z
archive-event-06653,learner-003,activity_submitted,2026-09-17T12:00:00Z
archive-event-06654,learner-004,material_viewed,2026-09-18T12:00:00Z
archive-event-06655,learner-005,activity_submitted,2026-09-19T12:00:00Z
archive-event-06656,learner-006,material_viewed,2026-09-20T12:00:00Z
archive-event-06657,learner-007,activity_submitted,2026-09-21T12:00:00Z
archive-event-06658,learner-008,material_viewed,2026-09-22T12:00:00Z
archive-event-06659,learner-009,activity_submitted,2026-09-23T12:00:00Z
archive-event-06660,learner-010,material_viewed,2026-09-24T12:00:00Z
archive-event-06661,learner-001,activity_submitted,2026-09-25T12:00:00Z
archive-event-06662,learner-002,material_viewed,2026-09-26T12:00:00Z
archive-event-06663,learner-003,activity_submitted,2026-09-27T12:00:00Z
archive-event-06664,learner-004,material_viewed,2026-09-28T12:00:00Z
archive-event-06665,learner-005,activity_submitted,2026-09-01T12:00:00Z
archive-event-06666,learner-006,material_viewed,2026-09-02T12:00:00Z
archive-event-06667,learner-007,activity_submitted,2026-09-03T12:00:00Z
archive-event-06668,learner-008,material_viewed,2026-09-04T12:00:00Z
archive-event-06669,learner-009,activity_submitted,2026-09-05T12:00:00Z
archive-event-06670,learner-010,material_viewed,2026-09-06T12:00:00Z
archive-event-06671,learner-001,activity_submitted,2026-09-07T12:00:00Z
archive-event-06672,learner-002,material_viewed,2026-09-08T12:00:00Z
archive-event-06673,learner-003,activity_submitted,2026-09-09T12:00:00Z
archive-event-06674,learner-004,material_viewed,2026-09-10T12:00:00Z
archive-event-06675,learner-005,activity_submitted,2026-09-11T12:00:00Z
archive-event-06676,learner-006,material_viewed,2026-09-12T12:00:00Z
archive-event-06677,learner-007,activity_submitted,2026-09-13T12:00:00Z
archive-event-06678,learner-008,material_viewed,2026-09-14T12:00:00Z
archive-event-06679,learner-009,activity_submitted,2026-09-15T12:00:00Z
archive-event-06680,learner-010,material_viewed,2026-09-16T12:00:00Z
archive-event-06681,learner-001,activity_submitted,2026-09-17T12:00:00Z
archive-event-06682,learner-002,material_viewed,2026-09-18T12:00:00Z
archive-event-06683,learner-003,activity_submitted,2026-09-19T12:00:00Z
archive-event-06684,learner-004,material_viewed,2026-09-20T12:00:00Z
archive-event-06685,learner-005,activity_submitted,2026-09-21T12:00:00Z
archive-event-06686,learner-006,material_viewed,2026-09-22T12:00:00Z
archive-event-06687,learner-007,activity_submitted,2026-09-23T12:00:00Z
archive-event-06688,learner-008,material_viewed,2026-09-24T12:00:00Z
archive-event-06689,learner-009,activity_submitted,2026-09-25T12:00:00Z
archive-event-06690,learner-010,material_viewed,2026-09-26T12:00:00Z
archive-event-06691,learner-001,activity_submitted,2026-09-27T12:00:00Z
archive-event-06692,learner-002,material_viewed,2026-09-28T12:00:00Z
archive-event-06693,learner-003,activity_submitted,2026-09-01T12:00:00Z
archive-event-06694,learner-004,material_viewed,2026-09-02T12:00:00Z
archive-event-06695,learner-005,activity_submitted,2026-09-03T12:00:00Z
archive-event-06696,learner-006,material_viewed,2026-09-04T12:00:00Z
archive-event-06697,learner-007,activity_submitted,2026-09-05T12:00:00Z
archive-event-06698,learner-008,material_viewed,2026-09-06T12:00:00Z
archive-event-06699,learner-009,activity_submitted,2026-09-07T12:00:00Z
archive-event-06700,learner-010,material_viewed,2026-09-08T12:00:00Z
archive-event-06701,learner-001,activity_submitted,2026-09-09T12:00:00Z
archive-event-06702,learner-002,material_viewed,2026-09-10T12:00:00Z
archive-event-06703,learner-003,activity_submitted,2026-09-11T12:00:00Z
archive-event-06704,learner-004,material_viewed,2026-09-12T12:00:00Z
archive-event-06705,learner-005,activity_submitted,2026-09-13T12:00:00Z
archive-event-06706,learner-006,material_viewed,2026-09-14T12:00:00Z
archive-event-06707,learner-007,activity_submitted,2026-09-15T12:00:00Z
archive-event-06708,learner-008,material_viewed,2026-09-16T12:00:00Z
archive-event-06709,learner-009,activity_submitted,2026-09-17T12:00:00Z
archive-event-06710,learner-010,material_viewed,2026-09-18T12:00:00Z
archive-event-06711,learner-001,activity_submitted,2026-09-19T12:00:00Z
archive-event-06712,learner-002,material_viewed,2026-09-20T12:00:00Z
archive-event-06713,learner-003,activity_submitted,2026-09-21T12:00:00Z
archive-event-06714,learner-004,material_viewed,2026-09-22T12:00:00Z
archive-event-06715,learner-005,activity_submitted,2026-09-23T12:00:00Z
archive-event-06716,learner-006,material_viewed,2026-09-24T12:00:00Z
archive-event-06717,learner-007,activity_submitted,2026-09-25T12:00:00Z
archive-event-06718,learner-008,material_viewed,2026-09-26T12:00:00Z
archive-event-06719,learner-009,activity_submitted,2026-09-27T12:00:00Z
archive-event-06720,learner-010,material_viewed,2026-09-28T12:00:00Z
archive-event-06721,learner-001,activity_submitted,2026-09-01T12:00:00Z
archive-event-06722,learner-002,material_viewed,2026-09-02T12:00:00Z
archive-event-06723,learner-003,activity_submitted,2026-09-03T12:00:00Z
archive-event-06724,learner-004,material_viewed,2026-09-04T12:00:00Z
archive-event-06725,learner-005,activity_submitted,2026-09-05T12:00:00Z
archive-event-06726,learner-006,material_viewed,2026-09-06T12:00:00Z
archive-event-06727,learner-007,activity_submitted,2026-09-07T12:00:00Z
archive-event-06728,learner-008,material_viewed,2026-09-08T12:00:00Z
archive-event-06729,learner-009,activity_submitted,2026-09-09T12:00:00Z
archive-event-06730,learner-010,material_viewed,2026-09-10T12:00:00Z
archive-event-06731,learner-001,activity_submitted,2026-09-11T12:00:00Z
archive-event-06732,learner-002,material_viewed,2026-09-12T12:00:00Z
archive-event-06733,learner-003,activity_submitted,2026-09-13T12:00:00Z
archive-event-06734,learner-004,material_viewed,2026-09-14T12:00:00Z
archive-event-06735,learner-005,activity_submitted,2026-09-15T12:00:00Z
archive-event-06736,learner-006,material_viewed,2026-09-16T12:00:00Z
archive-event-06737,learner-007,activity_submitted,2026-09-17T12:00:00Z
archive-event-06738,learner-008,material_viewed,2026-09-18T12:00:00Z
archive-event-06739,learner-009,activity_submitted,2026-09-19T12:00:00Z
archive-event-06740,learner-010,material_viewed,2026-09-20T12:00:00Z
archive-event-06741,learner-001,activity_submitted,2026-09-21T12:00:00Z
archive-event-06742,learner-002,material_viewed,2026-09-22T12:00:00Z
archive-event-06743,learner-003,activity_submitted,2026-09-23T12:00:00Z
archive-event-06744,learner-004,material_viewed,2026-09-24T12:00:00Z
archive-event-06745,learner-005,activity_submitted,2026-09-25T12:00:00Z
archive-event-06746,learner-006,material_viewed,2026-09-26T12:00:00Z
archive-event-06747,learner-007,activity_submitted,2026-09-27T12:00:00Z
archive-event-06748,learner-008,material_viewed,2026-09-28T12:00:00Z
archive-event-06749,learner-009,activity_submitted,2026-09-01T12:00:00Z
archive-event-06750,learner-010,material_viewed,2026-09-02T12:00:00Z
archive-event-06751,learner-001,activity_submitted,2026-09-03T12:00:00Z
archive-event-06752,learner-002,material_viewed,2026-09-04T12:00:00Z
archive-event-06753,learner-003,activity_submitted,2026-09-05T12:00:00Z
archive-event-06754,learner-004,material_viewed,2026-09-06T12:00:00Z
archive-event-06755,learner-005,activity_submitted,2026-09-07T12:00:00Z
archive-event-06756,learner-006,material_viewed,2026-09-08T12:00:00Z
archive-event-06757,learner-007,activity_submitted,2026-09-09T12:00:00Z
archive-event-06758,learner-008,material_viewed,2026-09-10T12:00:00Z
archive-event-06759,learner-009,activity_submitted,2026-09-11T12:00:00Z
archive-event-06760,learner-010,material_viewed,2026-09-12T12:00:00Z
archive-event-06761,learner-001,activity_submitted,2026-09-13T12:00:00Z
archive-event-06762,learner-002,material_viewed,2026-09-14T12:00:00Z
archive-event-06763,learner-003,activity_submitted,2026-09-15T12:00:00Z
archive-event-06764,learner-004,material_viewed,2026-09-16T12:00:00Z
archive-event-06765,learner-005,activity_submitted,2026-09-17T12:00:00Z
archive-event-06766,learner-006,material_viewed,2026-09-18T12:00:00Z
archive-event-06767,learner-007,activity_submitted,2026-09-19T12:00:00Z
archive-event-06768,learner-008,material_viewed,2026-09-20T12:00:00Z
archive-event-06769,learner-009,activity_submitted,2026-09-21T12:00:00Z
archive-event-06770,learner-010,material_viewed,2026-09-22T12:00:00Z
archive-event-06771,learner-001,activity_submitted,2026-09-23T12:00:00Z
archive-event-06772,learner-002,material_viewed,2026-09-24T12:00:00Z
archive-event-06773,learner-003,activity_submitted,2026-09-25T12:00:00Z
archive-event-06774,learner-004,material_viewed,2026-09-26T12:00:00Z
archive-event-06775,learner-005,activity_submitted,2026-09-27T12:00:00Z
archive-event-06776,learner-006,material_viewed,2026-09-28T12:00:00Z
archive-event-06777,learner-007,activity_submitted,2026-09-01T12:00:00Z
archive-event-06778,learner-008,material_viewed,2026-09-02T12:00:00Z
archive-event-06779,learner-009,activity_submitted,2026-09-03T12:00:00Z
archive-event-06780,learner-010,material_viewed,2026-09-04T12:00:00Z
archive-event-06781,learner-001,activity_submitted,2026-09-05T12:00:00Z
archive-event-06782,learner-002,material_viewed,2026-09-06T12:00:00Z
archive-event-06783,learner-003,activity_submitted,2026-09-07T12:00:00Z
archive-event-06784,learner-004,material_viewed,2026-09-08T12:00:00Z
archive-event-06785,learner-005,activity_submitted,2026-09-09T12:00:00Z
archive-event-06786,learner-006,material_viewed,2026-09-10T12:00:00Z
archive-event-06787,learner-007,activity_submitted,2026-09-11T12:00:00Z
archive-event-06788,learner-008,material_viewed,2026-09-12T12:00:00Z
archive-event-06789,learner-009,activity_submitted,2026-09-13T12:00:00Z
archive-event-06790,learner-010,material_viewed,2026-09-14T12:00:00Z
archive-event-06791,learner-001,activity_submitted,2026-09-15T12:00:00Z
archive-event-06792,learner-002,material_viewed,2026-09-16T12:00:00Z
archive-event-06793,learner-003,activity_submitted,2026-09-17T12:00:00Z
archive-event-06794,learner-004,material_viewed,2026-09-18T12:00:00Z
archive-event-06795,learner-005,activity_submitted,2026-09-19T12:00:00Z
archive-event-06796,learner-006,material_viewed,2026-09-20T12:00:00Z
archive-event-06797,learner-007,activity_submitted,2026-09-21T12:00:00Z
archive-event-06798,learner-008,material_viewed,2026-09-22T12:00:00Z
archive-event-06799,learner-009,activity_submitted,2026-09-23T12:00:00Z
archive-event-06800,learner-010,material_viewed,2026-09-24T12:00:00Z
archive-event-06801,learner-001,activity_submitted,2026-09-25T12:00:00Z
archive-event-06802,learner-002,material_viewed,2026-09-26T12:00:00Z
archive-event-06803,learner-003,activity_submitted,2026-09-27T12:00:00Z
archive-event-06804,learner-004,material_viewed,2026-09-28T12:00:00Z
archive-event-06805,learner-005,activity_submitted,2026-09-01T12:00:00Z
archive-event-06806,learner-006,material_viewed,2026-09-02T12:00:00Z
archive-event-06807,learner-007,activity_submitted,2026-09-03T12:00:00Z
archive-event-06808,learner-008,material_viewed,2026-09-04T12:00:00Z
archive-event-06809,learner-009,activity_submitted,2026-09-05T12:00:00Z
archive-event-06810,learner-010,material_viewed,2026-09-06T12:00:00Z
archive-event-06811,learner-001,activity_submitted,2026-09-07T12:00:00Z
archive-event-06812,learner-002,material_viewed,2026-09-08T12:00:00Z
archive-event-06813,learner-003,activity_submitted,2026-09-09T12:00:00Z
archive-event-06814,learner-004,material_viewed,2026-09-10T12:00:00Z
archive-event-06815,learner-005,activity_submitted,2026-09-11T12:00:00Z
archive-event-06816,learner-006,material_viewed,2026-09-12T12:00:00Z
archive-event-06817,learner-007,activity_submitted,2026-09-13T12:00:00Z
archive-event-06818,learner-008,material_viewed,2026-09-14T12:00:00Z
archive-event-06819,learner-009,activity_submitted,2026-09-15T12:00:00Z
archive-event-06820,learner-010,material_viewed,2026-09-16T12:00:00Z
archive-event-06821,learner-001,activity_submitted,2026-09-17T12:00:00Z
archive-event-06822,learner-002,material_viewed,2026-09-18T12:00:00Z
archive-event-06823,learner-003,activity_submitted,2026-09-19T12:00:00Z
archive-event-06824,learner-004,material_viewed,2026-09-20T12:00:00Z
archive-event-06825,learner-005,activity_submitted,2026-09-21T12:00:00Z
archive-event-06826,learner-006,material_viewed,2026-09-22T12:00:00Z
archive-event-06827,learner-007,activity_submitted,2026-09-23T12:00:00Z
archive-event-06828,learner-008,material_viewed,2026-09-24T12:00:00Z
archive-event-06829,learner-009,activity_submitted,2026-09-25T12:00:00Z
archive-event-06830,learner-010,material_viewed,2026-09-26T12:00:00Z
archive-event-06831,learner-001,activity_submitted,2026-09-27T12:00:00Z
archive-event-06832,learner-002,material_viewed,2026-09-28T12:00:00Z
archive-event-06833,learner-003,activity_submitted,2026-09-01T12:00:00Z
archive-event-06834,learner-004,material_viewed,2026-09-02T12:00:00Z
archive-event-06835,learner-005,activity_submitted,2026-09-03T12:00:00Z
archive-event-06836,learner-006,material_viewed,2026-09-04T12:00:00Z
archive-event-06837,learner-007,activity_submitted,2026-09-05T12:00:00Z
archive-event-06838,learner-008,material_viewed,2026-09-06T12:00:00Z
archive-event-06839,learner-009,activity_submitted,2026-09-07T12:00:00Z
archive-event-06840,learner-010,material_viewed,2026-09-08T12:00:00Z
archive-event-06841,learner-001,activity_submitted,2026-09-09T12:00:00Z
archive-event-06842,learner-002,material_viewed,2026-09-10T12:00:00Z
archive-event-06843,learner-003,activity_submitted,2026-09-11T12:00:00Z
archive-event-06844,learner-004,material_viewed,2026-09-12T12:00:00Z
archive-event-06845,learner-005,activity_submitted,2026-09-13T12:00:00Z
archive-event-06846,learner-006,material_viewed,2026-09-14T12:00:00Z
archive-event-06847,learner-007,activity_submitted,2026-09-15T12:00:00Z
archive-event-06848,learner-008,material_viewed,2026-09-16T12:00:00Z
archive-event-06849,learner-009,activity_submitted,2026-09-17T12:00:00Z
archive-event-06850,learner-010,material_viewed,2026-09-18T12:00:00Z
archive-event-06851,learner-001,activity_submitted,2026-09-19T12:00:00Z
archive-event-06852,learner-002,material_viewed,2026-09-20T12:00:00Z
archive-event-06853,learner-003,activity_submitted,2026-09-21T12:00:00Z
archive-event-06854,learner-004,material_viewed,2026-09-22T12:00:00Z
archive-event-06855,learner-005,activity_submitted,2026-09-23T12:00:00Z
archive-event-06856,learner-006,material_viewed,2026-09-24T12:00:00Z
archive-event-06857,learner-007,activity_submitted,2026-09-25T12:00:00Z
archive-event-06858,learner-008,material_viewed,2026-09-26T12:00:00Z
archive-event-06859,learner-009,activity_submitted,2026-09-27T12:00:00Z
archive-event-06860,learner-010,material_viewed,2026-09-28T12:00:00Z
archive-event-06861,learner-001,activity_submitted,2026-09-01T12:00:00Z
archive-event-06862,learner-002,material_viewed,2026-09-02T12:00:00Z
archive-event-06863,learner-003,activity_submitted,2026-09-03T12:00:00Z
archive-event-06864,learner-004,material_viewed,2026-09-04T12:00:00Z
archive-event-06865,learner-005,activity_submitted,2026-09-05T12:00:00Z
archive-event-06866,learner-006,material_viewed,2026-09-06T12:00:00Z
archive-event-06867,learner-007,activity_submitted,2026-09-07T12:00:00Z
archive-event-06868,learner-008,material_viewed,2026-09-08T12:00:00Z
archive-event-06869,learner-009,activity_submitted,2026-09-09T12:00:00Z
archive-event-06870,learner-010,material_viewed,2026-09-10T12:00:00Z
archive-event-06871,learner-001,activity_submitted,2026-09-11T12:00:00Z
archive-event-06872,learner-002,material_viewed,2026-09-12T12:00:00Z
archive-event-06873,learner-003,activity_submitted,2026-09-13T12:00:00Z
archive-event-06874,learner-004,material_viewed,2026-09-14T12:00:00Z
archive-event-06875,learner-005,activity_submitted,2026-09-15T12:00:00Z
archive-event-06876,learner-006,material_viewed,2026-09-16T12:00:00Z
archive-event-06877,learner-007,activity_submitted,2026-09-17T12:00:00Z
archive-event-06878,learner-008,material_viewed,2026-09-18T12:00:00Z
archive-event-06879,learner-009,activity_submitted,2026-09-19T12:00:00Z
archive-event-06880,learner-010,material_viewed,2026-09-20T12:00:00Z
archive-event-06881,learner-001,activity_submitted,2026-09-21T12:00:00Z
archive-event-06882,learner-002,material_viewed,2026-09-22T12:00:00Z
archive-event-06883,learner-003,activity_submitted,2026-09-23T12:00:00Z
archive-event-06884,learner-004,material_viewed,2026-09-24T12:00:00Z
archive-event-06885,learner-005,activity_submitted,2026-09-25T12:00:00Z
archive-event-06886,learner-006,material_viewed,2026-09-26T12:00:00Z
archive-event-06887,learner-007,activity_submitted,2026-09-27T12:00:00Z
archive-event-06888,learner-008,material_viewed,2026-09-28T12:00:00Z
archive-event-06889,learner-009,activity_submitted,2026-09-01T12:00:00Z
archive-event-06890,learner-010,material_viewed,2026-09-02T12:00:00Z
archive-event-06891,learner-001,activity_submitted,2026-09-03T12:00:00Z
archive-event-06892,learner-002,material_viewed,2026-09-04T12:00:00Z
archive-event-06893,learner-003,activity_submitted,2026-09-05T12:00:00Z
archive-event-06894,learner-004,material_viewed,2026-09-06T12:00:00Z
archive-event-06895,learner-005,activity_submitted,2026-09-07T12:00:00Z
archive-event-06896,learner-006,material_viewed,2026-09-08T12:00:00Z
archive-event-06897,learner-007,activity_submitted,2026-09-09T12:00:00Z
archive-event-06898,learner-008,material_viewed,2026-09-10T12:00:00Z
archive-event-06899,learner-009,activity_submitted,2026-09-11T12:00:00Z
archive-event-06900,learner-010,material_viewed,2026-09-12T12:00:00Z
archive-event-06901,learner-001,activity_submitted,2026-09-13T12:00:00Z
archive-event-06902,learner-002,material_viewed,2026-09-14T12:00:00Z
archive-event-06903,learner-003,activity_submitted,2026-09-15T12:00:00Z
archive-event-06904,learner-004,material_viewed,2026-09-16T12:00:00Z
archive-event-06905,learner-005,activity_submitted,2026-09-17T12:00:00Z
archive-event-06906,learner-006,material_viewed,2026-09-18T12:00:00Z
archive-event-06907,learner-007,activity_submitted,2026-09-19T12:00:00Z
archive-event-06908,learner-008,material_viewed,2026-09-20T12:00:00Z
archive-event-06909,learner-009,activity_submitted,2026-09-21T12:00:00Z
archive-event-06910,learner-010,material_viewed,2026-09-22T12:00:00Z
archive-event-06911,learner-001,activity_submitted,2026-09-23T12:00:00Z
archive-event-06912,learner-002,material_viewed,2026-09-24T12:00:00Z
archive-event-06913,learner-003,activity_submitted,2026-09-25T12:00:00Z
archive-event-06914,learner-004,material_viewed,2026-09-26T12:00:00Z
archive-event-06915,learner-005,activity_submitted,2026-09-27T12:00:00Z
archive-event-06916,learner-006,material_viewed,2026-09-28T12:00:00Z
archive-event-06917,learner-007,activity_submitted,2026-09-01T12:00:00Z
archive-event-06918,learner-008,material_viewed,2026-09-02T12:00:00Z
archive-event-06919,learner-009,activity_submitted,2026-09-03T12:00:00Z
archive-event-06920,learner-010,material_viewed,2026-09-04T12:00:00Z
archive-event-06921,learner-001,activity_submitted,2026-09-05T12:00:00Z
archive-event-06922,learner-002,material_viewed,2026-09-06T12:00:00Z
archive-event-06923,learner-003,activity_submitted,2026-09-07T12:00:00Z
archive-event-06924,learner-004,material_viewed,2026-09-08T12:00:00Z
archive-event-06925,learner-005,activity_submitted,2026-09-09T12:00:00Z
archive-event-06926,learner-006,material_viewed,2026-09-10T12:00:00Z
archive-event-06927,learner-007,activity_submitted,2026-09-11T12:00:00Z
archive-event-06928,learner-008,material_viewed,2026-09-12T12:00:00Z
archive-event-06929,learner-009,activity_submitted,2026-09-13T12:00:00Z
archive-event-06930,learner-010,material_viewed,2026-09-14T12:00:00Z
archive-event-06931,learner-001,activity_submitted,2026-09-15T12:00:00Z
archive-event-06932,learner-002,material_viewed,2026-09-16T12:00:00Z
archive-event-06933,learner-003,activity_submitted,2026-09-17T12:00:00Z
archive-event-06934,learner-004,material_viewed,2026-09-18T12:00:00Z
archive-event-06935,learner-005,activity_submitted,2026-09-19T12:00:00Z
archive-event-06936,learner-006,material_viewed,2026-09-20T12:00:00Z
archive-event-06937,learner-007,activity_submitted,2026-09-21T12:00:00Z
archive-event-06938,learner-008,material_viewed,2026-09-22T12:00:00Z
archive-event-06939,learner-009,activity_submitted,2026-09-23T12:00:00Z
archive-event-06940,learner-010,material_viewed,2026-09-24T12:00:00Z
archive-event-06941,learner-001,activity_submitted,2026-09-25T12:00:00Z
archive-event-06942,learner-002,material_viewed,2026-09-26T12:00:00Z
archive-event-06943,learner-003,activity_submitted,2026-09-27T12:00:00Z
archive-event-06944,learner-004,material_viewed,2026-09-28T12:00:00Z
archive-event-06945,learner-005,activity_submitted,2026-09-01T12:00:00Z
archive-event-06946,learner-006,material_viewed,2026-09-02T12:00:00Z
archive-event-06947,learner-007,activity_submitted,2026-09-03T12:00:00Z
archive-event-06948,learner-008,material_viewed,2026-09-04T12:00:00Z
archive-event-06949,learner-009,activity_submitted,2026-09-05T12:00:00Z
archive-event-06950,learner-010,material_viewed,2026-09-06T12:00:00Z
archive-event-06951,learner-001,activity_submitted,2026-09-07T12:00:00Z
archive-event-06952,learner-002,material_viewed,2026-09-08T12:00:00Z
archive-event-06953,learner-003,activity_submitted,2026-09-09T12:00:00Z
archive-event-06954,learner-004,material_viewed,2026-09-10T12:00:00Z
archive-event-06955,learner-005,activity_submitted,2026-09-11T12:00:00Z
archive-event-06956,learner-006,material_viewed,2026-09-12T12:00:00Z
archive-event-06957,learner-007,activity_submitted,2026-09-13T12:00:00Z
archive-event-06958,learner-008,material_viewed,2026-09-14T12:00:00Z
archive-event-06959,learner-009,activity_submitted,2026-09-15T12:00:00Z
archive-event-06960,learner-010,material_viewed,2026-09-16T12:00:00Z
archive-event-06961,learner-001,activity_submitted,2026-09-17T12:00:00Z
archive-event-06962,learner-002,material_viewed,2026-09-18T12:00:00Z
archive-event-06963,learner-003,activity_submitted,2026-09-19T12:00:00Z
archive-event-06964,learner-004,material_viewed,2026-09-20T12:00:00Z
archive-event-06965,learner-005,activity_submitted,2026-09-21T12:00:00Z
archive-event-06966,learner-006,material_viewed,2026-09-22T12:00:00Z
archive-event-06967,learner-007,activity_submitted,2026-09-23T12:00:00Z
archive-event-06968,learner-008,material_viewed,2026-09-24T12:00:00Z
archive-event-06969,learner-009,activity_submitted,2026-09-25T12:00:00Z
archive-event-06970,learner-010,material_viewed,2026-09-26T12:00:00Z
archive-event-06971,learner-001,activity_submitted,2026-09-27T12:00:00Z
archive-event-06972,learner-002,material_viewed,2026-09-28T12:00:00Z
archive-event-06973,learner-003,activity_submitted,2026-09-01T12:00:00Z
archive-event-06974,learner-004,material_viewed,2026-09-02T12:00:00Z
archive-event-06975,learner-005,activity_submitted,2026-09-03T12:00:00Z
archive-event-06976,learner-006,material_viewed,2026-09-04T12:00:00Z
archive-event-06977,learner-007,activity_submitted,2026-09-05T12:00:00Z
archive-event-06978,learner-008,material_viewed,2026-09-06T12:00:00Z
archive-event-06979,learner-009,activity_submitted,2026-09-07T12:00:00Z
archive-event-06980,learner-010,material_viewed,2026-09-08T12:00:00Z
archive-event-06981,learner-001,activity_submitted,2026-09-09T12:00:00Z
archive-event-06982,learner-002,material_viewed,2026-09-10T12:00:00Z
archive-event-06983,learner-003,activity_submitted,2026-09-11T12:00:00Z
archive-event-06984,learner-004,material_viewed,2026-09-12T12:00:00Z
archive-event-06985,learner-005,activity_submitted,2026-09-13T12:00:00Z
archive-event-06986,learner-006,material_viewed,2026-09-14T12:00:00Z
archive-event-06987,learner-007,activity_submitted,2026-09-15T12:00:00Z
archive-event-06988,learner-008,material_viewed,2026-09-16T12:00:00Z
archive-event-06989,learner-009,activity_submitted,2026-09-17T12:00:00Z
archive-event-06990,learner-010,material_viewed,2026-09-18T12:00:00Z
archive-event-06991,learner-001,activity_submitted,2026-09-19T12:00:00Z
archive-event-06992,learner-002,material_viewed,2026-09-20T12:00:00Z
archive-event-06993,learner-003,activity_submitted,2026-09-21T12:00:00Z
archive-event-06994,learner-004,material_viewed,2026-09-22T12:00:00Z
archive-event-06995,learner-005,activity_submitted,2026-09-23T12:00:00Z
archive-event-06996,learner-006,material_viewed,2026-09-24T12:00:00Z
archive-event-06997,learner-007,activity_submitted,2026-09-25T12:00:00Z
archive-event-06998,learner-008,material_viewed,2026-09-26T12:00:00Z
archive-event-06999,learner-009,activity_submitted,2026-09-27T12:00:00Z
archive-event-07000,learner-010,material_viewed,2026-09-28T12:00:00Z
